0.00000
0.00000
0.00000
0.00000
0.00000
0.00000
0.00000
0.00000
0.00000
0.00000
0.00000
0.00000
0.00000
0.00000
0.00000
0.00000
0.00000
0.00000
0.00000
0.00000
0.00000
0.00000
0.00000
0.00000
0.00000
0.00000
0.00000
0.00000
0.00000
0.00000
0.00000
0.00000
0.00000
0.00000
0.00000
0.00000
0.00000
0.00000
0.00000
0.00000
0.00000
0.00000
0.00000
0.00000
0.00000
0.00000
0.00000
0.00000
0.00000
0.00000
0.00000
0.00000
0.00000
0.00000
0.00000
0.00000
0.00000
0.00000
0.00000
0.00000
0.00000
0.00000
0.00000
0.00000
0.00000
0.00000
0.00000
0.00000
0.00000
0.00000
0.00000
0.00000
0.00000
0.00000
0.00000
0.00000
0.00000
0.00000
0.00000
0.00000
0.00000
0.00000
0.00000
0.00000
0.00000
0.00000
0.00000
0.00000
0.00000
0.00000
0.00000
0.00000
0.00000
0.00000
0.00000
0.00000
0.00000
0.00000
0.00000
0.00000
0.00000
0.00000
0.00000
0.00000
0.00000
0.00000
0.00000
0.00000
0.00000
0.00000
0.00000
0.00000
0.00000
0.00000
0.00000
0.00000
0.00000
0.00000
0.00000
0.00000
0.00000
0.00000
0.00000
0.00000
0.00000
0.00000
0.00000
0.00000
0.00000
0.00000
0.00000
0.00000
0.00000
0.00000
0.00000
0.00000
0.00000
0.00000
0.00000
0.00000
0.00000
0.00000
0.00000
0.00000
0.00000
0.00000
0.00000
0.00000
0.00000
0.00000
0.00000
0.00000
0.00000
0.00000
0.00000
0.00000
0.00000
0.00000
0.00000
0.00000
0.00000
0.00000
0.00000
0.00000
0.00000
0.00000
0.00000
0.00000
0.00000
0.00000
0.00000
0.00000
0.00000
0.00000
0.00000
0.00000
0.00000
0.00000
0.00000
0.00000
0.00000
0.00000
0.00000
0.00000
0.00000
0.00000
0.00000
0.00000
0.00000
0.00000
0.00000
0.00000
0.00000
0.00000
0.00000
0.00000
0.00000
0.00000
0.00000
0.00000
0.00000
0.00000
0.00000
0.00000
0.00000
0.00000
0.00000
0.00000
0.00000
0.00000
0.00000
0.00000
0.00000
0.00000
0.00000
0.00000
0.00000
0.00000
0.00000
0.00000
0.00000
0.00000
0.00000
0.00000
0.00000
0.00000
0.00000
0.00000
0.00000
0.00000
0.00000
0.00000
0.00000
0.00000
0.00000
0.00000
0.00000
0.00000
0.00000
0.00000
0.00000
0.00000
0.00000
0.00000
0.00000
0.00000
0.00000
0.00000
0.00000
0.00000
0.00000
0.00000
0.00000
0.00000
0.00000
0.00000
0.00000
0.00000
0.00000
0.00000
0.00000
0.00000
0.00000
0.00000
0.00000
0.00000
0.00000
0.00000
0.00000
0.00000
0.00000
0.00000
0.00000
0.00000
0.00000
0.00000
0.00000
0.00000
0.00000
0.00000
0.00000
0.00000
0.00000
0.00000
0.00000
0.00000
0.00000
0.00000
0.00000
0.00000
0.00000
0.00000
0.00000
0.00000
0.00000
0.00000
0.00000
0.00000
0.00000
0.00000
0.00000
0.00000
0.00000
0.00000
0.00000
0.00000
0.00000
0.00000
0.00000
0.00000
0.00000
0.00000
0.00000
0.00000
0.00000
0.00000
0.00000
0.00000
0.00000
0.00000
0.00000
0.00000
0.00000
0.00000
0.00000
0.00000
0.00000
0.00000
0.00000
0.00000
0.00000
0.00000
0.00000
0.00000
0.00000
0.00000
0.00000
0.00000
0.00000
0.00000
0.00000
0.00000
0.00000
0.00000
0.00000
0.00000
0.00000
0.00000
0.00000
0.00000
0.00000
0.00000
0.00000
0.00000
0.00000
0.00000
0.00000
0.00000
0.00000
0.00000
0.00000
0.00000
0.00000
0.00000
0.00000
0.00000
0.00000
0.00000
0.00000
0.00000
0.00000
0.00000
0.00000
0.00000
0.00000
0.00000
0.00000
0.00000
0.00000
0.00000
0.00000
0.00000
0.00000
0.00000
0.00000
0.00000
0.00000
0.00000
0.00000
0.00000
0.00000
0.00000
0.00000
0.00000
0.00000
0.00000
0.00000
0.00000
0.00000
0.00000
0.00000
0.00000
0.00000
0.00000
0.00000
0.00000
0.00000
0.00000
0.00000
0.00000
0.00000
0.00000
0.00000
0.00000
0.00000
0.00000
0.00000
0.00000
0.00000
0.00000
0.00000
0.00000
0.00000
0.00000
0.00000
0.00000
0.00000
0.00000
0.00000
0.00000
0.00000
0.00000
0.00000
0.00000
0.00000
0.00000
0.00000
0.00000
0.00000
0.00000
0.00000
0.00000
0.00000
0.00000
0.00000
0.00000
0.00000
0.00000
0.00000
0.00000
0.00000
0.00000
0.00000
0.00000
0.00000
0.00000
0.00000
0.00000
0.00000
0.00000
0.00000
0.00000
0.00000
0.00000
0.00000
0.00000
0.00000
0.00000
0.00000
0.00000
0.00000
0.00000
0.00000
0.00000
0.00000
0.00000
0.00000
0.00000
0.00000
0.00000
0.00000
0.00000
0.00000
0.00000
0.00000
0.00000
0.00000
0.00000
0.00000
0.00000
0.00000
0.00000
0.00000
0.00000
0.00000
0.00000
0.00000
0.00000
0.00000
0.00000
0.00000
0.00000
0.00000
0.00000
0.00000
0.00000
0.00000
0.00000
0.00000
0.00000
0.00000
0.00000
0.00000
0.00000
0.00000
0.00000
0.00000
0.00000
0.00000
0.00000
0.00000
0.00000
0.00000
0.00000
0.00000
0.00000
0.00000
0.00000
0.00000
0.00000
0.00000
0.00000
0.00000
0.00000
0.00000
0.00000
0.00000
0.00000
0.00000
0.00000
0.00000
0.00000
0.00000
0.00000
0.00000
0.00000
0.00000
0.00000
0.00000
0.00000
0.00000
0.00000
0.00000
0.00000
0.00000
0.00000
0.00000
0.00000
0.00000
0.00000
0.00000
0.00000
0.00000
0.00000
0.00000
0.00000
0.00000
0.00000
0.00000
0.00000
0.00000
0.00000
0.00000
0.00000
0.00000
0.00000
0.00000
0.00000
0.00000
0.00000
0.00000
0.00000
0.00000
0.00000
0.00000
0.00000
0.00000
0.00000
0.00000
0.00000
0.00000
0.00000
0.00000
0.00000
0.00000
0.00000
0.00000
0.00000
0.00000
0.00000
0.00000
0.00000
0.00000
0.00000
0.00000
0.00000
0.00000
0.00000
0.00000
0.00000
0.00000
0.00000
0.00000
0.00000
0.00000
0.00000
0.00000
0.00000
0.00000
0.00000
0.00000
0.00000
0.00000
0.00000
0.00000
0.00000
0.00000
0.00000
0.00000
0.00000
0.00000
0.00000
0.00000
0.00000
0.00000
0.00000
0.00000
0.00000
0.00000
0.00000
0.00000
0.00000
0.00000
0.00000
0.00000
0.00000
0.00000
0.00000
0.00000
0.00000
0.00000
0.00000
0.00000
0.00000
0.00000
0.00000
0.00000
0.00000
0.00000
0.00000
0.00000
0.00000
0.00000
0.00000
0.00000
0.00000
0.00000
0.00000
0.00000
0.00000
0.00000
0.00000
0.00000
0.00000
0.00000
0.00000
0.00000
0.00000
0.00000
0.00000
0.00000
0.00000
0.00000
0.00000
0.00000
0.00000
0.00000
0.00000
0.00000
0.00000
0.00000
0.00000
0.00000
0.00000
0.00000
0.00000
0.00000
0.00000
0.00000
0.00000
0.00000
0.00000
0.00000
0.00000
0.00000
0.00000
0.00000
0.00000
0.00000
0.00000
0.00000
0.00000
0.00000
0.00000
0.00000
0.00000
0.00000
0.00000
0.00000
0.00000
0.00000
0.00000
0.00000
0.00000
0.00000
0.00000
0.00000
0.00000
0.00000
0.00000
0.00000
0.00000
0.00000
0.00000
0.00000
0.00000
0.00000
0.00000
0.00000
0.00000
0.00000
0.00000
0.00000
0.00000
0.00000
0.00000
0.00000
0.00000
0.00000
0.00000
0.00000
0.00000
0.00000
0.00000
0.00000
0.00000
0.00000
0.00000
0.00000
0.00000
0.00000
0.00000
0.00000
0.00000
0.00000
0.00000
0.00000
0.00000
0.00000
0.00000
0.00000
0.00000
0.00000
0.00000
0.00000
0.00000
0.00000
0.00000
0.00000
0.00000
0.00000
0.00000
0.00000
0.00000
0.00000
0.00000
0.00000
0.00000
0.00000
0.00000
0.00000
0.00000
0.00000
0.00000
0.00000
0.00000
0.00000
0.00000
0.00000
0.00000
0.00000
0.00000
0.00000
0.00000
0.00000
0.00000
0.00000
0.00000
0.00000
0.00000
0.00000
0.00000
0.00000
0.00000
0.00000
0.00000
0.00000
0.00000
0.00000
0.00000
0.00000
0.00000
0.00000
0.00000
0.00000
0.00000
0.00000
0.00000
0.00000
0.00000
0.00000
0.00000
0.00000
0.00000
0.00000
0.00000
0.00000
0.00000
0.00000
0.00000
0.00000
0.00000
0.00000
0.00000
0.00000
0.00000
0.00000
0.00000
0.00000
0.00000
0.00000
0.00000
0.00000
0.00000
0.00000
0.00000
0.00000
0.00000
0.00000
0.00000
0.00000
0.00000
0.00000
0.00000
0.00000
0.00000
0.00000
0.00000
0.00000
0.00000
0.00000
0.00000
0.00000
0.00000
0.00000
0.00000
0.00000
0.00000
0.00000
0.00000
0.00000
0.00000
0.00000
0.00000
0.00000
0.00000
0.00000
0.00000
0.00000
0.00000
0.00000
0.00000
0.00000
0.00000
0.00000
0.00000
0.00000
0.00000
0.00000
0.00000
0.00000
0.00000
0.00000
0.00000
0.00000
0.00000
0.00000
0.00000
0.00000
0.00000
0.00000
0.00000
0.00000
0.00000
0.00000
0.00000
0.00000
0.00000
0.00000
0.00000
0.00000
0.00000
0.00000
0.00000
0.00000
0.00000
0.00000
0.00000
0.00000
0.00000
0.00000
0.00000
0.00000
0.00000
0.00000
0.00000
0.00000
0.00000
0.00000
0.00000
0.00000
0.00000
0.00000
0.00000
0.00000
0.00000
0.00000
0.00000
0.00000
0.00000
0.00000
0.00000
0.00000
0.00000
0.00000
0.00000
0.00000
0.00000
0.00000
0.00000
0.00000
0.00000
0.00000
0.00000
0.00000
0.00000
0.00000
0.00000
0.00000
0.00000
0.00000
0.00000
0.00000
0.00000
0.00000
0.00000
0.00000
0.00000
0.00000
0.00000
0.00000
0.00000
0.00000
0.00000
0.00000
0.00000
0.00000
0.00000
0.00000
0.00000
0.00000
0.00000
0.00000
0.00000
0.00000
0.00000
0.00000
0.00000
0.00000
0.00000
0.00000
0.00000
0.00000
0.00000
0.00000
0.00000
0.00000
0.00000
0.00000
0.00000
0.00000
0.00000
0.00000
0.00000
0.00000
0.00000
0.00000
0.00000
0.00000
0.00000
0.00000
0.00000
0.00000
0.00000
0.00000
0.00000
0.00000
0.00000
0.00000
0.00000
0.00000
0.00000
0.00000
0.00000
0.00000
0.00000
0.00000
0.00000
0.00000
0.00000
0.00000
0.00000
0.00000
0.00000
0.00000
0.00000
0.00000
0.00000
0.00000
0.00000
0.00000
0.00000
0.00000
0.00000
0.00000
0.00000
0.00000
0.00000
0.00000
0.00000
0.00000
0.00000
0.00000
0.00000
0.00000
0.00000
0.00000
0.00000
0.00000
0.00000
0.00000
0.00000
0.00000
0.00000
0.00000
0.00000
0.00000
0.00000
0.00000
0.00000
0.00000
0.00000
0.00000
0.00000
0.00000
0.00000
0.00000
0.00000
0.00000
0.00000
0.00000
0.00000
0.00000
0.00000
0.00000
0.00000
0.00000
0.00000
0.00000
0.00000
0.00000
0.00000
0.00000
0.00000
0.00000
0.00000
0.00000
0.00000
0.00000
0.00000
0.00000
0.00000
0.00000
0.00000
0.00000
0.00000
0.00000
0.00000
0.00000
0.00000
0.00000
0.00000
0.00000
0.00000
0.00000
0.00000
0.00000
0.00000
0.00000
0.00000
0.00000
0.00000
0.00000
0.00000
0.00000
0.00000
0.00000
0.00000
0.00000
0.00000
0.00000
0.00000
0.00000
0.01054
0.01054
0.08516
0.26581
0.56606
0.98145
1.49564
2.08783
2.74540
3.45604
4.21526
5.01170
5.84539
6.71040
7.60132
8.51347
9.44777
10.39738
11.36473
12.34505
13.33463
14.32303
15.30329
16.27397
17.23798
18.19778
19.15712
20.11735
21.08344
22.05053
23.02050
23.99457
24.97240
25.95411
26.94100
27.92365
28.91467
29.90727
30.90118
31.89549
32.89104
33.88695
34.88582
35.88333
36.88092
37.87891
38.87697
39.87587
40.87531
41.87479
42.87712
43.87623
44.87646
45.87618
46.87539
47.87430
48.87339
49.87356
50.87505
51.87420
52.87371
53.87331
54.87345
55.87371
56.87437
57.87459
58.87603
59.87511
60.87558
61.87676
62.87843
63.87955
64.88016
65.88037
66.88335
67.88238
68.88234
69.88168
70.88164
71.88143
72.88069
73.87993
74.88184
75.88100
76.88009
77.87978
78.87881
79.87794
80.87637
81.87600
82.87698
83.87589
84.87540
85.87444
86.87344
87.87316
88.87233
89.87153
90.87277
91.87193
92.87126
93.87067
94.86992
95.86953
96.86446
97.85651
98.85051
99.84196
100.83442
101.82791
102.80828
103.78334
104.75922
105.73334
106.71177
107.66616
107.66616
108.58531
109.46069
110.28603
111.03553
111.67092
112.18799
112.58841
112.87224
113.04869
113.07662
112.92927
112.63817
112.23410
111.74381
111.18964
110.59333
109.95576
109.29219
108.63044
107.98626
107.35547
106.72608
106.09774
105.48201
104.93675
104.49319
104.15021
103.90043
103.90043
103.73080
103.62995
103.59494
103.62432
103.74894
103.98592
104.30995
104.70027
105.15242
105.66881
106.24699
106.86017
107.50691
108.15507
108.78401
109.38210
109.97030
110.54757
111.06052
111.48766
111.83252
112.11011
112.32920
112.49049
112.59319
112.59157
112.46073
112.22666
111.91146
111.52853
111.07891
110.56585
110.00805
109.41308
108.80600
108.20458
107.58830
106.95420
106.30842
105.71900
105.21870
104.81234
104.49600
104.25831
104.08539
103.97518
103.92898
103.98293
104.15591
104.42173
104.76084
105.16827
105.64576
106.18539
106.77122
107.39471
108.02498
108.64116
109.23625
109.82489
110.41013
110.93323
111.37313
111.73029
112.01991
112.25181
112.42716
112.54431
112.55718
112.43958
112.21580
111.90998
111.53737
111.09729
110.58860
110.03539
109.44426
108.84012
108.23618
107.62023
106.98838
106.34413
105.75427
105.25701
104.85022
104.52546
104.28807
104.11510
104.00477
103.95694
104.00952
104.18812
104.45912
104.80203
105.21427
105.69288
106.23487
106.82246
107.44906
108.07732
108.69335
109.28833
109.87485
110.45848
110.97966
111.41796
111.77244
112.05985
112.29012
112.46381
112.57767
112.58711
112.46750
112.24314
111.93692
111.56379
111.12008
110.61173
110.05680
109.46273
108.85582
108.25064
107.62822
106.99432
106.34995
105.76143
105.26161
104.85366
104.53579
104.29606
104.12137
104.00960
103.96035
104.01124
104.18274
104.44859
104.78702
105.19479
105.67252
106.21206
106.80093
107.42871
108.06404
108.68453
109.28093
109.86796
110.45295
110.97196
111.40944
111.76378
112.05189
112.28274
112.45698
112.57127
112.58102
112.46176
112.23773
111.93252
111.55957
111.11566
110.60769
110.05288
109.45875
108.85342
108.24962
107.62921
106.99507
106.35062
105.76188
105.26207
104.85467
104.53766
104.29829
104.12383
104.01180
103.96231
104.01314
104.18431
104.45061
104.78846
105.19550
105.67183
106.21325
106.80148
107.42887
108.06378
108.68510
109.28062
109.86722
110.45043
110.97175
111.40880
111.76288
112.05027
112.28158
112.45577
112.57002
112.57966
112.46027
112.23622
111.93114
111.55816
111.11343
110.60497
110.04951
109.45550
108.84911
108.24425
107.62823
106.99603
106.35088
105.68741
104.91607
104.08561
103.22415
103.22415
102.34827
101.46866
100.58861
99.70597
98.82406
97.94093
97.05701
96.17167
95.28655
94.40073
93.51441
92.62675
91.74079
90.85478
89.96882
89.08249
88.19625
87.30939
86.42233
85.53299
84.64993
83.76315
82.87576
81.98862
81.10176
80.21515
79.33085
78.44495
77.56416
76.67752
75.78964
74.90001
74.00826
73.11653
72.22407
71.32868
70.43862
69.54410
68.64908
67.75373
66.85803
65.96147
65.06539
64.16755
63.27566
62.37944
61.48301
60.58754
59.69176
58.79521
57.89920
57.00154
56.11120
55.22329
54.33656
53.44973
52.56282
51.67730
50.79138
49.90390
49.01760
48.13023
47.24340
46.35656
45.46947
44.58264
43.69516
42.80636
41.92322
41.03630
40.14823
39.26518
38.38230
37.49827
36.61135
35.72207
34.83374
33.94327
33.05178
32.15930
31.26632
30.37279
29.47784
28.58139
27.68727
26.79207
25.89679
25.00063
24.10519
23.20884
22.31330
21.41440
20.52194
19.62526
18.72792
17.83135
16.93558
16.04001
15.14982
14.26110
13.37589
12.49085
11.60560
10.72088
9.83536
8.94946
8.06291
7.17526
6.28923
5.40261
4.51565
3.62876
2.74220
1.85523
0.96835
0.07920
-0.80360
-1.68708
-2.57069
-3.45452
-4.34144
-5.22856
-6.11724
-7.01006
-7.89729
-8.78916
-9.68242
-10.57582
-11.47072
-12.36553
-13.26030
-14.15832
-15.05017
-15.94612
-16.84242
-17.73915
-18.63601
-19.53302
-20.42428
-21.31504
-22.19724
-23.08211
-23.96877
-24.85468
-25.74041
-26.62609
-27.55396
-28.52303
-29.46042
-30.31644
-31.05604
-31.65837
-32.11219
-32.42649
-32.69949
-33.09533
-33.66628
-34.36832
-35.14090
-36.03643
-36.89469
-37.76906
-38.66949
-39.58777
-40.43790
-41.16842
-41.72393
-42.06718
-42.18177
-42.10842
-41.90367
-41.59115
-41.19851
-40.74506
-40.24319
-39.70045
-39.12150
-38.50704
-37.84720
-37.14217
-36.39901
-35.62211
-34.80807
-33.97549
-33.15715
-32.35836
-31.58889
-30.85886
-30.17178
-29.50088
-28.85331
-28.28682
-27.84134
-27.51670
-27.30604
-27.20017
-27.18777
-27.25387
-27.41543
-27.68419
-28.03865
-28.45941
-28.93714
-29.47336
-30.06617
-30.68178
-31.30671
-31.92335
-32.54974
-33.18442
-33.80950
-34.42436
-34.97176
-35.43361
-35.80852
-36.10149
-36.33908
-36.52271
-36.64865
-36.66452
-36.54073
-36.30355
-35.97792
-35.58582
-35.13223
-34.61733
-34.03089
-33.41334
-32.77505
-32.13588
-31.51376
-30.89965
-30.26747
-29.62827
-28.99684
-28.43768
-27.99311
-27.65991
-27.43122
-27.29835
-27.25113
-27.30898
-27.48038
-27.73969
-28.07825
-28.49782
-28.99072
-29.53944
-30.13898
-30.77038
-31.42657
-32.11101
-32.74263
-33.38603
-34.01484
-34.65204
-35.22976
-35.71876
-36.11300
-36.41675
-36.63679
-36.78611
-36.82644
-36.73874
-36.54929
-36.27665
-35.92739
-35.50912
-35.02421
-34.47383
-33.88574
-33.26714
-32.64359
-32.03143
-31.39404
-30.73687
-30.08707
-29.49638
-28.99962
-28.59920
-28.29337
-28.07649
-27.93486
-27.86322
-27.89473
-28.04082
-28.27403
-28.57703
-28.95713
-29.41311
-29.93947
-30.52660
-31.14413
-31.78467
-32.42384
-33.04870
-33.65250
-34.24782
-34.78797
-35.24953
-35.62868
-35.93856
-36.19229
-36.38850
-36.52599
-36.60906
-36.64204
-36.54558
-36.25507
-35.80070
-35.22552
-34.57873
-33.91360
-33.28463
-32.72993
-32.26982
-31.91401
-31.65169
-31.46787
-31.34763
-31.28566
-31.27851
-31.32028
-31.40301
-31.51874
-31.65962
-31.81615
-31.97837
-32.14096
-32.29567
-32.43522
-32.55398
-32.64820
-32.71207
-32.73956
-32.72963
-32.68391
-32.60690
-32.50351
-32.37698
-32.22972
-32.06484
-31.88473
-31.68987
-31.48289
-31.26580
-31.04104
-30.80861
-30.57167
-30.32656
-30.07550
-29.81998
-29.56003
-29.29935
-29.03834
-28.77663
-28.51663
-28.25527
-27.99425
-27.73329
-27.47250
-27.21194
-26.95135
-26.69038
-26.43063
-26.16962
-25.90903
-25.64837
-25.38748
-25.12700
-24.86645
-24.60509
-24.34573
-24.08824
-23.83439
-23.58362
-23.33465
-23.08707
-22.84070
-22.59440
-22.35012
-22.10533
-21.86089
-21.61711
-21.37370
-21.13044
-20.88752
-20.64440
-20.40185
-20.15922
-19.91660
-19.67429
-19.43171
-19.18919
-18.94684
-18.70382
-18.46161
-18.21925
-17.97675
-17.73417
-17.49168
-17.24922
-17.00677
-16.76380
-16.52105
-16.27828
-16.03559
-15.79271
-15.54988
-15.30706
-15.06365
-14.81720
-14.56314
-14.29214
-14.00543
-13.70188
-13.42334
-13.20423
-13.04049
-12.92964
-12.92952
-13.08658
-13.37792
-13.78249
-14.27957
-14.85160
-15.49966
-16.21210
-16.94407
-17.67399
-18.37540
-19.04397
-19.66850
-20.25066
-20.80067
-21.27242
-21.63952
-21.90815
-22.08638
-22.18671
-22.21545
-22.17400
-22.06214
-21.87748
-21.61435
-21.26183
-20.84145
-20.36862
-19.83727
-19.24837
-18.61078
-17.93095
-17.24454
-16.55407
-15.88135
-15.23982
-14.62781
-14.03590
-13.46402
-12.96184
-12.55324
-12.23305
-11.99409
-11.82193
-11.71477
-11.67361
-11.69784
-11.81929
-12.05595
-12.38524
-12.78330
-13.23747
-13.75034
-14.32307
-14.94724
-15.59214
-16.24667
-16.89175
-17.52219
-18.15492
-18.78572
-19.41231
-19.97114
-20.43312
-20.79870
-21.07705
-21.27627
-21.40758
-21.47244
-21.47052
-21.37158
-21.15904
-20.85812
-20.48899
-20.05293
-19.55288
-18.99058
-18.37596
-17.73442
-17.07471
-16.41905
-15.78535
-15.16987
-14.56378
-13.96842
-13.43674
-12.99127
-12.63035
-12.35011
-12.13414
-11.98004
-11.88888
-11.86242
-11.93597
-12.12981
-12.41955
-12.78197
-13.20618
-13.69343
-14.24052
-14.84100
-15.46628
-16.10773
-16.74552
-17.37539
-18.00970
-18.64845
-19.28752
-19.91451
-20.47095
-20.92461
-21.27679
-21.52976
-21.69444
-21.78072
-21.79424
-21.73696
-21.58592
-21.32938
-20.99060
-20.59269
-20.12871
-19.59843
-19.00648
-18.36597
-17.68502
-16.99422
-16.30190
-15.63481
-14.99674
-14.39406
-13.81466
-13.25806
-12.77280
-12.37946
-12.07390
-11.84876
-11.69174
-11.60029
-11.57463
-11.61522
-11.75732
-12.01949
-12.37065
-12.78217
-13.25413
-13.78514
-14.37430
-15.01266
-15.66656
-16.33124
-16.98751
-17.62289
-18.25430
-18.88552
-19.51340
-20.12703
-20.66780
-21.10369
-21.43673
-21.67194
-21.81907
-21.88770
-21.88248
-21.80540
-21.63604
-21.36451
-21.01376
-20.60177
-20.12379
-19.58055
-18.97783
-18.32680
-17.65824
-16.98230
-16.31711
-15.68075
-15.05843
-14.44694
-13.85148
-13.31824
-12.87766
-12.51816
-12.24751
-12.04544
-11.90613
-11.83064
-11.81996
-11.90861
-12.11654
-12.41904
-12.79476
-13.22960
-13.72513
-14.27934
-14.88603
-15.51603
-16.15921
-16.79543
-17.42286
-18.07067
-18.70335
-19.33885
-19.95740
-20.50543
-20.95118
-21.29586
-21.54515
-21.70750
-21.79028
-21.80107
-21.74122
-21.58800
-21.32935
-20.98963
-20.58738
-20.12124
-19.60107
-19.02339
-18.39720
-17.75225
-17.10270
-16.46737
-15.85843
-15.25681
-14.65774
-14.11959
-13.66539
-13.29567
-12.99976
-12.76379
-12.58499
-12.46510
-12.45103
-12.56837
-12.79120
-13.09698
-13.46913
-13.90840
-14.41683
-14.96641
-15.55502
-16.15479
-16.75355
-17.36953
-18.00338
-18.64929
-19.24079
-19.74015
-20.14798
-20.46423
-20.69567
-20.85873
-20.95514
-20.98959
-20.91217
-20.69557
-20.37272
-19.97094
-19.51395
-18.98807
-18.39212
-17.73115
-17.01223
-16.24587
-15.42715
-14.57064
-13.67937
-12.75846
-11.81291
-10.84743
-9.86502
-8.89312
-7.92465
-6.96589
-6.02042
-5.08332
-4.15194
-3.22550
-2.29628
-1.36994
-0.43560
0.49684
1.43022
2.36614
3.30411
4.23856
5.17425
6.10854
7.04458
7.98162
8.90836
9.82871
10.74160
11.65299
12.56557
13.46816
14.36721
15.24657
16.09703
16.91183
17.66104
18.29871
18.81228
19.19705
19.45789
19.60083
19.59783
19.43425
19.14350
18.75504
18.29418
17.78307
17.23014
16.63181
16.01144
15.38218
14.76433
14.16103
13.55464
12.95267
12.35463
11.82233
11.37948
11.02421
10.74865
10.53962
10.39236
10.35219
10.44139
10.63456
10.90839
11.25703
11.67781
12.16932
12.71051
13.29206
13.88887
14.48954
15.11076
15.75446
16.41307
17.07388
17.67419
18.17258
18.57084
18.86903
19.07324
19.19477
19.20609
19.09322
18.88274
18.59525
18.22846
17.78420
17.26778
16.68710
16.07240
15.43147
14.78761
14.16134
13.54662
12.93230
12.37187
11.89028
11.49159
11.16767
10.90485
10.69989
10.55243
10.51258
10.60590
10.80629
11.09070
11.44472
11.87305
12.36837
12.90993
13.48945
14.08068
14.67805
15.29637
15.92933
16.57544
17.22057
17.80436
18.28822
18.66934
18.95145
19.14141
19.24967
19.25035
19.12877
18.91233
18.61860
18.24617
17.79305
17.26838
16.68409
16.06461
15.42029
14.77376
14.14292
13.52189
12.90412
12.34083
11.85665
11.45439
11.13458
10.87365
10.66910
10.52434
10.48732
10.58199
10.78220
11.06563
11.41803
11.84540
12.34104
12.88248
13.46159
14.05289
14.65063
15.26914
15.90560
16.55709
17.20852
17.79484
18.28140
18.66540
18.94976
19.14144
19.25030
19.25146
19.13179
18.91647
18.62387
18.25205
17.80249
17.27957
16.69665
16.07849
15.43490
14.79033
14.16044
13.53953
12.92140
12.35692
11.87357
11.47252
11.14832
10.88562
10.68003
10.53440
10.49628
10.58964
10.78952
11.07270
11.42682
11.85484
12.35105
12.89326
13.47320
14.06592
14.66146
15.27996
15.91852
16.56522
17.21373
17.79797
18.28284
18.66577
18.94801
19.13927
19.24932
19.25147
19.13260
18.91908
18.62919
18.25941
17.81203
17.28987
16.70771
16.09170
15.44797
14.80315
14.17321
13.54844
12.93075
12.35727
11.87546
11.47616
11.15248
10.89025
10.68502
10.53957
10.50220
10.59938
10.80300
11.08944
11.44717
11.87865
12.37824
12.92511
13.50460
14.09839
14.69235
15.30425
15.93530
16.57922
17.22871
17.81429
18.29557
18.67731
18.95796
19.14584
19.25216
19.24989
19.12598
18.90671
18.61064
18.23568
17.78354
17.26018
16.67275
16.05468
15.40940
14.76155
14.13348
13.51690
12.90023
12.26863
11.71303
11.29601
11.04348
10.96760
11.06461
11.31542
11.68238
12.12414
12.60768
13.14686
13.75113
14.42298
15.15453
15.93969
16.76947
17.63733
18.54162
19.47896
20.44479
21.42069
22.38536
23.34140
24.28853
25.22816
26.16660
27.09543
28.01963
28.94413
29.86407
30.78964
31.72234
32.66367
33.61209
34.56720
35.52289
36.48327
37.44501
38.41056
39.37927
40.35080
41.32534
42.30100
43.27940
44.25657
45.23519
46.21501
47.19564
48.17740
49.15870
50.14006
51.12198
52.10580
53.08729
54.06954
55.05195
56.03406
57.01750
58.00074
58.98347
59.96884
60.95159
61.93567
62.91852
63.90156
64.87963
65.85642
66.83417
67.81371
68.79290
69.77226
70.75431
71.73878
72.72373
73.70896
74.69542
75.68350
76.66594
77.65303
78.63950
79.62656
80.61472
81.60152
82.58809
83.57762
84.55531
85.53435
86.49894
87.44958
88.40138
89.35299
90.30527
91.24868
92.17566
93.07931
93.95183
94.78911
95.55780
96.21180
96.74158
97.14522
97.42365
97.58869
97.64858
97.57516
97.35357
97.01555
96.58829
96.09422
95.55832
94.97912
94.36705
93.73528
93.11071
92.50990
91.92395
91.33906
90.76058
90.19224
89.69420
89.28624
88.96317
88.71339
88.52699
88.40088
88.33503
88.37262
88.53907
88.80900
89.16003
89.57159
90.04528
90.58029
91.15153
91.75596
92.36666
92.97164
93.58897
94.21987
94.86019
95.44200
95.93074
96.32450
96.62712
96.85152
97.01078
97.10681
97.13974
97.07383
96.88984
96.61230
96.26310
95.84479
95.36204
94.81563
94.22408
93.59183
92.95799
92.33949
91.74278
91.15459
90.57043
90.04838
89.61016
89.25498
88.96730
88.73701
88.56335
88.44774
88.43766
88.55893
88.78576
89.09706
89.47435
89.91877
90.42719
90.98072
91.57178
92.17414
92.77313
93.38919
94.02142
94.66619
95.25497
95.75532
96.16205
96.47916
96.71822
96.89231
97.00335
97.05192
97.00020
96.82767
96.56098
96.22162
95.81380
95.33596
94.79720
94.21090
93.58679
92.95649
92.34081
91.74629
91.16024
90.57559
90.05620
89.61927
89.26514
88.97712
88.74648
88.57248
88.45630
88.44457
88.56332
88.78805
89.09568
89.47112
89.91348
90.42328
90.97883
91.57377
92.17959
92.77963
93.39496
94.02807
94.67176
95.26028
95.75992
96.16725
96.48415
96.72316
96.89716
97.00859
97.05737
97.00611
96.83440
96.56540
96.22608
95.81509
95.33306
94.79147
94.20108
93.56672
92.93249
92.31012
91.71515
91.12430
90.53776
90.01057
89.57237
89.21945
88.93247
88.70247
88.53276
88.42197
88.41625
88.53985
88.76739
89.07594
89.45332
89.89898
90.41193
90.96957
91.56585
92.17349
92.78864
93.40545
94.03935
94.68609
95.27767
95.77788
96.18421
96.49966
96.74137
96.91278
97.02170
97.06672
97.01172
96.83768
96.56929
96.22849
95.81822
95.33880
94.78618
94.19629
93.57373
92.94216
92.32512
91.73012
91.14368
90.55958
90.03844
89.60013
89.24738
88.95933
88.72863
88.55504
88.43896
88.42723
88.54616
88.77203
89.07891
89.45491
89.89775
90.40815
90.96300
91.55760
92.16387
92.76563
93.37844
94.01174
94.65777
95.24681
95.74713
96.15360
96.47048
96.70974
96.88339
96.99463
97.04320
96.99158
96.81951
96.55291
96.21399
95.80545
95.32901
94.79064
94.20666
93.58355
92.95519
92.33965
91.74401
91.15733
90.57517
89.98440
89.28840
88.52801
87.73156
86.91580
86.08850
85.25278
84.41696
83.57366
82.72885
81.88224
81.03468
80.18573
79.33560
78.48239
77.63191
76.78028
75.92756
75.07582
74.22395
73.37547
72.52631
71.67388
70.82460
69.96918
69.11317
68.25614
67.39703
66.54150
65.68275
64.81981
63.96789
63.11429
62.26202
61.41060
60.55774
59.70672
58.85141
57.99830
57.14347
56.29147
55.43962
54.58744
53.73572
52.88425
52.03289
51.17825
50.33055
49.47913
48.62729
47.77526
46.92213
46.07006
45.21810
44.36481
43.51646
42.66469
41.81271
40.96066
40.10850
39.25609
38.40360
37.55017
36.69781
35.84578
34.99169
34.13986
33.28808
32.43630
31.58435
30.73099
29.87897
29.02669
28.17460
27.32223
26.46975
25.61768
24.76497
23.91079
23.05924
22.20714
21.35412
20.50145
19.64934
18.79704
17.94338
17.08968
16.23783
15.38538
14.53350
13.68178
12.82982
11.97755
11.12549
10.27122
9.42240
8.56978
7.71653
6.86323
6.01064
5.15795
4.30642
3.45068
2.60240
1.75317
0.90281
0.05094
-0.80253
-1.65673
-2.51400
-3.37352
-4.22802
-5.08696
-5.94646
-6.80196
-7.65477
-8.50623
-9.35586
-10.20812
-11.05941
-11.91120
-12.76239
-13.61346
-14.46529
-15.31649
-16.16760
-17.02154
-17.87300
-18.72530
-19.57733
-20.42909
-21.28075
-22.13059
-22.98236
-23.83630
-24.68437
-25.53606
-26.38821
-27.23992
-28.09073
-28.94275
-29.79548
-30.64914
-31.50049
-32.35353
-33.20519
-34.05691
-34.90942
-35.76116
-36.61296
-37.46685
-38.31573
-39.16823
-40.02023
-40.87270
-41.72588
-42.57648
-43.42848
-44.28270
-45.13431
-45.98629
-46.83823
-47.69052
-48.54272
-49.39076
-50.23979
-51.09251
-51.94093
-52.79506
-53.65144
-54.50815
-55.36586
-56.22444
-57.08376
-57.94456
-58.84555
-59.80498
-60.76000
-61.67882
-62.54644
-63.35262
-64.09134
-64.76119
-65.35740
-65.87999
-66.32717
-66.81417
-67.44068
-68.16488
-68.92694
-69.66784
-70.32789
-70.86141
-71.24703
-71.48483
-71.58200
-71.54997
-71.40407
-71.16956
-70.86146
-70.48105
-70.03192
-69.54168
-68.99670
-68.39627
-67.74136
-67.04098
-66.30162
-65.53305
-64.74420
-63.96749
-63.21452
-62.49633
-61.81966
-61.18794
-60.59231
-60.06755
-59.63693
-59.29702
-59.04072
-58.85359
-58.72960
-58.66715
-58.66570
-58.72481
-58.87756
-59.14425
-59.50021
-59.92563
-60.40331
-60.93290
-61.51247
-62.13871
-62.78814
-63.44789
-64.09574
-64.71747
-65.32325
-65.92413
-66.51098
-67.08331
-67.63523
-68.10893
-68.47716
-68.74418
-68.91922
-69.01366
-69.03463
-68.98525
-68.86684
-68.66087
-68.35647
-67.97671
-67.53902
-67.03992
-66.48108
-65.86954
-65.20910
-64.53269
-63.84993
-63.17998
-62.53627
-61.91424
-61.30845
-60.71896
-60.19645
-59.76404
-59.41867
-59.15197
-58.94956
-58.80797
-58.72728
-58.70711
-58.74683
-58.87943
-59.12738
-59.46927
-59.88100
-60.35963
-60.87963
-61.45193
-62.07236
-62.71721
-63.37499
-64.02244
-64.64453
-65.24943
-65.84642
-66.43681
-67.01501
-67.57104
-68.04788
-68.41910
-68.68999
-68.86907
-68.96640
-68.99040
-68.94447
-68.82964
-68.62699
-68.32379
-67.94378
-67.50578
-67.00786
-66.44854
-65.83705
-65.18157
-64.50937
-63.83156
-63.16701
-62.52606
-61.90924
-61.30352
-60.71382
-60.19107
-59.75881
-59.41132
-59.14541
-58.94352
-58.80277
-58.72263
-58.70309
-58.74370
-58.87828
-59.12974
-59.47173
-59.88572
-60.35631
-60.87094
-61.43424
-62.02997
-62.64520
-63.25483
-63.85005
-64.44993
-65.05987
-65.67320
-66.27948
-66.87196
-67.38755
-67.79711
-68.09925
-68.30484
-68.42399
-68.46732
-68.40759
-68.23078
-67.96286
-67.62368
-67.21109
-66.72614
-66.17839
-65.56999
-64.93103
-64.26719
-63.60379
-62.95756
-62.33598
-61.72334
-61.17147
-60.69944
-60.31143
-59.99849
-59.74416
-59.54616
-59.40540
-59.32318
-59.34342
-59.49020
-59.73838
-60.06485
-60.45614
-60.91537
-61.43719
-62.00861
-62.61935
-63.24065
-63.85127
-64.45402
-65.06230
-65.67465
-66.28533
-66.82870
-67.27262
-67.61951
-67.87436
-68.05082
-68.15874
-68.19936
-68.17655
-68.12542
-68.07554
-68.02679
-67.97919
-67.97919
-67.93274
-67.88744
-67.84332
-67.79831
-67.75046
-67.69822
-67.63989
-67.57417
-67.49817
-67.41075
-67.31156
-67.19994
-67.07545
-66.93855
-66.78903
-66.62738
-66.45501
-66.27309
-66.08241
-65.88401
-65.67867
-65.47095
-65.25972
-65.04818
-64.83853
-64.63295
-64.43357
-64.24204
-64.05996
-63.88965
-63.73229
-63.58913
-63.46136
-63.34980
-63.25490
-63.17673
-63.11520
-63.06944
-63.06944
-63.03853
-63.02247
-63.01444
-63.01042
-63.00841
-63.00741
-63.00691
-63.00665
-63.00653
-63.00647
-63.00644
-63.00642
-63.00641
-63.00641
-63.00641
-63.00641
-63.00640
-63.00640
-63.00640
-63.00640
-63.00640
-63.00640
-63.00640
-63.00640
-63.00640
-63.00640
-63.00640
-63.00640
-63.00640
-63.00640
-63.00640
-63.00640
-63.00640
-63.00640
-63.00640
-63.00640
-63.00640
-63.00640
-63.00640
-63.00640
-63.00640
-63.00640
-63.00640
-63.00640
-63.00640
-63.00640
-63.00640
-63.00640
-63.00640
-63.00640
-63.00640
-63.00640
-63.00640
-63.00640
-63.00640
-63.00640
-63.00640
-63.00640
-63.00640
-63.00640
-63.00640
-63.00640
-63.00640
-63.00640
-63.00640
-63.00640
-63.00640
-63.00640
-63.00640
-63.00640
-63.00640
-63.00640
-63.00640
-63.00640
-63.00640
-63.00640
-63.00640
-63.00640
-63.00640
-63.00640
-63.00640
-63.00640
-63.00640
-63.00640
-63.00640
-63.00640
-63.00640
-63.00640
-63.00640
-63.00640
-63.00640
-63.00640
-63.00640
-63.00640
-63.00640
0.00000
0.00000
0.00000
0.00000
0.00000
0.00000
0.00000
0.00000
0.00000
0.00000
0.00000
0.00000
0.00000
0.00000
0.00000
0.00000
0.00000
0.00000
0.00000
0.00000
0.00000
0.00000
0.00000
0.00000
0.00000
0.00000
0.00000
0.00000
0.00000
0.00000
0.00000
0.00000
0.00000
0.00000
0.00000
0.00000
0.00000
0.00000
0.00000
0.00000
0.00000
0.00000
0.00000
0.00000
0.00000
0.00000
0.00000
0.00000
0.00000
0.00000
0.00000
0.00000
0.00000
0.00000
0.00000
0.00000
0.00000
0.00000
0.00000
0.00000
0.00000
0.00000
0.00000
0.00000
0.00000
0.00000
0.00000
0.00000
0.00000
0.00000
0.00000
0.00000
0.00000
0.00000
0.00000
0.00000
0.00000
0.00000
0.00000
0.00000
0.00000
0.00000
0.00000
0.00000
0.00000
0.00000
0.00000
0.00000
0.00000
0.00000
0.00000
0.00000
0.00000
0.00000
0.00000
0.00000
0.00000
0.00000
0.00000
0.00000
0.00000
0.00000
0.00000
0.00000
0.00000
0.00000
0.00000
0.00000
0.00000
0.00000
0.00000
0.00000
0.00000
0.00000
0.00000
0.00000
0.00000
0.00000
0.00000
0.00000
0.00000
0.00000
0.00000
0.00000
0.00000
0.00000
0.00000
0.00000
0.00000
0.00000
0.00000
0.00000
0.00000
0.00000
0.00000
0.00000
0.00000
0.00000
0.00000
0.00000
0.00000
0.00000
0.00000
0.00000
0.00000
0.00000
0.00000
0.00000
0.00000
0.00000
0.00000
0.00000
0.00000
0.00000
0.00000
0.00000
0.00000
0.00000
0.00000
0.00000
0.00000
0.00000
0.00000
0.00000
0.00000
0.00000
0.00000
0.00000
0.00000
0.00000
0.00000
0.00000
0.00000
0.00000
0.00000
0.00000
0.00000
0.00000
0.00000
0.00000
0.00000
0.00000
0.00000
0.00000
0.00000
0.00000
0.00000
0.00000
0.00000
0.00000
0.00000
0.00000
0.00000
0.00000
0.00000
0.00000
0.00000
0.00000
0.00000
0.00000
0.00000
0.00000
0.00000
0.00000
0.00000
0.00000
0.00000
0.00000
0.00000
0.00000
0.00000
0.00000
0.00000
0.00000
0.00000
0.00000
0.00000
0.00000
0.00000
0.00000
0.00000
0.00000
0.00000
0.00000
0.00000
0.00000
0.00000
0.00000
0.00000
0.00000
0.00000
0.00000
0.00000
0.00000
0.00000
0.00000
0.00000
0.00000
0.00000
0.00000
0.00000
0.00000
0.00000
0.00000
0.00000
0.00000
0.00000
0.00000
0.00000
0.00000
0.00000
0.00000
0.00000
0.00000
0.00000
0.00000
0.00000
0.00000
0.00000
0.00000
0.00000
0.00000
0.00000
0.00000
0.00000
0.00000
0.00000
0.00000
0.00000
0.00000
0.00000
0.00000
0.00000
0.00000
0.00000
0.00000
0.00000
0.00000
0.00000
0.00000
0.00000
0.00000
0.00000
0.00000
0.00000
0.00000
0.00000
0.00000
0.00000
0.00000
0.00000
0.00000
0.00000
0.00000
0.00000
0.00000
0.00000
0.00000
0.00000
0.00000
0.00000
0.00000
0.00000
0.00000
0.00000
0.00000
0.00000
0.00000
0.00000
0.00000
0.00000
0.00000
0.00000
0.00000
0.00000
0.00000
0.00000
0.00000
0.00000
0.00000
0.00000
0.00000
0.00000
0.00000
0.00000
0.00000
0.00000
0.00000
0.00000
0.00000
0.00000
0.00000
0.00000
0.00000
0.00000
0.00000
0.00000
0.00000
0.00000
0.00000
0.00000
0.00000
0.00000
0.00000
0.00000
0.00000
0.00000
0.00000
0.00000
0.00000
0.00000
0.00000
0.00000
0.00000
0.00000
0.00000
0.00000
0.00000
0.00000
0.00000
0.00000
0.00000
0.00000
0.00000
0.00000
0.00000
0.00000
0.00000
0.00000
0.00000
0.00000
0.00000
0.00000
0.00000
0.00000
0.00000
0.00000
0.00000
0.00000
0.00000
0.00000
0.00000
0.00000
0.00000
0.00000
0.00000
0.00000
0.00000
0.00000
0.00000
0.00000
0.00000
0.00000
0.00000
0.00000
0.00000
0.00000
0.00000
0.00000
0.00000
0.00000
0.00000
0.00000
0.00000
0.00000
0.00000
0.00000
0.00000
0.00000
0.00000
0.00000
0.00000
0.00000
0.00000
0.00000
0.00000
0.00000
0.00000
0.00000
0.00000
0.00000
0.00000
0.00000
0.00000
0.00000
0.00000
0.00000
0.00000
0.00000
0.00000
0.00000
0.00000
0.00000
0.00000
0.00000
0.00000
0.00000
0.00000
0.00000
0.00000
0.00000
0.00000
0.00000
0.00000
0.00000
0.00000
0.00000
0.00000
0.00000
0.00000
0.00000
0.00000
0.00000
0.00000
0.00000
0.00000
0.00000
0.00000
0.00000
0.00000
0.00000
0.00000
0.00000
0.00000
0.00000
0.00000
0.00000
0.00000
0.00000
0.00000
0.00000
0.00000
0.00000
0.00000
0.00000
0.00000
0.00000
0.00000
0.00000
0.00000
0.00000
0.00000
0.00000
0.00000
0.00000
0.00000
0.00000
0.00000
0.00000
0.00000
0.00000
0.00000
0.00000
0.00000
0.00000
0.00000
0.00000
0.00000
0.00000
0.00000
0.00000
0.00000
0.00000
0.00000
0.00000
0.00000
0.00000
0.00000
0.00000
0.00000
0.00000
0.00000
0.00000
0.00000
0.00000
0.00000
0.00000
0.00000
0.00000
0.00000
0.00000
0.00000
0.00000
0.00000
0.00000
0.00000
0.00000
0.00000
0.00000
0.00000
0.00000
0.00000
0.00000
0.00000
0.00000
0.00000
0.00000
0.00000
0.00000
0.00000
0.00000
0.00000
0.00000
0.00000
0.00000
0.00000
0.00000
0.00000
0.00000
0.00000
0.00000
0.00000
0.00000
0.00000
0.00000
0.00000
0.00000
0.00000
0.00000
0.00000
0.00000
0.00000
0.00000
0.00000
0.00000
0.00000
0.00000
0.00000
0.00000
0.00000
0.00000
0.00000
0.00000
0.00000
0.00000
0.00000
0.00000
0.00000
0.00000
0.00000
0.00000
0.00000
0.00000
0.00000
0.00000
0.00000
0.00000
0.00000
0.00000
0.00000
0.00000
0.00000
0.00000
0.00000
0.00000
0.00000
0.00000
0.00000
0.00000
0.00000
0.00000
0.00000
0.00000
0.00000
0.00000
0.00000
0.00000
0.00000
0.00000
0.00000
0.00000
0.00000
0.00000
0.00000
0.00000
0.00000
0.00000
0.00000
0.00000
0.00000
0.00000
0.00000
0.00000
0.00000
0.00000
0.00000
0.00000
0.00000
0.00000
0.00000
0.00000
0.00000
0.00000
0.00000
0.00000
0.00000
0.00000
0.00000
0.00000
0.00000
0.00000
0.00000
0.00000
0.00000
0.00000
0.00000
0.00000
0.00000
0.00000
0.00000
0.00000
0.00000
0.00000
0.00000
0.00000
0.00000
0.00000
0.00000
0.00000
0.00000
0.00000
0.00000
0.00000
0.00000
0.00000
0.00000
0.00000
0.00000
0.00000
0.00000
0.00000
0.00000
0.00000
0.00000
0.00000
0.00000
0.00000
0.00000
0.00000
0.00000
0.00000
0.00000
0.00000
0.00000
0.00000
0.00000
0.00000
0.00000
0.00000
0.00000
0.00000
0.00000
0.00000
0.00000
0.00000
0.00000
0.00000
0.00000
0.00000
0.00000
0.00000
0.00000
0.00000
0.00000
0.00000
0.00000
0.00000
0.00000
0.00000
0.00000
0.00000
0.00000
0.00000
0.00000
0.00000
0.00000
0.00000
0.00000
0.00000
0.00000
0.00000
0.00000
0.00000
0.00000
0.00000
0.00000
0.00000
0.00000
0.00000
0.00000
0.00000
0.00000
0.00000
0.00000
0.00000
0.00000
0.00000
0.00000
0.00000
0.00000
0.00000
0.00000
0.00000
0.00000
0.00000
0.00000
0.00000
0.00000
0.00000
0.00000
0.00000
0.00000
0.00000
0.00000
0.00000
0.00000
0.00000
0.00000
0.00000
0.00000
0.00000
0.00000
0.00000
0.00000
0.00000
0.00000
0.00000
0.00000
0.00000
0.00000
0.00000
0.00000
0.00000
0.00000
0.00000
0.00000
0.00000
0.00000
0.00000
0.00000
0.00000
0.00000
0.00000
0.00000
0.00000
0.00000
0.00000
0.00000
0.00000
0.00000
0.00000
0.00000
0.00000
0.00000
0.00000
0.00000
0.00000
0.00000
0.00000
0.00000
0.00000
0.00000
0.00000
0.00000
0.00000
0.00000
0.00000
0.00000
0.00000
0.00000
0.00000
0.00000
0.00000
0.00000
0.00000
0.00000
0.00000
0.00000
0.00000
0.00000
0.00000
0.00000
0.00000
0.00000
0.00000
0.00000
0.00000
0.00000
0.00000
0.00000
0.00000
0.00000
0.00000
0.00000
0.00000
0.00000
0.00000
0.00000
0.00000
0.00000
0.00000
0.00000
0.00000
0.00000
0.00000
0.00000
0.00000
0.00000
0.00000
0.00000
0.00000
0.00000
0.00000
0.00000
0.00000
0.00000
0.00000
0.00000
0.00000
0.00000
0.00000
0.00000
0.00000
0.00000
0.00000
0.00000
0.00000
0.00000
0.00000
0.00000
0.00000
0.00000
0.00000
0.00000
0.00000
0.00000
0.00000
0.00000
0.00000
0.01599
0.01599
0.11274
0.31458
0.59824
0.97980
1.42860
1.97720
2.55880
3.20685
3.97348
4.72067
5.49232
6.33176
7.20760
8.08873
9.03757
9.86760
10.82731
11.77346
12.65677
13.57418
14.42034
15.26174
16.10200
17.01098
17.87964
18.71594
19.63157
20.51108
21.36082
22.19148
23.02416
23.85144
24.67790
25.56231
26.48520
27.34933
28.20671
29.12322
30.19533
30.82016
30.82016
31.65858
32.36194
32.98440
33.54188
33.95181
34.28445
34.44293
34.40252
34.20480
33.84893
33.42706
32.89053
32.34010
31.70877
31.05433
30.40827
29.77967
29.14965
28.51960
27.91253
27.30779
26.71516
26.19831
26.19831
25.77759
25.45671
25.24902
25.14046
25.10859
25.15578
25.31955
25.58416
25.95259
26.37511
26.86678
27.44644
28.03723
28.68883
29.38433
30.05375
30.64692
31.30858
31.91033
32.57453
33.13461
33.58888
33.98042
34.27645
34.51760
34.69716
34.81496
34.87564
34.87614
34.76895
34.51595
34.15334
33.69008
33.18702
32.65864
32.03061
31.42051
30.77983
30.15295
29.47020
28.92642
28.32163
27.72544
27.14987
26.62522
26.23822
25.95128
25.75532
25.63487
25.59351
25.62195
25.74499
25.99511
26.31379
26.69636
27.14416
27.66447
28.27345
28.91711
29.57945
30.23678
30.88834
31.54442
32.18908
32.80546
33.41304
33.85849
34.23598
34.55440
34.75332
34.91671
35.02072
35.06560
35.04299
34.90822
34.66736
34.31624
33.88315
33.41046
32.86664
32.24291
31.64662
30.93962
30.36054
29.75723
29.11449
28.51145
27.86092
27.25161
26.71508
26.11419
25.60741
25.25131
25.01472
24.87850
24.83105
24.86204
24.97863
25.21459
25.49475
25.87733
26.31513
26.85762
27.47349
28.07453
28.79802
29.48069
30.21753
30.87237
31.51166
32.12966
32.73328
33.38294
33.89475
34.31444
34.64085
34.88618
35.05898
35.17046
35.21521
35.19664
35.07772
34.81961
34.47646
34.07412
33.58735
33.01281
32.36396
31.73134
31.06683
30.39501
29.74868
29.07840
28.46425
27.86118
27.21509
26.60115
26.06749
25.69118
25.42646
25.25730
25.18055
25.18786
25.31123
25.51098
25.82571
26.20087
26.69997
27.20682
27.96002
28.47754
29.21963
29.99417
30.77482
31.47469
32.22604
32.86559
33.46404
34.01653
34.45472
34.80383
35.06811
35.27166
35.41054
35.47606
35.47323
35.40691
35.22840
34.92696
34.52239
34.05176
33.53799
32.98080
32.32823
31.70729
31.01628
30.36890
29.74127
29.11920
28.47131
27.86212
27.27389
26.70362
26.11465
25.64934
25.29288
25.03768
24.87816
24.82101
24.84645
24.94407
25.14528
25.45590
25.82715
26.31799
26.86948
27.40779
28.03667
28.75896
29.53116
30.17620
30.88442
31.52463
32.12624
32.70924
33.23242
33.66197
34.01899
34.31709
34.54221
34.69265
34.78315
34.81547
34.74092
34.50229
34.23036
33.83635
33.37786
32.90819
32.36403
31.77497
31.14353
30.53114
29.88170
29.24258
28.57379
27.89156
27.26068
26.56923
26.56923
25.97676
25.63538
25.46381
25.47515
25.61196
25.84261
26.16141
26.55307
27.01864
27.54936
28.13496
28.76218
29.43023
30.14149
30.88910
31.70024
32.44289
33.16883
33.87533
34.58045
35.23525
35.86448
36.47362
37.06512
37.64143
38.20922
38.80888
39.39450
39.95735
40.58128
41.06520
41.61545
42.17080
42.72336
43.29242
43.84671
44.40342
44.94668
45.45199
45.97129
46.54264
47.09956
47.60513
48.12107
48.68074
49.19884
49.71275
50.22214
50.74972
51.26242
51.83405
52.35502
52.90772
53.40246
53.92690
54.49089
55.02985
55.55869
56.13013
56.64512
57.18372
57.71552
58.28957
58.80846
59.37522
59.93518
60.50512
61.07274
61.62753
62.15158
62.71409
63.30005
63.82803
64.38074
64.92781
65.47943
66.01117
66.54126
67.07401
67.61616
68.14965
68.69681
69.27846
69.76896
70.30239
70.86814
71.40744
71.92999
72.45120
73.00488
73.62428
74.35812
75.07240
75.83947
76.63847
77.48839
78.42372
79.22577
80.03763
80.82393
81.41984
81.89256
82.24045
82.48138
82.60021
82.58285
82.41431
82.12876
81.73813
81.26210
80.72902
80.17341
79.56408
78.93300
78.26984
77.59353
76.96282
76.32462
75.67691
75.02743
74.41646
73.93665
73.55494
73.26507
73.06675
72.94684
72.93526
73.04831
73.26111
73.58274
73.92037
74.36127
74.87442
75.48355
76.09917
76.74368
77.40153
78.09399
78.70698
79.30942
79.85871
80.32644
80.70995
81.01714
81.26540
81.45418
81.58346
81.60585
81.49840
81.28680
80.99415
80.63143
80.19543
79.67855
79.11619
78.51891
77.90680
77.30086
76.68484
76.05299
75.40925
74.76607
74.11234
73.53425
73.06709
72.71615
72.47596
72.33800
72.29284
72.35883
72.54430
72.81823
73.16375
73.57571
74.05863
74.60927
75.22015
75.85516
76.50646
77.15052
77.78932
78.41270
79.03234
79.59539
80.07754
80.47672
80.79903
81.06134
81.26506
81.41005
81.44831
81.35384
81.15143
80.86429
80.50566
80.07805
79.58332
79.01355
78.40698
77.76954
77.12781
76.49867
75.88176
75.26792
74.65521
74.03334
73.47909
73.02616
72.67530
72.42253
72.26536
72.19881
72.20748
72.31152
72.53998
72.83728
73.20074
73.64588
74.16661
74.73212
75.35273
75.99590
76.65057
77.29741
77.93320
78.56722
79.19840
79.82389
80.38462
80.85163
81.22778
81.52086
81.74521
81.90467
81.95447
81.87148
81.68147
81.40815
81.05411
80.62404
80.12365
79.55961
78.94251
78.29480
77.61973
76.94160
76.28013
75.63283
74.99146
74.35870
73.71598
73.17443
72.73606
72.40784
72.18807
72.06656
72.03240
72.07659
72.19991
72.40790
72.71298
73.09125
73.53181
74.09825
74.61578
75.22448
75.89766
76.57712
77.26144
77.92696
78.56263
79.18427
79.79523
80.39201
80.91726
81.33865
81.66449
81.90471
82.07800
82.17259
82.15952
82.02273
81.79108
81.48519
81.10408
80.64916
80.12632
79.54518
78.91038
78.24693
77.56228
76.87197
76.17604
75.51586
74.87395
74.24582
73.63306
73.09777
72.67664
72.37233
72.17310
72.06477
72.03735
72.09245
72.23637
72.48368
72.80899
73.20678
73.67088
74.20162
74.80537
75.45216
76.12168
76.80271
77.47519
78.11958
78.74352
79.35325
79.90324
80.37157
80.76069
81.07105
81.31669
81.50173
81.62722
81.69718
81.66716
81.49284
81.22007
80.86336
80.44663
79.97115
79.44308
78.87363
78.29053
77.62195
77.05336
76.42733
75.77802
75.12065
74.46299
73.76531
73.14084
72.68090
72.32284
72.05843
71.87508
71.75837
71.69959
71.69367
71.73495
71.81793
71.93703
72.08671
72.26199
72.45242
72.65465
72.86364
73.07396
73.27921
73.47212
73.64856
73.80793
73.95013
74.07821
74.19286
74.29544
74.38612
74.46605
74.53718
74.60175
74.65994
74.71624
74.76618
74.81110
74.85058
74.88560
74.91710
74.94580
74.97199
75.07375
75.31988
75.69303
76.16668
76.77011
77.51096
78.43264
79.28867
80.14213
80.96309
81.68651
82.28512
82.74952
83.08041
83.29427
83.40598
83.42462
83.35435
83.17438
82.88136
82.50370
82.06380
81.56557
81.00133
80.38837
79.71639
79.02899
78.33257
77.64583
76.98042
76.32171
75.65037
74.97570
74.30668
73.71003
73.22646
72.85814
72.59451
72.42311
72.33775
72.32920
72.42295
72.63595
72.94454
73.32364
73.76788
74.29127
74.87665
75.51642
76.17826
76.85128
77.51403
78.15367
78.76167
79.35395
79.88535
80.33494
80.70551
81.02067
81.28124
81.48830
81.63956
81.73216
81.71539
81.56460
81.30997
80.97348
80.57426
80.11306
79.59170
79.01736
78.41241
77.78543
77.10223
76.48737
75.88736
75.26797
74.61624
74.00204
73.46023
73.02424
72.69736
72.47233
72.33920
72.28020
72.29011
72.36870
72.53871
72.81740
73.18265
73.61191
74.09833
74.67845
75.35373
75.99899
76.65327
77.30191
77.92884
78.53482
79.13461
79.72471
80.24846
80.68350
81.02937
81.29911
81.50527
81.64831
81.68517
81.59436
81.40175
81.12953
80.78145
80.35800
79.84889
79.30547
78.71865
78.11542
77.51254
76.89083
76.23501
75.57741
74.91781
74.31953
73.81990
73.42306
73.12657
72.92325
72.80287
72.79221
72.90558
73.11585
73.40871
73.78095
74.22973
74.75010
75.32564
75.94219
76.58983
77.24174
77.87927
78.49314
79.09686
79.71214
80.26617
80.73933
81.12704
81.43300
81.67213
81.84860
81.96702
82.00978
81.95139
81.76821
81.48657
81.12828
80.71020
80.22930
79.68761
79.08939
78.47310
77.84191
77.21757
76.59643
75.96261
75.33337
74.70364
74.08433
73.48480
72.95969
72.54060
72.23573
72.03213
71.92196
71.89536
71.94477
72.08865
72.33691
72.66381
73.05706
73.52000
74.05087
74.64378
75.29323
75.97847
76.67790
77.37799
78.06080
78.71936
79.33366
79.91033
80.42154
80.84348
81.17969
81.45492
81.65017
81.79156
81.87270
81.85012
81.70087
81.45180
81.12468
80.73223
80.27098
79.74301
79.17289
78.56775
77.95195
77.33908
76.71019
76.06465
75.37774
74.72006
74.10479
73.58967
73.18297
72.88552
72.68670
72.57863
72.58452
72.71689
72.94923
73.25505
73.63798
74.09620
74.62505
75.21247
75.83158
76.47302
77.11405
77.73811
78.35953
78.97556
79.53898
80.02549
80.43031
80.75682
81.02428
81.23614
81.38972
81.43542
81.34869
81.15354
80.87369
80.52156
80.09879
79.60495
79.06285
78.48520
77.89197
77.29505
76.67834
76.04741
75.40462
74.75772
74.09730
73.42989
72.72936
72.03336
71.36494
70.73697
70.14510
69.56540
68.98994
68.41829
67.84863
67.27831
66.70979
66.14019
65.56708
64.98884
64.39838
63.80332
63.20445
62.60275
61.99869
61.39182
60.77390
60.14393
59.49694
58.83994
58.16769
57.48148
56.78828
56.08447
55.37011
54.64797
53.91879
53.18640
52.44727
51.70429
50.95824
50.20972
49.45925
48.70716
47.95205
47.19759
46.44158
45.68524
44.92865
44.17134
43.41342
42.65509
41.89533
41.14021
40.38279
39.62516
38.86678
38.10851
37.35073
36.59290
35.83287
35.07697
34.31867
33.56031
32.80103
32.00441
31.24481
30.48544
29.72417
28.96798
28.20827
27.44890
26.68940
25.93008
25.17050
24.41130
23.65047
22.89520
22.13296
21.37462
20.61614
19.85758
19.09905
18.29209
17.53062
16.77197
16.01236
15.24816
14.48974
13.71689
12.95740
12.19851
11.43874
10.68024
9.92156
9.16286
8.40451
7.64551
6.88747
6.12871
5.36871
4.61007
3.85047
3.09090
2.33259
1.57353
0.81480
0.05578
-0.70422
-1.46250
-2.22378
-2.98293
-3.74138
-4.49999
-5.25862
-6.01716
-6.77683
-7.53497
-8.29337
-9.05218
-9.81091
-10.56999
-11.32908
-12.08735
-12.84719
-13.60522
-14.36361
-15.12192
-15.88019
-16.63761
-17.39586
-18.15442
-18.91409
-19.67190
-20.43018
-21.18851
-21.94672
-22.70536
-23.46468
-24.22259
-24.98268
-25.74143
-26.49971
-27.25861
-28.01667
-28.77542
-29.53411
-30.29263
-31.05323
-31.80845
-32.56739
-33.32626
-34.08477
-34.84359
-35.60201
-36.36088
-37.12043
-37.88006
-38.63851
-39.39685
-40.15524
-40.91363
-41.67213
-42.43054
-43.20363
-43.96091
-44.71914
-45.47802
-46.23720
-46.99598
-47.77436
-48.53321
-49.29298
-50.05129
-50.81034
-51.56798
-52.32158
-53.07353
-53.82145
-54.60827
-55.33846
-56.08173
-56.82820
-57.57474
-58.26615
-58.85846
-59.35443
-59.77295
-60.13896
-60.45285
-60.72165
-60.94855
-61.20081
-61.53736
-61.94626
-62.46355
-63.09920
-63.80515
-64.54759
-65.30071
-66.03739
-66.73250
-67.34044
-67.83916
-68.22406
-68.49657
-68.66608
-68.74269
-68.70820
-68.55430
-68.30815
-67.98707
-67.58823
-67.11529
-66.57291
-65.96949
-65.32340
-64.67120
-64.02137
-63.38831
-62.73819
-62.11185
-61.53770
-61.04272
-60.63040
-60.29698
-60.02253
-59.80594
-59.64706
-59.59751
-59.68367
-59.87943
-60.16068
-60.51115
-60.93238
-61.42413
-61.96235
-62.53729
-63.12431
-63.71496
-64.32535
-64.95547
-65.59929
-66.24759
-66.85804
-67.33445
-67.70954
-67.98546
-68.16887
-68.27184
-68.26679
-68.14070
-67.91962
-67.62218
-67.24614
-66.79353
-66.26914
-65.68063
-65.05946
-64.41315
-63.76552
-63.13704
-62.52000
-61.90351
-61.34144
-60.85813
-60.45853
-60.13870
-59.87833
-59.67477
-59.53087
-59.49436
-59.58907
-59.79025
-60.07401
-60.42910
-60.85875
-61.35552
-61.89780
-62.47821
-63.07059
-63.66823
-64.28642
-64.91933
-65.56451
-66.21250
-66.79642
-67.28039
-67.66171
-67.94375
-68.13449
-68.24427
-68.24604
-68.12747
-67.91403
-67.62428
-67.25551
-66.80629
-66.28497
-65.70313
-65.08598
-64.44379
-63.79832
-63.16880
-62.54860
-61.93197
-61.36900
-60.88527
-60.48370
-60.16077
-59.89775
-59.68783
-59.54308
-59.50589
-59.60001
-59.79947
-60.07972
-60.42763
-60.84779
-61.33646
-61.87162
-62.44546
-63.03092
-63.62399
-64.23964
-64.87488
-65.52459
-66.17459
-66.76143
-67.24939
-67.63383
-67.91872
-68.11215
-68.22553
-68.23108
-68.11460
-67.90255
-67.61256
-67.24393
-66.78978
-66.27488
-65.70064
-65.09105
-64.45107
-63.80863
-63.18242
-62.56287
-61.94539
-61.38055
-60.89480
-60.49519
-60.17060
-59.90789
-59.70221
-59.55401
-59.51545
-59.61047
-59.81221
-60.09692
-60.45376
-60.88264
-61.37919
-61.92126
-62.50119
-63.09404
-63.68585
-64.29708
-64.92769
-65.57194
-66.22154
-66.80572
-67.28973
-67.67146
-67.95192
-68.14153
-68.24929
-68.24949
-68.12877
-67.91119
-67.61712
-67.23590
-66.78504
-66.26207
-65.65578
-65.02767
-64.38154
-63.73555
-63.07893
-62.46048
-61.84847
-61.29100
-60.81452
-60.42099
-60.10437
-59.84695
-59.64816
-59.50850
-59.47704
-59.57806
-59.78240
-60.06651
-60.42208
-60.84836
-61.34210
-61.90946
-62.48557
-63.06996
-63.66171
-64.27466
-64.90696
-65.55217
-66.20170
-66.78899
-67.27300
-67.65534
-67.93895
-68.13105
-68.24100
-68.28180
-68.22849
-68.06975
-67.83020
-67.51317
-67.11862
-66.64993
-66.10979
-65.50401
-64.84335
-64.13182
-63.37960
-62.58864
-61.76931
-60.91913
-60.04701
-59.15951
-58.26828
-57.37931
-56.50937
-55.64591
-54.79291
-53.95007
-53.11716
-52.28801
-51.45991
-50.62894
-49.80866
-48.98544
-48.16427
-47.34346
-46.52275
-45.70145
-44.87915
-44.05417
-43.23572
-42.41180
-41.58831
-40.76507
-39.94177
-39.11857
-38.29394
-37.47026
-36.64807
-35.82501
-35.00220
-34.17813
-33.35432
-32.53134
-31.70820
-30.88413
-30.06214
-29.24142
-28.41856
-27.59461
-26.77119
-25.94809
-25.12454
-24.29956
-23.47710
-22.65407
-21.83084
-21.00792
-20.18510
-19.36207
-18.53775
-17.71206
-16.89176
-16.06849
-15.24560
-14.42225
-13.59909
-12.77572
-11.95259
-11.12841
-10.30580
-9.48276
-8.65977
-7.83625
-7.01242
-6.16532
-5.34203
-4.51729
-3.69457
-2.87122
-2.04852
-1.22548
-0.40238
0.42472
1.24829
2.07321
2.89621
3.72004
4.54406
5.36722
6.19101
7.02103
7.84472
8.67061
9.49054
10.31391
11.13695
11.99299
12.81637
13.63932
14.46240
15.28682
16.10948
16.93502
17.75303
18.56766
19.38055
20.19274
21.00515
21.81831
22.62975
23.44118
24.25200
25.06439
25.87585
26.69035
27.49895
28.31198
29.15179
29.96746
30.78293
31.59968
32.41771
33.23702
34.05718
34.87977
35.69925
36.52303
37.34592
38.16914
38.99216
39.81650
40.63995
41.46495
42.28476
43.10795
43.93131
44.75481
45.57838
46.40615
47.22997
48.05491
48.87862
49.70286
50.52659
51.35088
52.17527
52.99890
53.82232
54.64709
55.47004
56.29320
57.11655
57.94070
58.76487
59.64848
60.47196
61.29614
62.11906
62.94260
63.76649
64.59109
65.41503
66.27813
67.10262
67.92786
68.75100
69.57424
70.39803
71.22306
72.04698
72.87030
73.68929
74.50596
75.31858
76.13115
76.94342
77.75611
78.56860
79.38132
80.19938
81.03796
81.88897
82.74917
83.61537
84.49563
85.38328
86.26260
87.10969
87.91572
88.66945
89.33993
89.88592
90.30296
90.59662
90.77614
90.85310
90.83490
90.73569
90.56070
90.30068
89.97380
89.57029
89.11052
88.59436
88.01871
87.39741
86.72660
86.01682
85.30048
84.59164
83.91082
83.26820
82.66935
82.11719
81.59505
81.08817
80.65439
80.31150
80.05300
79.86520
79.74334
79.68541
79.69085
79.75884
79.92086
80.19711
80.56338
80.99859
81.48603
82.02104
82.60713
83.21868
83.84680
84.46909
85.07837
85.69203
86.31312
86.93430
87.54910
88.09252
88.53284
88.87271
89.11978
89.28693
89.38483
89.41505
89.37959
89.24966
89.00837
88.67943
88.28469
87.82653
87.30292
86.72267
86.10308
85.45698
84.80918
84.18288
83.58578
82.99686
82.41712
81.90566
81.47743
81.13340
80.85693
80.63916
80.47922
80.37794
80.38111
80.51281
80.74852
81.06546
81.44737
81.89807
82.41323
82.97186
83.58184
84.18681
84.79083
85.41044
86.04674
86.69431
87.28584
87.78713
88.19480
88.51081
88.74853
88.92096
89.03079
89.07656
89.02212
88.84865
88.58023
88.24032
87.83054
87.35148
86.81071
86.22366
85.59809
84.96671
84.34897
83.75459
83.16752
82.58424
82.06330
81.62542
81.26979
80.98091
80.74925
80.57475
80.45797
80.44565
80.56383
80.78790
81.09392
81.46676
81.90875
82.41845
82.97225
83.56593
84.17090
84.77037
85.38507
86.01779
86.66239
87.25065
87.75043
88.15720
88.47448
88.71345
88.88736
88.99876
89.04743
88.99589
88.82392
88.55736
88.21856
87.81049
87.33341
86.79492
86.20910
85.58636
84.95671
84.34162
83.74769
83.16151
82.57826
82.05773
81.61995
81.26625
80.97843
80.74779
80.57388
80.45790
80.44621
80.56522
80.79112
81.09698
81.47055
81.91110
82.41912
82.97327
83.56530
84.17014
84.77120
85.38267
86.01460
86.65936
87.24747
87.74673
88.15343
88.47045
88.70990
88.88322
88.99492
89.04396
88.99284
88.82135
88.55496
88.21640
87.80788
87.33334
86.79513
86.21044
85.58763
84.95804
84.34281
83.74945
83.16288
82.58014
82.05946
81.62226
81.26697
80.97828
80.74674
80.57196
80.45489
80.44235
80.56016
80.78388
81.08910
81.46189
81.90222
82.41032
82.96533
83.55803
84.16310
84.76200
85.37608
86.00855
86.65183
87.24030
87.74058
88.14551
88.46311
88.70225
88.87632
88.98789
89.03680
88.98459
88.81150
88.54403
88.20412
87.79560
87.31769
86.77805
86.19202
85.56837
84.93732
84.32215
83.72817
83.14210
82.55891
81.96764
81.42107
80.90175
80.40538
79.93812
79.50109
79.09324
78.70880
78.34724
78.00584
77.68102
77.36633
77.06251
76.76514
76.47459
76.18969
75.99875
75.97982
76.17144
76.59996
77.22247
77.98503
78.73396
79.44592
80.22842
81.04257
81.82601
82.53339
83.13498
83.61837
83.97371
84.20178
84.31660
84.33434
84.26892
84.12794
83.91561
83.63703
83.28894
82.86719
82.39244
81.85900
81.26995
80.62773
79.94098
79.23588
78.52158
77.81550
77.12946
76.44970
75.77086
75.09996
74.49408
73.98543
73.57675
73.26418
73.04070
72.89366
72.81452
72.80211
72.88967
73.09503
73.39174
73.75721
74.18963
74.68949
75.24934
75.85047
76.48121
77.11277
77.72585
78.31465
78.89806
79.47785
80.04439
80.54244
80.94706
81.26367
81.50314
81.67789
81.79133
81.79516
81.67307
81.45009
81.15081
80.75292
80.30508
79.78875
79.22763
78.62780
78.01365
77.40238
76.77663
76.13190
75.47433
74.87133
74.35591
73.93401
73.60310
73.35169
73.16950
73.05053
72.99483
73.03983
73.20551
73.46564
73.79827
74.20185
74.67453
75.21035
75.79259
76.41318
77.04070
77.65391
78.24653
78.83305
79.41521
79.93549
80.37248
80.72761
81.01622
81.24780
81.42262
81.53972
81.55217
81.43432
81.21044
80.90452
80.53171
80.08870
79.58081
79.02508
78.43420
77.82815
77.22782
76.61326
75.98092
75.33509
74.74680
74.24692
73.84092
73.52401
73.28502
73.11098
72.99951
72.95070
73.00198
73.17407
73.44021
73.77925
74.18674
74.66329
75.20190
75.78682
76.41009
77.04166
77.65643
78.25068
78.83628
79.41937
79.94014
80.37752
80.73322
81.02274
81.25313
81.42803
81.54491
81.55741
81.43935
81.21516
80.90871
80.53350
80.09437
79.58603
79.03202
78.43897
77.83453
77.23628
76.62228
75.98318
75.34335
74.75463
74.25461
73.84799
73.53100
73.29191
73.11798
73.00646
72.95790
73.00920
73.18094
73.44725
73.78611
74.19361
74.67016
75.20971
75.79283
76.41672
77.04692
77.66314
78.25722
78.84335
79.42643
79.94801
80.38289
80.73723
81.02529
81.25632
81.43045
81.54652
81.55819
81.43901
81.21419
80.90724
80.53320
80.09205
79.58326
79.02867
78.43508
77.82895
77.23005
76.61566
75.98263
75.33725
74.67304
74.03359
73.40938
72.79867
72.79867
72.20369
71.62255
71.05541
70.50198
69.96371
69.44188
68.93654
68.44917
67.98258
67.53508
67.10893
66.70465
66.32282
65.96390
65.62915
65.31843
65.03545
64.77703
64.54546
64.33980
64.16027
64.00688
63.87840
63.77443
63.69532
63.63825
63.60174
63.58455
63.58520
63.60125
63.63018
63.67024
63.71707
63.76924
63.82388
63.87850
63.93076
63.97830
64.01738
64.04587
64.06369
64.06369
64.07261
64.07707
64.07930
64.08041
64.08097
64.08125
64.08139
64.08146
64.08149
64.08151
64.08152
64.08152
64.08152
64.08152
64.08152
64.08152
64.08153
64.08153
64.08153
64.08153
64.08153
64.08153
64.08153
64.08153
64.08153
64.08153
64.08153
64.08153
64.08153
64.08153
64.08153
64.08153
64.08153
64.08153
64.08153
64.08153
64.08153
64.08153
64.08153
64.08153
64.08153
64.08153
64.08153
64.08153
64.08153
64.08153
64.08153
64.08153
64.08153
64.08153
64.08153
64.08153
64.08153
64.08153
64.08153
64.08153
64.08153
64.08153
64.08153
64.08153
64.08153
64.08153
64.08153
64.08153
64.08153
64.08153
64.08153
64.08153
64.08153
64.08153
64.08153
64.08153
64.08153
64.08153
64.08153
64.08153
64.08153
64.08153
64.08153
64.08153
64.08153
64.08153
64.08153
64.08153
64.08153
64.08153
64.08153
64.08153
64.08153
64.08153
64.08153
64.08153
64.08153
64.08153
64.08153
64.08153
64.08153
64.08153
64.08153
64.08153
64.08153
64.08153
64.08153
64.08153
64.08153
64.08153
64.08153
64.08153
64.08153
64.08153
64.08153
64.08153
64.08153
64.08153
64.08153
64.08153
64.08153
64.08153
64.08153
64.08153
64.08153
64.08153
64.08153
64.08153
64.08153
64.08153
64.08153
64.08153
64.08153
64.08153
64.08153
64.08153
64.08153
64.08153
64.08153
64.08153
64.08153
64.08153
64.08153
64.08153
64.08153
64.08153
64.08153
64.08153
64.08153
64.08153
64.08153
64.08153
64.08153
64.08153
64.08153
64.08153
64.08153
64.08153
64.08153
64.08153
64.08153
64.08153
0.00000
0.00000
0.00000
0.00000
0.00000
0.00000
0.00000
0.00000
0.00000
0.00000
0.00000
0.00000
0.00000
0.00000
0.00000
0.00000
0.00000
0.00000
0.00000
0.00000
0.00000
0.00000
0.00000
0.00000
0.00000
0.00000
0.00000
0.00000
0.00000
0.00000
0.00000
0.00000
0.00000
0.00000
0.00000
0.00000
0.00000
0.00000
0.00000
0.00000
0.00000
0.00000
0.00000
0.00000
0.00000
0.00000
0.00000
0.00000
0.00000
0.00000
0.00000
0.00000
0.00000
0.00000
0.00000
0.00000
0.00000
0.00000
0.00000
0.00000
0.00000
0.00000
0.00000
0.00000
0.00000
0.00000
0.00000
0.00000
0.00000
0.00000
0.00000
0.00000
0.00000
0.00000
0.00000
0.00000
0.00000
0.00000
0.00000
0.00000
0.00000
0.00000
0.00000
0.00000
0.00000
0.00000
0.00000
0.00000
0.00000
0.00000
0.00000
0.00000
0.00000
0.00000
0.00000
0.00000
0.00000
0.00000
0.00000
0.00000
0.00000
0.00000
0.00000
0.00000
0.00000
0.00000
0.00000
0.00000
0.00000
0.00000
0.00000
0.00000
0.00000
0.00000
0.00000
0.00000
0.00000
0.00000
0.00000
0.00000
0.00000
0.00000
0.00000
0.00000
0.00000
0.00000
0.00000
0.00000
0.00000
0.00000
0.00000
0.00000
0.00000
0.00000
0.00000
0.00000
0.00000
0.00000
0.00000
0.00000
0.00000
0.00000
0.00000
0.00000
0.00000
0.00000
0.00000
0.00000
0.00000
0.00000
0.00000
0.00000
0.00000
0.00000
0.00000
0.00000
0.00000
0.00000
0.00000
0.00000
0.00000
0.00000
0.00000
0.00000
0.00000
0.00000
0.00000
0.00000
0.00000
0.00000
0.00000
0.00000
0.00000
0.00000
0.00000
0.00000
0.00000
0.00000
0.00000
0.00000
0.00000
0.00000
0.00000
0.00000
0.00000
0.00000
0.00000
0.00000
0.00000
0.00000
0.00000
0.00000
0.00000
0.00000
0.00000
0.00000
0.00000
0.00000
0.00000
0.00000
0.00000
0.00000
0.00000
0.00000
0.00000
0.00000
0.00000
0.00000
0.00000
0.00000
0.00000
0.00000
0.00000
0.00000
0.00000
0.00000
0.00000
0.00000
0.00000
0.00000
0.00000
0.00000
0.00000
0.00000
0.00000
0.00000
0.00000
0.00000
0.00000
0.00000
0.00000
0.00000
0.00000
0.00000
0.00000
0.00000
0.00000
0.00000
0.00000
0.00000
0.00000
0.00000
0.00000
0.00000
0.00000
0.00000
0.00000
0.00000
0.00000
0.00000
0.00000
0.00000
0.00000
0.00000
0.00000
0.00000
0.00000
0.00000
0.00000
0.00000
0.00000
0.00000
0.00000
0.00000
0.00000
0.00000
0.00000
0.00000
0.00000
0.00000
0.00000
0.00000
0.00000
0.00000
0.00000
0.00000
0.00000
0.00000
0.00000
0.00000
0.00000
0.00000
0.00000
0.00000
0.00000
0.00000
0.00000
0.00000
0.00000
0.00000
0.00000
0.00000
0.00000
0.00000
0.00000
0.00000
0.00000
0.00000
0.00000
0.00000
0.00000
0.00000
0.00000
0.00000
0.00000
0.00000
0.00000
0.00000
0.00000
0.00000
0.00000
0.00000
0.00000
0.00000
0.00000
0.00000
0.00000
0.00000
0.00000
0.00000
0.00000
0.00000
0.00000
0.00000
0.00000
0.00000
0.00000
0.00000
0.00000
0.00000
0.00000
0.00000
0.00000
0.00000
0.00000
0.00000
0.00000
0.00000
0.00000
0.00000
0.00000
0.00000
0.00000
0.00000
0.00000
0.00000
0.00000
0.00000
0.00000
0.00000
0.00000
0.00000
0.00000
0.00000
0.00000
0.00000
0.00000
0.00000
0.00000
0.00000
0.00000
0.00000
0.00000
0.00000
0.00000
0.00000
0.00000
0.00000
0.00000
0.00000
0.00000
0.00000
0.00000
0.00000
0.00000
0.00000
0.00000
0.00000
0.00000
0.00000
0.00000
0.00000
0.00000
0.00000
0.00000
0.00000
0.00000
0.00000
0.00000
0.00000
0.00000
0.00000
0.00000
0.00000
0.00000
0.00000
0.00000
0.00000
0.00000
0.00000
0.00000
0.00000
0.00000
0.00000
0.00000
0.00000
0.00000
0.00000
0.00000
0.00000
0.00000
0.00000
0.00000
0.00000
0.00000
0.00000
0.00000
0.00000
0.00000
0.00000
0.00000
0.00000
0.00000
0.00000
0.00000
0.00000
0.00000
0.00000
0.00000
0.00000
0.00000
0.00000
0.00000
0.00000
0.00000
0.00000
0.00000
0.00000
0.00000
0.00000
0.00000
0.00000
0.00000
0.00000
0.00000
0.00000
0.00000
0.00000
0.00000
0.00000
0.00000
0.00000
0.00000
0.00000
0.00000
0.00000
0.00000
0.00000
0.00000
0.00000
0.00000
0.00000
0.00000
0.00000
0.00000
0.00000
0.00000
0.00000
0.00000
0.00000
0.00000
0.00000
0.00000
0.00000
0.00000
0.00000
0.00000
0.00000
0.00000
0.00000
0.00000
0.00000
0.00000
0.00000
0.00000
0.00000
0.00000
0.00000
0.00000
0.00000
0.00000
0.00000
0.00000
0.00000
0.00000
0.00000
0.00000
0.00000
0.00000
0.00000
0.00000
0.00000
0.00000
0.00000
0.00000
0.00000
0.00000
0.00000
0.00000
0.00000
0.00000
0.00000
0.00000
0.00000
0.00000
0.00000
0.00000
0.00000
0.00000
0.00000
0.00000
0.00000
0.00000
0.00000
0.00000
0.00000
0.00000
0.00000
0.00000
0.00000
0.00000
0.00000
0.00000
0.00000
0.00000
0.00000
0.00000
0.00000
0.00000
0.00000
0.00000
0.00000
0.00000
0.00000
0.00000
0.00000
0.00000
0.00000
0.00000
0.00000
0.00000
0.00000
0.00000
0.00000
0.00000
0.00000
0.00000
0.00000
0.00000
0.00000
0.00000
0.00000
0.00000
0.00000
0.00000
0.00000
0.00000
0.00000
0.00000
0.00000
0.00000
0.00000
0.00000
0.00000
0.00000
0.00000
0.00000
0.00000
0.00000
0.00000
0.00000
0.00000
0.00000
0.00000
0.00000
0.00000
0.00000
0.00000
0.00000
0.00000
0.00000
0.00000
0.00000
0.00000
0.00000
0.00000
0.00000
0.00000
0.00000
0.00000
0.00000
0.00000
0.00000
0.00000
0.00000
0.00000
0.00000
0.00000
0.00000
0.00000
0.00000
0.00000
0.00000
0.00000
0.00000
0.00000
0.00000
0.00000
0.00000
0.00000
0.00000
0.00000
0.00000
0.00000
0.00000
0.00000
0.00000
0.00000
0.00000
0.00000
0.00000
0.00000
0.00000
0.00000
0.00000
0.00000
0.00000
0.00000
0.00000
0.00000
0.00000
0.00000
0.00000
0.00000
0.00000
0.00000
0.00000
0.00000
0.00000
0.00000
0.00000
0.00000
0.00000
0.00000
0.00000
0.00000
0.00000
0.00000
0.00000
0.00000
0.00000
0.00000
0.00000
0.00000
0.00000
0.00000
0.00000
0.00000
0.00000
0.00000
0.00000
0.00000
0.00000
0.00000
0.00000
0.00000
0.00000
0.00000
0.00000
0.00000
0.00000
0.00000
0.00000
0.00000
0.00000
0.00000
0.00000
0.00000
0.00000
0.00000
0.00000
0.00000
0.00000
0.00000
0.00000
0.00000
0.00000
0.00000
0.00000
0.00000
0.00000
0.00000
0.00000
0.00000
0.00000
0.00000
0.00000
0.00000
0.00000
0.00000
0.00000
0.00000
0.00000
0.00000
0.00000
0.00000
0.00000
0.00000
0.00000
0.00000
0.00000
0.00000
0.00000
0.00000
0.00000
0.00000
0.00000
0.00000
0.00000
0.00000
0.00000
0.00000
0.00000
0.00000
0.00000
0.00000
0.00000
0.00000
0.00000
0.00000
0.00000
0.00000
0.00000
0.00000
0.00000
0.00000
0.00000
0.00000
0.00000
0.00000
0.00000
0.00000
0.00000
0.00000
0.00000
0.00000
0.00000
0.00000
0.00000
0.00000
0.00000
0.00000
0.00000
0.00000
0.00000
0.00000
0.00000
0.00000
0.00000
0.00000
0.00000
0.00000
0.00000
0.00000
0.00000
0.00000
0.00000
0.00000
0.00000
0.00000
0.00000
0.00000
0.00000
0.00000
0.00000
0.00000
0.00000
0.00000
0.00000
0.00000
0.00000
0.00000
0.00000
0.00000
0.00000
0.00000
0.00000
0.00000
0.00000
0.00000
0.00000
0.00000
0.00000
0.00000
0.00000
0.00000
0.00000
0.00000
0.00000
0.00000
0.00000
0.00000
0.00000
0.00000
0.00000
0.00000
0.00000
0.00000
0.00000
0.00000
0.00000
0.00000
0.00000
0.00000
0.00000
0.00000
0.00000
0.00000
0.00000
0.00000
0.00000
0.00000
0.00000
0.00000
0.00000
0.00000
0.00000
0.00000
0.00000
0.00000
0.00000
0.00000
0.00000
0.00000
0.00000
0.00000
0.00000
0.00000
0.00000
0.00000
0.00000
0.00000
0.00000
0.00000
0.00000
0.00000
0.00000
0.00000
0.00000
0.00000
0.00000
0.00000
0.00000
0.00000
0.00000
0.00000
0.00000
0.00000
0.00000
0.00000
0.00000
0.00000
0.00000
0.00000
0.00000
0.00000
0.00000
0.00000
0.00000
0.00000
0.00000
0.00000
0.00000
0.00000
0.00000
0.00000
0.00000
0.00000
0.00000
0.00000
0.00000
0.00000
0.00000
0.00000
0.00000
0.00000
0.00000
0.00000
0.00000
0.00000
0.00000
0.00000
0.00000
0.00000
0.00000
0.00000
0.00000
0.00000
0.00000
0.00000
0.00000
0.00000
0.00000
0.00000
0.00000
0.00000
0.00000
0.00000
0.00000
0.00000
0.00000
0.00000
0.00000
0.00000
0.00000
0.00000
0.00000
0.00000
0.00000
0.00000
0.00000
0.00000
0.00000
0.00000
0.00000
0.00000
0.00000
0.00000
0.00000
0.00000
0.00000
0.00000
0.00000
0.00000
0.00000
0.00000
0.00000
0.00000
0.00000
0.00000
0.00000
0.00000
0.00000
0.00000
0.00000
0.00000
0.00000
0.00000
0.00000
0.00000
0.00000
0.00000
0.00000
0.00000
0.00000
0.00000
0.00000
0.00000
0.00000
0.00000
0.00000
0.00000
0.00000
0.00000
0.00000
0.00000
0.00000
0.00000
0.00000
0.00000
0.00000
0.00000
0.00000
0.00000
0.00000
0.00000
0.00000
0.00000
0.00000
0.00000
0.00000
0.00000
0.00000
0.00000
0.00000
0.00000
0.00000
0.00000
0.00000
0.00000
0.00000
0.00000
0.00000
0.00000
0.00000
0.00000
0.00000
0.00000
0.00000
0.00000
0.00000
0.00000
0.00000
0.00000
0.00000
0.00000
0.00000
0.00000
0.00000
0.00000
0.00000
0.00000
0.00000
0.00000
0.00000
0.00000
0.00000
0.00000
0.00000
0.00000
0.00000
0.00000
0.00000
0.00000
0.00000
0.00000
0.00000
0.00000
0.00000
0.00000
0.00000
0.00000
0.00000
0.00000
0.00000
0.00000
0.00000
0.00000
0.00000
0.00000
0.00000
0.00000
0.00000
0.00000
0.00000
0.00000
0.00000
0.00000
0.00000
0.00000
0.00000
0.00000
0.00000
0.00000
0.00000
0.00000
0.00000
0.00000
0.00000
0.00000
0.00000
0.00000
0.00000
0.00000
0.00000
0.00000
0.00000
0.00000
0.00000
0.00000
0.00000
0.00000
0.00000
0.00000
0.00000
0.00000
0.00000
0.00000
0.00000
0.00000
0.00000
0.00000
0.00000
0.00000
0.00000
0.00000
0.00000
0.00000
0.00000
0.00000
0.00000
0.00000
0.00000
0.00000
0.00000
0.00000
0.00000
0.00000
0.00000
0.00000
0.00000
0.00000
0.00000
0.00000
0.00000
0.00000
0.00000
0.00000
0.00000
0.00000
0.00000
0.00000
0.00000
0.00000
0.00000
0.00000
0.00000
0.00000
0.00000
0.00000
0.00000
0.00000
0.00000
0.00000
0.00000
0.00000
0.00000
0.00000
0.00000
0.00000
0.00000
0.00000
0.00000
0.00000
0.00000
0.00000
0.00000
0.00000
0.00000
0.00000
0.00000
0.00000
0.00000
0.00000
0.00000
0.00000
0.00000
0.00000
0.00000
0.00000
0.00000
0.00000
0.00000
0.00000
0.00000
0.00000
0.00000
0.00000
0.00000
0.00000
0.00000
0.00000
0.00000
0.00000
0.00000
0.00000
0.00000
0.00000
0.00000
0.00000
0.00000
0.00000
0.00000
0.00000
0.00000
0.00000
0.00000
0.00000
0.00000
0.00000
0.00000
0.00000
0.00000
0.00000
0.00000
0.00000
0.00000
0.00000
0.00000
0.00000
0.00000
0.00000
0.00000
0.00000
0.00000
0.00000
0.00000
0.00000
0.00000
0.00000
0.00000
0.00000
0.00000
0.00000
0.00000
0.00000
0.00000
0.00000
0.00000
0.00000
0.00000
0.00000
0.00000
0.00000
0.00000
0.00000
0.00000
0.00000
0.00000
0.00000
0.00000
0.00000
0.00000
0.00000
0.00000
0.00000
0.00000
0.00000
0.00000
0.00000
0.00000
0.00000
0.00000
0.00000
0.00000
0.00000
0.00000
0.00000
0.00000
0.00000
0.00000
0.00000
0.00000
0.00000
0.00000
0.00000
0.00000
0.00000
0.00000
0.00000
0.00000
0.00000
0.00000
0.00000
0.00000
0.00000
0.00000
0.00000
0.00000
0.00000
0.00000
0.00000
0.00000
0.00000
0.00000
0.00000
0.00000
0.00000
0.00000
0.00000
0.00000
0.00000
0.00000
0.00000
0.00000
0.00000
0.00000
0.00000
0.00000
0.00000
0.00000
0.00000
0.00000
0.00000
0.00000
0.00000
0.00000
0.00000
0.00000
0.00000
0.00000
0.00000
0.00000
0.00000
0.00000
0.00000
0.00000
0.00000
0.00000
0.00000
0.00000
0.00000
0.00000
0.00000
0.00000
0.00000
0.00000
0.00000
0.00000
0.00000
0.00000
0.00000
0.00000
0.00000
0.00000
0.00000
0.00000
0.00000
0.00000
0.00000
0.00000
0.00000
0.00000
0.00000
0.00000
0.00000
0.00000
0.00000
0.00000
0.00000
0.00000
0.00000
0.00000
0.00000
0.00000
0.00000
0.00000
0.00000
0.00000
0.00000
0.00000
0.00000
0.00000
0.00000
0.00000
0.00000
0.00000
0.00000
0.00000
0.00000
0.00000
0.00000
0.00000
0.00000
0.00000
0.00000
0.00000
0.00000
0.00000
0.00000
0.00000
0.00000
0.00000
0.00000
0.00000
0.00000
0.00000
0.00000
0.00000
0.00000
0.00000
0.00000
0.00000
0.00000
0.00000
0.00000
0.00000
0.00000
0.00000
0.00000
0.00000
0.00000
0.00000
0.00000
0.00000
0.00000
0.00000
0.00000
0.00000
0.00000
0.00000
0.00000
0.00000
0.00000
0.00000
0.00000
0.00000
0.00000
0.00000
0.00000
0.00000
0.00000
0.00000
0.00000
0.00000
0.00000
0.00000
0.00000
0.00000
0.00000
0.00000
0.00000
0.00000
0.00000
0.00000
0.00000
0.00000
0.00000
0.00000
0.00000
0.00000
0.00000
0.00000
0.00000
0.00000
0.00000
0.00000
0.00000
0.00000
0.00000
0.00000
0.00000
0.00000
0.00000
0.00000
0.00000
0.00000
0.00000
0.00000
0.00000
0.00000
0.00000
0.00000
0.00000
0.00000
0.00000
0.00000
0.00000
0.00000
0.00000
0.00000
0.00000
0.00000
0.00000
0.00000
0.00000
0.00000
0.00000
0.00000
0.00000
0.00000
0.00000
0.00000
0.00000
0.00000
0.00000
0.00000
0.00000
0.00000
0.00000
0.00000
0.00000
0.00000
0.00000
0.00000
0.00000
0.00000
0.00000
0.00000
0.00000
0.00000
0.00000
0.00000
0.00000
0.00000
0.00000
0.00000
0.00000
0.00000
0.00000
0.00000
0.00000
0.00000
0.00000
0.00000
0.00000
0.00000
0.00000
0.00000
0.00000
0.00000
0.00000
0.00000
0.00000
0.00000
0.00000
0.00000
0.00000
0.00000
0.00000
0.00000
0.00000
0.00000
0.00000
0.00000
0.00000
0.00000
0.00000
0.00000
0.00000
0.00000
0.00000
0.00000
0.00000
0.00000
0.00000
0.00000
0.00000
0.00000
0.00000
0.00000
0.00000
0.00000
0.00000
0.00000
0.00000
0.00000
0.00000
0.00000
0.00000
0.00000
0.00000
0.00000
0.00000
0.00000
0.00000
0.00000
0.00000
0.00000
0.00000
0.00000
0.00000
0.00000
0.00000
0.00000
0.00000
0.00000
0.00000
0.00000
0.00000
0.00000
0.00000
0.00000
0.00000
0.00000
0.00000
0.00000
0.00000
0.00000
0.00000
0.00000
0.00000
0.00000
0.00000
0.00000
0.00000
0.00000
0.00000
0.00000
0.00000
0.00000
0.00000
0.00000
0.00000
0.00000
0.00000
0.00000
0.00000
0.00000
0.00000
0.00000
0.00000
0.00000
0.00000
0.00000
0.00000
0.00000
0.00000
0.00000
0.00000
0.00000
0.00000
0.00000
0.00000
0.00000
0.00000
0.00000
0.00000
0.00000
0.00000
0.00000
0.00000
0.00000
0.00000
0.00000
0.00000
0.00000
0.00000
0.00000
0.00000
0.00000
0.00000
0.00000
0.00000
0.00000
0.00000
0.00000
0.00000
0.00000
0.00000
0.00000
0.00000
0.00000
0.00000
0.00000
0.00000
0.00000
0.00000
0.00000
0.00000
0.00000
0.00000
0.00000
0.00000
0.00000
0.00000
0.00000
0.00000
0.00000
0.00000
0.00000
0.00000
0.00000
0.00000
0.00000
0.00000
0.00000
0.00000
0.00000
0.00000
0.00000
0.00000
0.00000
0.00000
0.00000
0.00000
0.00000
0.00000
0.00000
0.00000
0.00000
0.00000
0.00000
0.00000
0.00000
0.00000
0.00000
0.00000
0.00000
0.00000
0.00000
0.00000
0.00000
0.00000
0.00000
0.00000
0.00000
0.00000
0.00000
0.00000
0.00000
0.00000
0.00000
0.00000
0.00000
0.00000
0.00000
0.00000
0.00000
0.00000
0.00000
0.00000
0.00000
0.00000
0.00000
0.00000
0.00000
0.00000
0.00000
0.00000
0.00000
0.00000
0.00000
0.00000
0.00000
0.00000
0.00000
0.00000
0.00000
0.00000
0.00000
0.00000
0.00000
0.00000
0.00000
0.00000
0.00000
0.00000
0.00000
0.00000
0.00000
0.00000
0.00000
0.00000
0.00000
0.00000
0.00000
0.00000
0.00000
0.00000
0.00000
0.00000
0.00000
0.00000
0.00000
0.00000
0.00000
0.00000
0.00000
0.00000
0.00000
0.00000
0.00000
0.00000
0.00000
0.00000
0.00000
0.00000
0.00000
0.00000
0.00000
0.00000
0.00000
0.00000
0.00000
0.00000
0.00000
0.00000
0.00000
0.00000
0.00000
0.00000
0.00000
0.00000
0.00000
0.00000
0.00000
0.00000
0.00000
0.00000
0.00000
0.00000
0.00000
0.00000
0.00000
0.00000
0.00000
0.00000
0.00000
0.00000
0.00000
0.00000
0.00000
0.00000
0.00000
0.00000
0.00000
0.00000
0.00000
0.00000
0.00000
0.00000
0.00000
0.00000
0.00000
0.00000
0.00000
0.00000
0.00000
0.00000
0.00000
0.00000
0.00000
0.00000
0.00000
0.00000
0.00000
0.00000
0.00000
0.00000
0.00000
0.00000
0.00000
0.00000
0.00000
0.00000
0.00000
0.00000
0.00000
0.00000
0.00000
0.00000
0.00000
0.00000
0.00000
0.00000
0.00000
0.00000
0.00000
0.00000
0.00000
0.00000
0.00000
0.00000
0.00000
0.00000
0.00000
0.00000
0.00000
0.00000
0.00000
0.00000
0.00000
0.00000
0.00000
0.00000
0.00000
0.00000
0.00000
0.00000
0.00000
0.00000
0.00000
0.00000
0.00000
0.00000
0.00000
0.00000
0.00000
0.00000
0.00000
0.00000
0.00000
0.00000
0.00000
0.00000
0.00000
0.00000
0.00000
0.00000
0.00000
0.00000
0.00000
0.00000
0.00000
0.00000
0.00000
0.00000
0.00000
0.00000
0.00000
0.00000
0.00000
0.00000
0.00000
0.00000
0.00000
0.00000
0.00000
0.00000
0.00000
0.00000
0.00000
0.00000
0.00000
0.00000
0.00000
0.00000
0.00000
0.00000
0.00000
0.00000
0.00000
0.00000
0.00000
0.00000
0.00000
0.00000
0.00000
0.00000
0.00000
0.00000
0.00000
0.00000
0.00000
0.00000
0.00000
0.00000
0.00000
0.00000
0.00000
0.00000
0.00000
0.00000
0.00000
0.00000
0.00000
0.00000
0.00000
0.00000
0.00000
0.00000
0.00000
0.00000
0.00000
0.00000
0.00000
0.00000
0.00000
0.00000
0.00000
0.00000
0.00000
0.00000
0.00000
0.00000
0.00000
0.00000
0.00000
0.00000
0.00000
0.00000
0.00000
0.00000
0.00000
0.00000
0.00000
0.00000
0.00000
0.00000
0.00000
0.00000
0.00000
0.00000
0.00000
0.00000
0.00000
0.00000
0.00000
0.00000
0.00000
0.00000
0.00000
0.00000
0.00000
0.00000
0.00000
0.00000
0.00000
0.00000
0.00000
0.00000
0.00000
0.00000
0.00000
0.00000
0.00000
0.00000
0.00000
0.00000
0.00000
0.00000
0.00000
0.00000
0.00000
0.00000
0.00000
0.00000
0.00000
0.00000
0.00000
0.00000
0.00000
0.00000
0.00000
0.00000
0.00000
0.00000
0.00000
0.00000
0.00000
0.00000
0.00000
0.00000
0.00000
0.00000
0.00000
0.00000
0.00000
0.00000
0.00000
0.00000
0.00000
0.00000
0.00000
0.00000
0.00000
0.00000
0.00000
0.00000
0.00000
0.00000
0.00000
0.00000
0.00000
0.00000
0.00000
0.00000
0.00000
0.00000
0.00000
0.00000
0.00000
0.00000
0.00000
0.00000
0.00000
0.00000
0.00000
0.00000
0.00000
0.00000
0.00000
0.00000
0.00000
0.00000
0.00000
0.00000
0.00000
0.00000
0.00000
0.00000
0.00000
0.00000
0.00000
0.00000
0.00000
0.00000
0.00000
0.00000
0.00000
0.00000
0.00000
0.00000
0.00000
0.00000
0.00000
0.00000
0.00000
0.00000
0.00000
0.00000
0.00000
0.00000
0.00000
0.00000
0.00000
0.00000
0.00000
0.00000
0.00000
0.00000
0.00000
0.00000
0.00000
0.00000
0.00000
0.00000
0.00000
0.00000
0.00000
0.00000
0.00000
0.00000
0.00000
0.00000
0.00000
0.00000
0.00000
0.00000
0.00000
0.00000
0.00000
0.00000
0.00000
0.00000
0.00000
0.00000
0.00000
0.00000
0.00000
0.00000
0.00000
0.00000
0.00000
0.00000
0.00000
0.00000
0.00000
0.00000
0.00000
0.00000
0.00000
0.00000
0.00000
0.00000
0.00000
0.00000
0.00000
0.00000
0.00000
0.00000
0.00000
0.00000
0.00000
0.00000
0.00000
0.00000
0.00000
0.00000
0.00000
0.00000
0.00000
0.00000
0.00000
0.00000
0.00000
0.00000
0.00000
0.00000
0.00000
0.00000
0.00000
0.00000
0.00000
0.00000
0.00000
0.00000
0.00000
0.00000
0.00000
0.00000
0.00000
0.00000
0.00000
0.00000
0.00000
0.00000
0.00000
0.00000
0.00000
0.00000
0.00000
0.00000
0.00000
0.00000
0.00000
0.00000
0.00000
0.00000
0.00000
0.00000
0.00000
0.00000
0.00000
0.00000
0.00000
0.00000
0.00000
0.00000
0.00000
0.00000
0.00000
0.00000
0.00000
0.00000
0.00000
0.00000
0.00000
0.00000
0.00000
0.00000
0.00000
0.00000
0.00000
0.00000
0.00000
0.00000
0.00000
0.00000
0.00000
0.00000
0.00000
0.00000
0.00000
0.00000
0.00000
0.00000
0.00000
0.00000
0.00000
0.00000
0.00000
0.00000
0.00000
0.00000
0.00000
0.00000
0.00000
0.00000
0.00000
0.00000
0.00000
0.00000
0.00000
0.00000
0.00000
0.00000
0.00000
0.00000
0.00000
0.00000
0.00000
0.00000
0.00000
0.00000
0.00000
0.00000
0.00000
0.00000
0.00000
0.00000
0.00000
0.00000
0.00000
0.00000
0.00000
0.00000
0.00000
0.00000
0.00000
0.00000
0.00000
0.00000
0.00000
0.00000
0.00000
0.00000
0.00000
0.00000
0.00000
0.00000
0.00000
0.00000
0.00000
0.00000
0.00000
0.00000
0.00000
0.00000
0.00000
0.00000
0.00000
0.00000
0.00000
0.00000
0.00000
0.00000
0.00000
0.00000
0.00000
0.00000
0.00000
0.00000
0.00000
0.00000
0.00000
0.00000
0.00000
0.00000
0.00000
0.00000
0.00000
0.00000
0.00000
0.00000
0.00000
0.00000
0.00000
0.00000
0.00000
0.00000
0.00000
0.00000
0.00000
0.00000
0.00000
0.00000
0.00000
0.00000
0.00000
0.00000
0.00000
0.00000
0.00000
0.00000
0.00000
0.00000
0.00000
0.00000
0.00000
0.00000
0.00000
0.00000
0.00000
0.00000
0.00000
0.00000
0.00000
0.00000
0.00000
0.00000
0.00000
0.00000
0.00000
0.00000
0.00000
0.00000
0.00000
0.00000
0.00000
0.00000
0.00000
0.00000
0.00000
0.00000
0.00000
0.00000
0.00000
0.00000
0.00000
0.00000
0.00000
0.00000
0.00000
0.00000
0.00000
0.00000
0.00000
0.00000
0.00000
0.00000
0.00000
0.00000
0.00000
0.00000
0.00000
0.00000
0.00000
0.00000
0.00000
0.00000
0.00000
0.00000
0.00000
0.00000
0.00000
0.00000
0.00000
0.00000
0.00000
0.00000
0.00000
0.00000
0.00000
0.00000
0.00000
0.00000
0.00000
0.00000
0.00000
0.00000
0.00000
0.00000
0.00000
0.00000
0.00000
0.00000
0.00000
0.00000
0.00000
0.00000
0.00000
0.00000
0.00000
0.00000
0.00000
0.00000
0.00000
0.00000
0.00000
0.00000
0.00000
0.00000
0.00000
0.00000
0.00000
0.00000
0.00000
0.00000
0.00000
0.00000
0.00000
0.00000
0.00000
0.00000
0.00000
0.00000
0.00000
0.00000
0.00000
0.00000
0.00000
0.00000
0.00000
0.00000
0.00000
0.00000
0.00000
0.00000
0.00000
0.00000
0.00000
0.00000
0.00000
0.00000
0.00000
0.00000
0.00000
0.00000
0.00000
0.00000
0.00000
0.00000
0.00000
0.00000
0.00000
0.00000
0.00000
0.00000
0.00000
0.00000
0.00000
0.00000
0.00000
0.00000
0.00000
0.00000
0.00000
0.00000
0.00000
0.00000
0.00000
0.00000
0.00000
0.00000
0.00000
0.00000
0.00000
0.00000
0.00000
0.00000
0.00000
0.00000
0.00000
0.00000
0.00000
0.00000
0.00000
0.00000
0.00000
0.00000
0.00000
0.00000
0.00000
0.00000
0.00000
0.00000
0.00000
0.00000
0.00000
0.00000
0.00000
0.00000
0.00000
0.00000
0.00000
0.00000
0.00000
0.00000
0.00000
0.00000
0.00000
0.00000
0.00000
0.00000
0.00000
0.00000
0.00000
0.00000
0.00000
0.00000
0.00000
0.00000
0.00000
0.00000
0.00000
0.00000
0.00000
0.00000
0.00000
0.00000
0.00000
0.00000
0.00000
0.00000
0.00000
0.00000
0.00000
0.00000
0.00000
0.00000
0.00000
0.00000
0.00000
0.00000
0.00000
0.00000
0.00000
0.00000
0.00000
0.00000
0.00000
0.00000
0.00000
0.00000
0.00000
0.00000
0.00000
0.00000
0.00000
0.00000
0.00000
0.00000
0.00000
0.00000
0.00000
0.00000
0.00000
0.00000
0.00000
0.00000
0.00000
0.00000
0.00000
0.00000
0.00000
0.00000
0.00000
0.00000
0.00000
0.00000
0.00000
0.00000
0.00000
0.00000
0.00000
0.00000
0.00000
0.00000
0.00000
0.00000
0.00000
0.00000
0.00000
0.00000
0.00000
0.00000
0.00000
0.00000
0.00000
0.00000
0.00000
0.00000
0.00000
0.00000
0.00000
0.00000
0.00000
0.00000
0.00000
0.00000
0.00000
0.00000
0.00000
0.00000
0.00000
0.00000
0.00000
0.00000
0.00000
0.00000
0.00000
0.00000
0.00000
0.00000
0.00000
0.00000
0.00000
0.00000
0.00000
0.00000
0.00000
0.00000
0.00000
0.00000
0.00000
0.00000
0.00000
0.00000
0.00000
0.00000
0.00000
0.00000
0.00000
0.00000
0.00000
0.00000
0.00000
0.00000
0.00000
0.00000
0.00000
0.00000
0.00000
0.00000
0.00000
0.00000
0.00000
0.00000
0.00000
0.00000
0.00000
0.00000
0.00000
0.00000
0.00000
0.00000
0.00000
0.00000
0.00000
0.00000
0.00000
0.00000
0.00000
0.00000
0.00000
0.00000
0.00000
0.00000
0.00000
0.00000
0.00000
0.00000
0.00000
0.00000
0.00000
0.00000
0.00000
0.00000
0.00000
0.00000
0.00000
0.00000
0.00000
0.00000
0.00000
0.00000
0.00000
0.00000
0.00000
0.00000
0.00000
0.00000
0.00000
0.00000
0.00000
0.00000
0.00000
0.00000
0.00000
0.00000
0.00000
0.00000
0.00000
0.00000
0.00000
0.00000
0.00000
0.00000
0.00000
0.00000
0.00000
0.00000
0.00000
0.00000
0.00000
0.00000
0.00000
0.00000
0.00000
0.00000
0.00000
0.00000
0.00000
0.00000
0.00000
0.00000
0.00000
0.00000
0.00000
0.00000
0.00000
0.00000
0.00000
0.00000
0.00000
0.00000
0.00000
0.00000
0.00000
0.00000
0.00000
0.00000
0.00000
0.00000
0.00000
0.00000
0.00000
0.00000
0.00000
0.00000
0.00000
0.00000
0.00000
0.00000
0.00000
0.00000
0.00000
0.00000
0.00000
0.00000
0.00000
0.00000
0.00000
0.00000
0.00000
0.00000
0.00000
0.00000
0.00000
0.00000
0.00000
0.00000
0.00000
0.00000
0.00000
0.00000
0.00000
0.00000
0.00000
0.00000
0.00000
0.00000
0.00957
0.05063
0.12567
0.12567
0.23192
0.36429
0.51886
0.69296
0.88385
1.09040
1.31024
1.54082
1.78032
2.02712
2.28031
2.53773
2.79920
3.06385
3.32977
3.59459
3.85846
4.12182
4.38498
4.64672
4.90811
5.16919
5.42986
5.68744
5.94122
6.19260
6.44251
6.69003
6.93737
7.18336
7.42816
7.67250
7.91647
8.16009
8.40378
8.64686
8.88995
9.13259
9.37531
9.61786
9.86047
10.10338
10.34654
10.58793
10.83044
11.07028
11.30639
11.60574
12.02602
12.54985
13.16500
13.82451
14.50135
15.19719
15.19719
15.90880
16.63743
17.31955
17.90028
18.37544
18.68233
18.77001
18.66241
18.39046
17.98533
17.47626
16.88933
16.24675
15.57090
14.87173
14.16913
13.48926
12.84781
12.25402
11.70505
11.18835
10.70882
10.26505
9.89989
9.89989
9.62517
9.42985
9.30200
9.23816
9.23706
9.29737
9.41744
9.59524
9.85609
10.22021
10.66398
11.16822
11.71832
12.30176
12.92375
13.56793
14.22239
14.86412
15.47970
16.08219
16.68178
17.27058
17.84997
18.41044
18.94663
19.40093
19.73812
19.96561
20.09842
20.14622
20.11892
20.01998
19.83074
19.54127
19.17507
18.74788
18.25422
17.70289
17.09273
16.43338
15.69653
14.98876
14.28299
13.59710
12.94320
12.33089
11.74680
11.19265
10.71100
10.32193
10.02097
9.79443
9.63202
9.53224
9.49441
9.51821
9.60309
9.77922
10.06534
10.43845
10.87941
11.36668
11.90682
12.49725
13.13445
13.79031
14.45430
15.10408
15.72691
16.33519
16.93824
17.52851
18.10220
18.65504
19.12940
19.49701
19.76238
19.93425
20.02226
20.03588
19.97903
19.85405
19.64110
19.32844
18.93860
18.49532
17.99225
17.42881
16.81357
16.15080
15.47288
14.79000
14.12096
13.48060
12.86411
12.26371
11.68069
11.16524
10.73924
10.40065
10.13836
9.93995
9.80230
9.72489
9.70789
9.75055
9.88724
10.13994
10.48584
10.90292
11.37413
11.89646
12.47086
13.09244
13.73847
14.39719
15.04700
15.66792
16.27296
16.87096
17.46031
18.03448
18.58711
19.06173
19.43089
19.69974
19.87759
19.97450
19.99816
19.95192
19.83793
19.63539
19.33180
18.95202
18.51425
18.01766
17.45978
16.84968
16.19115
15.51602
14.81801
14.15004
13.50790
12.88774
12.28208
11.68500
11.16195
10.73009
10.38586
10.12103
9.91999
9.78004
9.70074
9.68728
9.77502
9.98136
10.28054
10.64928
11.08281
11.58200
12.14381
12.74570
13.37860
14.01748
14.64431
15.26378
15.88785
16.51433
17.13732
17.69246
18.14894
18.50832
18.77796
18.96267
19.07683
19.12392
19.06900
18.89365
18.62342
18.28159
17.86850
17.38569
16.84052
16.25544
15.63889
15.01719
14.40700
13.79906
13.18265
12.61821
12.12971
11.72153
11.38368
11.10049
10.86995
10.69158
10.56748
10.54672
10.65705
10.87465
11.17714
11.54621
11.98132
12.47990
13.04915
13.64560
14.25467
14.85581
15.44864
16.04947
16.65673
17.26404
17.81248
18.25288
18.59755
18.85098
19.02854
19.13817
19.18053
19.12151
18.94504
18.67763
18.33946
17.92867
17.44974
16.90580
16.32021
15.70311
15.07823
14.46531
13.85232
13.23087
12.58863
12.58863
12.00355
11.50362
11.09064
10.76204
10.49950
10.28971
10.12899
10.01545
9.94564
9.91476
9.91802
9.94961
10.00368
10.07550
10.15920
10.24960
10.34164
10.42894
10.50708
10.57073
10.61659
10.64529
10.65867
10.65798
10.64424
10.61983
10.58667
10.54487
10.49446
10.43691
10.37351
10.30534
10.23331
10.15803
10.08014
10.00010
9.91862
9.83559
9.75154
9.66667
9.58107
9.49489
9.40825
9.32104
9.23359
9.14592
9.05803
8.97006
8.88197
8.79380
8.70553
8.61686
8.52890
8.44058
8.35222
8.26392
8.17556
8.08720
7.99898
7.91060
7.82236
7.73416
7.64602
7.55789
7.46975
7.38167
7.29367
7.20543
7.11786
7.02991
6.94196
6.85409
6.76622
6.67841
6.59063
6.50276
6.41506
6.32715
6.23938
6.15166
6.06396
5.97631
5.88864
5.80099
5.71337
5.62574
5.53809
5.45025
5.36249
5.27480
5.18709
5.09920
5.01196
4.92428
4.83658
4.74900
4.66142
4.57381
4.48610
4.39829
4.31070
4.22304
4.13542
4.04781
3.96016
3.87259
3.78502
3.69719
3.60984
3.52224
3.43464
3.34703
3.25941
3.17176
3.08418
2.99635
2.90912
2.82143
2.73376
2.64616
2.55849
2.47083
2.38113
2.29336
2.20582
2.11817
2.02887
1.94127
1.85367
1.76602
1.67839
1.59063
1.50309
1.41546
1.46787
1.78608
2.09931
2.14912
1.94368
1.50581
0.87571
0.10712
-0.73514
-1.58132
-2.37681
-3.08996
-3.70700
-4.22663
-4.68087
-5.01117
-5.13199
-5.03986
-4.78229
-4.41580
-3.96874
-3.46383
-2.91685
-2.31778
-1.67191
-0.98305
-0.25785
0.44102
1.05674
1.53767
1.85056
2.15659
2.60425
3.04142
3.32547
3.44255
3.39196
3.18593
2.85115
2.41744
1.93557
1.42804
0.87830
0.28631
-0.33267
-0.92202
-1.49882
-2.07344
-2.64415
-3.20544
-3.74710
-4.26633
-4.71282
-5.06796
-5.33828
-5.53619
-5.67243
-5.75092
-5.77312
-5.74099
-5.61244
-5.35709
-5.00163
-4.56773
-4.07461
-3.53664
-2.94843
-2.31791
-1.67902
-1.05055
-0.44782
0.15793
0.76144
1.35996
1.94828
2.45964
2.86337
3.16282
3.36493
3.48182
3.52457
3.49656
3.37129
3.13632
2.81699
2.43049
1.97769
1.45512
0.87408
0.26084
-0.37560
-1.01178
-1.63175
-2.24862
-2.86962
-3.43689
-3.92496
-4.33220
-4.66805
-4.94801
-5.17441
-5.34613
-5.46121
-5.52395
-5.66208
-5.98826
-6.46863
-7.06042
-7.71132
-8.36913
-8.98243
-9.51977
-9.96768
-10.32746
-10.61875
-10.86190
-11.06252
-11.22269
-11.34544
-11.43811
-11.50775
-11.56313
-11.61253
-11.66136
-11.71535
-11.78161
-11.86353
-11.96531
-12.09046
-12.23959
-12.41278
-12.61314
-12.84237
-13.09982
-13.38265
-13.68793
-14.01187
-14.35348
-14.71036
-15.07976
-15.45968
-15.84884
-16.24384
-16.64506
-17.05120
-17.46148
-17.87488
-18.29046
-18.70801
-19.12821
-19.54690
-19.96876
-20.39144
-20.81453
-21.23842
-21.66183
-22.08632
-22.51162
-22.93603
-23.36082
-23.78574
-24.21038
-24.63557
-25.06098
-25.48707
-25.91382
-26.33945
-26.76531
-27.19088
-27.61540
-28.04118
-28.46725
-28.89308
-29.31990
-29.74470
-30.17047
-30.59647
-31.02149
-31.44701
-31.87226
-32.29748
-32.72331
-33.14677
-33.57183
-33.99709
-34.42212
-34.84726
-35.27264
-35.69784
-36.12379
-36.54852
-36.97335
-37.39835
-37.82356
-38.24875
-38.67395
-39.09885
-39.52527
-39.94837
-40.37369
-40.79856
-41.22397
-41.64890
-42.07370
-42.49851
-42.92417
-43.34932
-43.77443
-44.19966
-44.62459
-45.04956
-45.47457
-45.89931
-46.32560
-46.74498
-47.16258
-47.57764
-47.99159
-48.40416
-48.81589
-49.22827
-49.63928
-50.04786
-50.45708
-50.86624
-51.27534
-51.68390
-52.09236
-52.50067
-52.90942
-53.31725
-53.72526
-54.13287
-54.54257
-54.95469
-55.36929
-55.78582
-56.20478
-56.62393
-57.04440
-57.46579
-57.88802
-58.31087
-58.73427
-59.15832
-59.53663
-59.83113
-60.05039
-60.20148
-60.28750
-60.34615
-60.41071
-60.48009
-60.55351
-60.70068
-60.98525
-61.38878
-61.94082
-62.64685
-63.44502
-64.29331
-65.15721
-66.00022
-66.80660
-67.54469
-68.16394
-68.65220
-69.01023
-69.24583
-69.36986
-69.39493
-69.33403
-69.19783
-68.97065
-68.64783
-68.25332
-67.80015
-67.27944
-66.69919
-66.06407
-65.38471
-64.69293
-63.99359
-63.31261
-62.66287
-62.05548
-61.47463
-60.91675
-60.42975
-60.03489
-59.72638
-59.49117
-59.31979
-59.20984
-59.16175
-59.21427
-59.39156
-59.66870
-60.02153
-60.43624
-60.91729
-61.46015
-62.03939
-62.65204
-63.27188
-63.88518
-64.51016
-65.16510
-65.81400
-66.40454
-66.90151
-67.30373
-67.61819
-67.86221
-68.03667
-68.14505
-68.18765
-68.13038
-67.95612
-67.68935
-67.35200
-66.93567
-66.44880
-65.91085
-65.32448
-64.69625
-64.06133
-63.43911
-62.84374
-62.25391
-61.65048
-61.05050
-60.51838
-60.07815
-59.73418
-59.47081
-59.28657
-59.16805
-59.15468
-59.26651
-59.47472
-59.75833
-60.11648
-60.55399
-61.05554
-61.62057
-62.22289
-62.85554
-63.49393
-64.13559
-64.78415
-65.42310
-66.06005
-66.63717
-67.12167
-67.51000
-67.80645
-68.02185
-68.17490
-68.26895
-68.29776
-68.22615
-68.03683
-67.75463
-67.40172
-66.97928
-66.49139
-65.92717
-65.30841
-64.65209
-63.96808
-63.28599
-62.62784
-62.00646
-61.43157
-60.86555
-60.31342
-59.83241
-59.44774
-59.15928
-58.95811
-58.83057
-58.77157
-58.81320
-58.97178
-59.21934
-59.53986
-59.93585
-60.39478
-60.91688
-61.49710
-62.11134
-62.75144
-63.39448
-64.04226
-64.69786
-65.34852
-65.99305
-66.57338
-67.06307
-67.45508
-67.75681
-67.98804
-68.14968
-68.24306
-68.26994
-68.19871
-68.01176
-67.73438
-67.38868
-66.97185
-66.47618
-65.91407
-65.30502
-64.65663
-64.00047
-63.35895
-62.74566
-62.15046
-61.56356
-60.97092
-60.44189
-60.00401
-59.65372
-59.39194
-59.20478
-59.08578
-59.07214
-59.18239
-59.39206
-59.68224
-60.04920
-60.49058
-61.00073
-61.55492
-62.15049
-62.77914
-63.41628
-64.04296
-64.66967
-65.30465
-65.94123
-66.59088
-67.17507
-67.66167
-68.04828
-68.33971
-68.53999
-68.65389
-68.69351
-68.66537
-68.57258
-68.39166
-68.10679
-67.74358
-67.31905
-66.83685
-66.29740
-65.70081
-65.05624
-64.39148
-63.71706
-63.06023
-62.43409
-61.84493
-61.27918
-60.72957
-60.20296
-59.70694
-59.28662
-58.96144
-58.72385
-58.56355
-58.47169
-58.44687
-58.48825
-58.62394
-58.87105
-59.20501
-59.60562
-60.06923
-60.59134
-61.17220
-61.80234
-62.45443
-63.11983
-63.77710
-64.42146
-65.06273
-65.70500
-66.34547
-66.97306
-67.53022
-67.98591
-68.34008
-68.60007
-68.77382
-68.86666
-68.88920
-68.84261
-68.72637
-68.54663
-68.30909
-68.00621
-67.63916
-67.21509
-66.73315
-66.19582
-65.60810
-64.97082
-64.29706
-63.58724
-62.84321
-62.07080
-61.27796
-60.46952
-59.64611
-58.81024
-57.98055
-57.15909
-56.35467
-55.56390
-54.78497
-54.00803
-53.24275
-52.48033
-51.72131
-50.96287
-50.20415
-49.44579
-48.69216
-47.94125
-47.19220
-46.44277
-45.69632
-44.94983
-44.20313
-43.45675
-42.70993
-41.96320
-41.21715
-40.46946
-39.72349
-38.97669
-38.22987
-37.48352
-36.73740
-35.99062
-35.24420
-34.49588
-33.75234
-33.00595
-32.25987
-31.46810
-30.59790
-29.68125
-28.74189
-27.83541
-27.03493
-26.39616
-25.96387
-25.70076
-25.56210
-25.55155
-25.65571
-25.86348
-26.16151
-26.55461
-27.03853
-27.58887
-28.18431
-28.80884
-29.45877
-30.14272
-30.85229
-31.58402
-32.30297
-32.99435
-33.64480
-34.24733
-34.81270
-35.35128
-35.85533
-36.32909
-36.72647
-37.03102
-37.25044
-37.39678
-37.47556
-37.48943
-37.44044
-37.29872
-37.04460
-36.70097
-36.28916
-35.82410
-35.30322
-34.72407
-34.09692
-33.44836
-32.78611
-32.13005
-31.49339
-30.85777
-30.22409
-29.59145
-28.97597
-28.42888
-27.98287
-27.63773
-27.38610
-27.21813
-27.12137
-27.09280
-27.13137
-27.23560
-27.42793
-27.72195
-28.09534
-28.52715
-29.01700
-29.56813
-30.17045
-30.81853
-31.48802
-32.16788
-32.83400
-33.47070
-34.06842
-34.64346
-35.20082
-35.73544
-36.24024
-36.66923
-37.00218
-37.24617
-37.41094
-37.50658
-37.53494
-37.49664
-37.36388
-37.12027
-36.78835
-36.39061
-35.93083
-35.40923
-34.83592
-34.20720
-33.55734
-32.89545
-32.24051
-31.59904
-30.96056
-30.31903
-29.68022
-29.05326
-28.49749
-28.04304
-27.68828
-27.42854
-27.25525
-27.15451
-27.12175
-27.15577
-27.25552
-27.44393
-27.73578
-28.10781
-28.54034
-29.03200
-29.57895
-30.18175
-30.83039
-31.50077
-32.18099
-32.84688
-33.48336
-34.08218
-34.65596
-35.20874
-35.74084
-36.24422
-36.67153
-37.00372
-37.24711
-37.41157
-37.50607
-37.53412
-37.49554
-37.36290
-37.11991
-36.79026
-36.39432
-35.93723
-35.42092
-34.84458
-34.21786
-33.56931
-32.90746
-32.25278
-31.60989
-30.96834
-30.32681
-29.68652
-29.05897
-28.50199
-28.04715
-27.69273
-27.43280
-27.25904
-27.15882
-27.12765
-27.16386
-27.26592
-27.45640
-27.74869
-28.12339
-28.56340
-29.05490
-29.60435
-30.21452
-30.84763
-31.51539
-32.15319
-32.76467
-33.35690
-33.93740
-34.51242
-35.07408
-35.56493
-35.96360
-36.27403
-36.50649
-36.67372
-36.77754
-36.77732
-36.64931
-36.41910
-36.10998
-35.73227
-35.28404
-34.76594
-34.20700
-33.60681
-32.98900
-32.37805
-31.75082
-31.10496
-30.45209
-29.85279
-29.34439
-28.92617
-28.59815
-28.34874
-28.16672
-28.04879
-27.99370
-28.03968
-28.20541
-28.46632
-28.79975
-29.20331
-29.67697
-30.21642
-30.80319
-31.42971
-32.06188
-32.68003
-33.27574
-33.86172
-34.44495
-34.96598
-35.40309
-35.75770
-36.04529
-36.27586
-36.44985
-36.56587
-36.62840
-36.57543
-36.36876
-36.04279
-35.62840
-35.15109
-34.62361
-34.03475
-33.37933
-32.66729
-31.90236
-31.08563
-30.23225
-29.34291
-28.42417
-27.48086
-26.51152
-25.53627
-24.56180
-23.59591
-22.64092
-21.70288
-20.77428
-19.85314
-18.93204
-18.01316
-17.08930
-16.16805
-15.24749
-14.32573
-13.40191
-12.47489
-11.55188
-10.62974
-9.70581
-8.77328
-7.82474
-6.88736
-5.99232
-5.19733
-4.52694
-3.99356
-3.60111
-3.34451
-3.25856
-3.36403
-3.62667
-4.01367
-4.49540
-5.04723
-5.64855
-6.28419
-6.94647
-7.62322
-8.29294
-8.94167
-9.58232
-10.22153
-10.85714
-11.48477
-12.03880
-12.48944
-12.83794
-13.09137
-13.26102
-13.36020
-13.39319
-13.36054
-13.23339
-12.99378
-12.66625
-12.27178
-11.81627
-11.29663
-10.71758
-10.09892
-9.45638
-8.81162
-8.18700
-7.58966
-7.00481
-6.42769
-5.91534
-5.48887
-5.14717
-4.87207
-4.65523
-4.49640
-4.39616
-4.39998
-4.53312
-4.77041
-5.08839
-5.47093
-5.92230
-6.43725
-6.99659
-7.59260
-8.20004
-8.80469
-9.42053
-10.05615
-10.70328
-11.29374
-11.79457
-12.20156
-12.51720
-12.75581
-12.92835
-13.03844
-13.08445
-13.03005
-12.85658
-12.58868
-12.24867
-11.83835
-11.35947
-10.81845
-10.23146
-9.60653
-8.97524
-8.35853
-7.76377
-7.17123
-6.58639
-6.06350
-5.62390
-5.26674
-4.97714
-4.74509
-4.56976
-4.45218
-4.43942
-4.55724
-4.78137
-5.08793
-5.46106
-5.90158
-6.40949
-6.96434
-7.55642
-8.16113
-8.76545
-9.38136
-10.01342
-10.65727
-11.24537
-11.74542
-12.15204
-12.46891
-12.70815
-12.88240
-12.99408
-13.04313
-12.99208
-12.82031
-12.55428
-12.21571
-11.80854
-11.33189
-10.79376
-10.20877
-9.58535
-8.95469
-8.33968
-7.74587
-7.16002
-6.57697
-6.05616
-5.61917
-5.26485
-4.97649
-4.74675
-4.57278
-4.45669
-4.44496
-4.56375
-4.78855
-5.09628
-5.47308
-5.91565
-6.42555
-6.98112
-7.57531
-8.18214
-8.78270
-9.39764
-10.03171
-10.67583
-11.26442
-11.76407
-12.17025
-12.48767
-12.72706
-12.90114
-13.01273
-13.06132
-13.00959
-12.83736
-12.57069
-12.23175
-11.82352
-11.34546
-10.80449
-10.22107
-9.59740
-8.96701
-8.35120
-7.75714
-7.16579
-6.58060
-6.05654
-5.61932
-5.26304
-4.97403
-4.74292
-4.56858
-4.45202
-4.43996
-4.55882
-4.78347
-5.09140
-5.46716
-5.91051
-6.42125
-6.97733
-7.57178
-8.17873
-8.77870
-9.39411
-10.02728
-10.67303
-11.26186
-11.76175
-12.16867
-12.48632
-12.72494
-12.89867
-13.00985
-13.05853
-13.00696
-12.83491
-12.56818
-12.22827
-11.82240
-11.34577
-10.80735
-10.22189
-9.59877
-8.96881
-8.35324
-7.75760
-7.16844
-6.58293
-6.05973
-5.62017
-5.26304
-4.97321
-4.74136
-4.56595
-4.44886
-4.43612
-4.55387
-4.77769
-5.08336
-5.45587
-5.89599
-6.40490
-6.95844
-7.55105
-8.15569
-8.75963
-9.37563
-10.00817
-10.65243
-11.24207
-11.73967
-12.14662
-12.46407
-12.70328
-12.87736
-12.98931
-13.03817
-13.02677
-12.96449
-12.85975
-12.71628
-12.53767
-12.32955
-12.09439
-11.83642
-11.55671
-11.25986
-10.94825
-10.62195
-10.28564
-9.94145
-9.59083
-9.23477
-8.87624
-8.51737
-8.15760
-7.79753
-7.43705
-7.08019
-6.72654
-6.37561
-6.02580
-5.67804
-5.33458
-4.99510
-4.65837
-4.32408
-3.99150
-3.66060
-3.32986
-3.00068
-2.67192
-2.34367
-2.01568
-1.68807
-1.36157
-1.03449
-0.70719
-0.38063
-0.05385
0.27294
0.59949
0.92628
1.25263
1.57895
1.90601
2.23238
2.55594
2.87577
3.24747
3.72734
4.30399
5.00366
5.82001
6.69174
7.57690
8.44376
9.27144
10.04574
10.75253
11.35892
11.83034
12.16710
12.37937
12.47877
12.47741
12.38732
12.22215
11.96721
11.61189
11.18588
10.70571
10.17029
9.57852
8.93536
8.27420
7.60602
6.94703
6.31230
5.68643
5.06156
4.44684
3.89686
3.43711
3.06620
2.77712
2.55281
2.38833
2.27746
2.22028
2.21794
2.32056
2.56182
2.91358
3.34551
3.84159
4.38232
4.96938
5.58729
6.20851
6.81334
7.40714
8.00052
8.59586
9.18683
9.76561
10.26951
10.66989
10.97109
11.18560
11.32906
11.40680
11.41924
11.32983
11.11820
10.81124
10.43264
9.99052
9.47454
8.89839
8.26857
7.61066
6.93198
6.25503
5.59705
4.97060
4.38207
3.79307
3.26894
2.83291
2.48304
2.20857
2.00683
1.87163
1.80117
1.79468
1.88465
2.09173
2.38182
2.74488
3.17653
3.67322
4.22782
4.83030
5.47264
6.12572
6.76400
7.38641
8.00929
8.63669
9.26535
9.89108
10.50054
11.02517
11.42585
11.70978
11.88084
11.95310
11.93710
11.84379
11.65915
11.37312
11.00698
10.57993
10.09264
9.54133
8.93562
8.30613
7.66624
7.03539
6.40120
5.77865
5.15766
4.54479
3.92976
3.38305
2.93432
2.58147
2.31463
2.11657
1.98175
1.91472
1.95366
2.11755
2.37945
2.71624
3.12104
3.60354
4.15282
4.74993
5.38305
6.02794
6.66280
7.28291
7.90448
8.52751
9.16324
9.77792
10.31380
10.74406
11.06821
11.29425
11.43122
11.49029
11.44525
11.28637
11.04241
10.72763
10.33706
9.87227
9.33832
8.74284
8.11439
7.46176
6.81247
6.17402
5.55281
4.93753
4.37654
3.89454
3.49477
3.15906
2.87568
2.64240
2.46398
2.34280
2.27776
2.31390
2.48469
2.77043
3.14230
3.58268
4.08291
4.63776
5.23844
5.85149
6.45574
7.05036
7.64921
8.26029
8.87412
9.48085
10.08784
10.62204
11.05000
11.37426
11.60000
11.73147
11.77311
11.70449
11.51588
11.23531
10.88569
10.45464
9.95259
9.38476
8.76041
8.10280
7.42444
6.74896
6.09289
5.46216
4.82521
4.19085
3.61876
3.13546
2.74379
2.44300
2.22215
2.06800
1.97836
1.94688
1.97330
2.10031
2.35457
2.70509
3.12908
3.61052
4.14015
4.72362
5.34122
5.98138
6.61611
7.22824
7.83906
8.45366
9.06193
9.66396
10.23517
10.79021
11.26556
11.62894
11.88620
12.04630
12.11704
12.10305
11.98289
11.75103
11.43438
11.04298
10.58041
10.04851
9.46003
8.83184
8.14945
7.45059
6.74488
6.05439
5.39123
4.75725
4.14491
3.55148
2.98914
2.44034
1.90493
1.90493
1.38233
0.87317
0.37568
-0.10509
-0.57519
-1.03059
-1.47053
-1.89859
-2.30469
-2.70478
-3.07245
-3.41698
-3.74207
-4.04532
-4.32632
-4.58430
-4.81889
-5.02967
-5.21798
-5.38253
-5.52403
-5.64351
-5.74130
-5.81805
-5.87520
-5.91450
-5.93706
-5.94406
-5.93784
-5.92057
-5.89452
-5.86201
-5.82532
-5.78679
-5.74853
-5.71307
-5.68211
-5.65342
-5.63364
-5.62376
-5.61881
-5.61881
-5.61634
-5.61510
-5.61448
-5.61418
-5.61402
-5.61394
-5.61390
-5.61389
-5.61388
-5.61387
-5.61387
-5.61387
-5.61387
-5.61387
-5.61387
-5.61387
-5.61387
-5.61387
-5.61387
-5.61387
-5.61387
-5.61387
-5.61387
-5.61387
-5.61387
-5.61387
-5.61387
-5.61387
-5.61387
-5.61387
-5.61387
-5.61387
-5.61387
-5.61387
-5.61387
-5.61387
-5.61387
-5.61387
-5.61387
-5.61387
-5.61387
-5.61387
-5.61387
-5.61387
-5.61387
-5.61387
-5.61387
-5.61387
-5.61387
-5.61387
-5.61387
-5.61387
-5.61387
-5.61387
-5.61387
-5.61387
-5.61387
-5.61387
-5.61387
-5.61387
-5.61387
-5.61387
-5.61387
-5.61387
-5.61387
-5.61387
-5.61387
-5.61387
-5.61387
-5.61387
-5.61387
-5.61387
-5.61387
-5.61387
-5.61387
-5.61387
-5.61387
-5.61387
-5.61387
-5.61387
-5.61387
-5.61387
-5.61387
-5.61387
-5.61387
-5.61387
-5.61387
-5.61387
-5.61387
-5.61387
-5.61387
-5.61387
-5.61387
-5.61387
-5.61387
-5.61387
-5.61387
-5.61387
-5.61387
-5.61387
-5.61387
-5.61387
-5.61387
0.00000
0.00000
0.00000
0.00000
0.00000
0.00000
0.00000
0.00000
0.00000
0.00000
0.00000
0.00000
0.00000
0.00000
0.00000
0.00000
0.00000
0.00000
0.00000
0.00000
0.00000
0.00000
0.00000
0.00000
0.00000
0.00000
0.00000
0.00000
0.00000
0.00000
0.00000
0.00000
0.00000
0.00000
0.00000
0.00000
0.00000
0.00000
0.00000
0.00000
0.00000
0.00000
0.00000
0.00000
0.00000
0.00000
0.00000
0.00000
0.00000
0.00000
0.00000
0.00000
0.00000
0.00000
0.00000
0.00000
0.00000
0.00000
0.00000
0.00000
0.00000
0.00000
0.00000
0.00000
0.00000
0.00000
0.00000
0.00000
0.00000
0.00000
0.00000
0.00000
0.00000
0.00000
0.00000
0.00000
0.00000
0.00000
0.00000
0.00000
0.00000
0.00000
0.00000
0.00000
0.00000
0.00000
0.00000
0.00000
0.00000
0.00000
0.00000
0.00000
0.00000
0.00000
0.00000
0.00000
0.00000
0.00000
0.00000
0.00000
0.00000
0.00000
0.00000
0.00000
0.00000
0.00000
0.00000
0.00000
0.00000
0.00000
0.00000
0.00000
0.00000
0.00000
0.00000
0.00000
0.00000
0.00000
0.00000
0.00000
0.00000
0.00000
0.00000
0.00000
0.00000
0.00000
0.00000
0.00000
0.00000
0.00000
0.00000
0.00000
0.00000
0.00000
0.00000
0.00000
0.00000
0.00000
0.00000
0.00000
0.00000
0.00000
0.00000
0.00000
0.00000
0.00000
0.00000
0.00000
0.00000
0.00000
0.00000
0.00000
0.00000
0.00000
0.00000
0.00000
0.00000
0.00000
0.00000
0.00000
0.00000
0.00000
0.00000
0.00000
0.00000
0.00000
0.00000
0.00000
0.00000
0.00000
0.00000
0.00000
0.00000
0.00000
0.00000
0.00000
0.00000
0.00000
0.00000
0.00000
0.00000
0.00000
0.00000
0.00000
0.00000
0.00000
0.00000
0.00000
0.00000
0.00000
0.00000
0.00000
0.00000
0.00000
0.00000
0.00000
0.00000
0.00000
0.00000
0.00000
0.00000
0.00000
0.00000
0.00000
0.00000
0.00000
0.00000
0.00000
0.00000
0.00000
0.00000
0.00000
0.00000
0.00000
0.00000
0.00000
0.00000
0.00000
0.00000
0.00000
0.00000
0.00000
0.00000
0.00000
0.00000
0.00000
0.00000
0.00000
0.00000
0.00000
0.00000
0.00000
0.00000
0.00000
0.00000
0.00000
0.00000
0.00000
0.00000
0.00000
0.00000
0.00000
0.00000
0.00000
0.00000
0.00000
0.00000
0.00000
0.00000
0.00000
0.00000
0.00000
0.00000
0.00000
0.00000
0.00000
0.00000
0.00000
0.00000
0.00000
0.00000
0.00000
0.00000
0.00000
0.00000
0.00000
0.00000
0.00000
0.00000
0.00000
0.00000
0.00000
0.00000
0.00000
0.00000
0.00000
0.00000
0.00000
0.00000
0.00000
0.00000
0.00000
0.00000
0.00000
0.00000
0.00000
0.00000
0.00000
0.00000
0.00000
0.00000
0.00000
0.00000
0.00000
0.00000
0.00000
0.00000
0.00000
0.00000
0.00000
0.00000
0.00000
0.00000
0.00000
0.00000
0.00000
0.00000
0.00000
0.00000
0.00000
0.00000
0.00000
0.00000
0.00000
0.00000
0.00000
0.00000
0.00000
0.00000
0.00000
0.00000
0.00000
0.00000
0.00000
0.00000
0.00000
0.00000
0.00000
0.00000
0.00000
0.00000
0.00000
0.00000
0.00000
0.00000
0.00000
0.00000
0.00000
0.00000
0.00000
0.00000
0.00000
0.00000
0.00000
0.00000
0.00000
0.00000
0.00000
0.00000
0.00000
0.00000
0.00000
0.00000
0.00000
0.00000
0.00000
0.00000
0.00000
0.00000
0.00000
0.00000
0.00000
0.00000
0.00000
0.00000
0.00000
0.00000
0.00000
0.00000
0.00000
0.00000
0.00000
0.00000
0.00000
0.00000
0.00000
0.00000
0.00000
0.00000
0.00000
0.00000
0.00000
0.00000
0.00000
0.00000
0.00000
0.00000
0.00000
0.00000
0.00000
0.00000
0.00000
0.00000
0.00000
0.00000
0.00000
0.00000
0.00000
0.00000
0.00000
0.00000
0.00000
0.00000
0.00000
0.00000
0.00000
0.00000
0.00000
0.00000
0.00000
0.00000
0.00000
0.00000
0.00000
0.00000
0.00000
0.00000
0.00000
0.00000
0.00000
0.00000
0.00000
0.00000
0.00000
0.00000
0.00000
0.00000
0.00000
0.00000
0.00000
0.00000
0.00000
0.00000
0.00000
0.00000
0.00000
0.00000
0.00000
0.00000
0.00000
0.00000
0.00000
0.00000
0.00000
0.00000
0.00000
0.00000
0.00000
0.00000
0.00000
0.00000
0.00000
0.00000
0.00000
0.00000
0.00000
0.00000
0.00000
0.00000
0.00000
0.00000
0.00000
0.00000
0.00000
0.00000
0.00000
0.00000
0.00000
0.00000
0.00000
0.00000
0.00000
0.00000
0.00000
0.00000
0.00000
0.00000
0.00000
0.00000
0.00000
0.00000
0.00000
0.00000
0.00000
0.00000
0.00000
0.00000
0.00000
0.00000
0.00000
0.00000
0.00000
0.00000
0.00000
0.00000
0.00000
0.00000
0.00000
0.00000
0.00000
0.00000
0.00000
0.00000
0.00000
0.00000
0.00000
0.00000
0.00000
0.00000
0.00000
0.00000
0.00000
0.00000
0.00000
0.00000
0.00000
0.00000
0.00000
0.00000
0.00000
0.00000
0.00000
0.00000
0.00000
0.00000
0.00000
0.00000
0.00000
0.00000
0.00000
0.00000
0.00000
0.00000
0.00000
0.00000
0.00000
0.00000
0.00000
0.00000
0.00000
0.00000
0.00000
0.00000
0.00000
0.00000
0.00000
0.00000
0.00000
0.00000
0.00000
0.00000
0.00000
0.00000
0.00000
0.00000
0.00000
0.00000
0.00000
0.00000
0.00000
0.00000
0.00000
0.00000
0.00000
0.00000
0.00000
0.00000
0.00000
0.00000
0.00000
0.00000
0.00000
0.00000
0.00000
0.00000
0.00000
0.00000
0.00000
0.00000
0.00000
0.00000
0.00000
0.00000
0.00000
0.00000
0.00000
0.00000
0.00000
0.00000
0.00000
0.00000
0.00000
0.00000
0.00000
0.00000
0.00000
0.00000
0.00000
0.00000
0.00000
0.00000
0.00000
0.00000
0.00000
0.00000
0.00000
0.00000
0.00000
0.00000
0.00000
0.00000
0.00000
0.00000
0.00000
0.00000
0.00000
0.00000
0.00000
0.00000
0.00000
0.00000
0.00000
0.00000
0.00000
0.00000
0.00000
0.00000
0.00000
0.00000
0.00000
0.00000
0.00000
0.00000
0.00000
0.00000
0.00000
0.00000
0.00000
0.00000
0.00000
0.00000
0.00000
0.00000
0.00000
0.00000
0.00000
0.00000
0.00000
0.00000
0.00000
0.00000
0.00000
0.00000
0.00000
0.00000
0.00000
0.00000
0.00000
0.00000
0.00000
0.00000
0.00000
0.00000
0.00000
0.00000
0.00000
0.00000
0.00000
0.00000
0.00000
0.00000
0.00000
0.00000
0.00000
0.00000
0.00000
0.00000
0.00000
0.00000
0.00000
0.00000
0.00000
0.00000
0.00000
0.00000
0.00000
0.00000
0.00000
0.00000
0.00000
0.00000
0.00000
0.00000
0.00000
0.00000
0.00000
0.00000
0.00000
0.00000
0.00000
0.00000
0.00000
0.00000
0.00000
0.00000
0.00000
0.00000
0.00000
0.00000
0.00000
0.00000
0.00000
0.00000
0.00000
0.00000
0.00000
0.00000
0.00000
0.00000
0.00000
0.00000
0.00000
0.00000
0.00000
0.00000
0.00000
0.00000
0.00000
0.00000
0.00000
0.00000
0.00000
0.00000
0.00000
0.00000
0.00000
0.00000
0.00000
0.00000
0.00000
0.00000
0.00000
0.00000
0.00000
0.00000
0.00000
0.00000
0.00000
0.00000
0.00000
0.00000
0.00000
0.00000
0.00000
0.00000
0.00000
0.00000
0.00000
0.00000
0.00000
0.00000
0.00000
0.00000
0.00000
0.00000
0.00000
0.00000
0.00000
0.00000
0.00000
0.00000
0.00000
0.00000
0.00000
0.00000
0.00000
0.00000
0.00000
0.00000
0.00000
0.00000
0.00000
0.00000
0.00000
0.00000
0.00000
0.00000
0.00000
0.00000
0.00000
0.00000
0.00000
0.00000
0.00000
0.00000
0.00000
0.00000
0.00000
0.00000
0.00000
0.00000
0.00000
0.00000
0.00000
0.00000
0.00000
0.00000
0.00000
0.00000
0.00000
0.00000
0.00000
0.00000
0.00000
0.00000
0.00000
0.00000
0.00000
0.00000
0.00000
0.00000
0.00000
0.00000
0.00000
0.00000
0.00000
0.00000
0.00000
0.00000
0.00000
0.00000
0.00000
0.00000
0.00000
0.00000
0.00000
0.00000
0.00000
0.00000
0.00000
0.00000
0.00000
0.00000
0.00000
0.00000
0.00000
0.00000
0.00000
0.00000
0.00000
0.00000
0.00000
0.00000
0.00000
0.00000
0.00000
0.00000
0.00000
0.00000
0.00000
0.00000
0.00000
0.00000
0.00000
0.00000
0.00000
0.00000
0.00000
0.00000
0.00000
0.00000
0.00000
0.00000
0.00000
0.00000
0.00000
0.00000
0.00000
0.00000
0.00000
0.00000
0.00000
0.00000
0.00000
0.00000
0.00000
0.00000
0.00000
0.00000
0.00000
0.00000
0.00000
0.00000
0.00000
0.00000
0.00000
0.00000
0.00000
0.00000
0.00000
0.00000
0.00000
0.00000
0.00000
0.00000
0.00000
0.00000
0.00000
0.00000
0.00000
0.00000
0.00000
0.00000
0.00000
0.00000
0.00000
0.00000
0.00000
0.00000
0.00000
0.00000
0.00000
0.00000
0.00000
0.00000
0.00000
0.00000
0.00000
0.00000
0.00000
0.00000
0.00000
0.00000
0.00000
0.00000
0.00000
0.00000
0.00000
0.00000
0.00000
0.00000
0.00000
0.00000
0.00000
0.00000
0.00000
0.00000
0.00000
0.00000
0.00000
0.00000
0.00000
0.00000
0.00000
0.00000
0.00000
0.00000
0.00000
0.00000
0.00000
0.00000
0.00000
0.00000
0.00000
0.00000
0.00000
0.00000
0.00000
0.00000
0.00000
0.00000
0.00000
0.00000
0.00000
0.00000
0.00000
0.00000
0.00000
0.00000
0.00000
0.00000
0.00000
0.00000
0.00000
0.00000
0.00000
0.00000
0.00000
0.00000
0.00000
0.00000
0.00000
0.00000
0.00000
0.00000
0.00000
0.00000
0.00000
0.00000
0.00000
0.00000
0.00000
0.00000
0.00000
0.00000
0.00000
0.00000
0.00000
0.00000
0.00000
0.00000
0.00000
0.00000
0.00000
0.00000
0.00000
0.00000
0.00000
0.00000
0.00000
0.00000
0.00000
0.00000
0.00000
0.00000
0.00000
0.00000
0.00000
0.00000
0.00000
0.00000
0.00000
0.00000
0.00000
0.00000
0.00000
0.00000
0.00000
0.00000
0.00000
0.00000
0.00000
0.00000
0.00000
0.00000
0.00000
0.00000
0.00000
0.00000
0.00000
0.00000
0.00000
0.00000
0.00000
0.00000
0.00000
0.00000
0.00000
0.00000
0.00000
0.00000
0.00000
0.00000
0.00000
0.00000
0.00000
0.00000
0.00000
0.00000
0.00000
0.00000
0.00000
0.00000
0.00000
0.00000
0.00000
0.00000
0.00000
0.00000
0.00000
0.00000
0.00000
0.00000
0.00000
0.00000
0.00000
0.00000
0.00000
0.00000
0.00000
0.00000
0.00000
0.00000
0.00000
0.00000
0.00000
0.00000
0.00000
0.00000
0.00000
0.00000
0.00000
0.00000
0.00000
0.00000
0.00000
0.00000
0.00000
0.00000
0.00000
0.00000
0.00000
0.00000
0.00000
0.00000
0.00000
0.00000
0.00000
0.00000
0.00000
0.00000
0.00000
0.00000
0.00000
0.00000
0.00000
0.00000
0.00000
0.00000
0.00000
0.00000
0.00000
0.00000
0.00000
0.00000
0.00000
0.00000
0.00000
0.00000
0.00000
0.00000
0.00000
0.00000
0.00000
0.00000
0.00000
0.00000
0.00000
0.00000
0.00000
0.00000
0.00000
0.00000
0.00000
0.00000
0.00000
0.00000
0.00000
0.00000
0.00000
0.00000
0.00000
0.00000
0.00000
0.00000
0.00000
0.00000
0.00000
0.00000
0.00000
0.00000
0.00000
0.00000
0.00000
0.00000
0.00000
0.00000
0.00000
0.00000
0.00000
0.00000
0.00000
0.00000
0.00000
0.00000
0.00000
0.00000
0.00000
0.00000
0.00000
0.00000
0.00000
0.00000
0.00000
0.00000
0.00000
0.00000
0.00000
0.00000
0.00000
0.00000
0.00000
0.00000
0.00000
0.00000
0.00000
0.00000
0.00000
0.00000
0.00000
0.00000
0.00000
0.00000
0.00000
0.00000
0.00000
0.00000
0.00000
0.00000
0.00000
0.00000
0.00000
0.00000
0.00000
0.00000
0.00000
0.00000
0.00000
0.00000
0.00000
0.00000
0.00000
0.00000
0.00000
0.00000
0.00000
0.00000
0.00000
0.00000
0.00000
0.00000
0.00000
0.00000
0.00000
0.00000
0.00000
0.00000
0.00000
0.00000
0.00000
0.00000
0.00000
0.00000
0.00000
0.00000
0.00000
0.00000
0.00000
0.00000
0.00000
0.00000
0.00000
0.00000
0.00000
0.00000
0.00000
0.00000
0.00000
0.00000
0.00000
0.00000
0.00000
0.00000
0.00000
0.00000
0.00000
0.00000
0.00000
0.00000
0.00000
0.00000
0.00000
0.00000
0.00000
0.00000
0.00000
0.00000
0.00000
0.00000
0.00000
0.00000
0.00000
0.00000
0.00000
0.00000
0.00000
0.00000
0.00000
0.00000
0.00000
0.00000
0.00000
0.00000
0.00000
0.00000
0.00000
0.00000
0.00000
0.00000
0.00000
0.00000
0.00000
0.00000
0.00000
0.00000
0.00000
0.00000
0.00000
0.00000
0.00000
0.00000
0.00000
0.00000
0.00000
0.00000
0.00000
0.00000
0.00000
0.00000
0.00000
0.00000
0.00000
0.00000
0.00000
0.00000
0.00000
0.00000
0.00000
0.00000
0.00000
0.00000
0.00000
0.00000
0.00000
0.00000
0.00000
0.00000
0.00000
0.00000
0.00000
0.00000
0.00000
0.00000
0.00000
0.00000
0.00000
0.00000
0.00000
0.00000
0.00000
0.00000
0.00000
0.00000
0.00000
0.00000
0.00000
0.00000
0.00000
0.00000
0.00000
0.00000
0.00000
0.00000
0.00000
0.00000
0.00000
0.00000
0.00000
0.00000
0.00000
0.00000
0.00000
0.00000
0.00000
0.00000
0.00000
0.00000
0.00000
0.00000
0.00000
0.00000
0.00000
0.00000
0.00000
0.00000
0.00000
0.00000
0.00000
0.00000
0.00000
0.00000
0.00000
0.00000
0.00000
0.00000
0.00000
0.00000
0.00000
0.00000
0.00000
0.00000
0.00000
0.00000
0.00000
0.00000
0.00000
0.00000
0.00000
0.00000
0.00000
0.00000
0.00000
0.00000
0.00000
0.00000
0.00000
0.00000
0.00000
0.00000
0.00000
0.00000
0.00000
0.00000
0.00000
0.00000
0.00000
0.00000
0.00000
0.00000
0.00000
0.00000
0.00000
0.00000
0.00000
0.00000
0.00000
0.00000
0.00000
0.00000
0.00000
0.00000
0.00000
0.00000
0.00000
0.00000
0.00000
0.00000
0.00000
0.00000
0.00000
0.00000
0.00000
0.00000
0.00000
0.00000
0.00000
0.00000
0.00000
0.00000
0.00000
0.00000
0.00000
0.00000
0.00000
0.00000
0.00000
0.00000
0.00000
0.00000
0.00000
0.00000
0.00000
0.00000
0.00000
0.00000
0.00000
0.00000
0.00000
0.00000
0.00000
0.00000
0.00000
0.00000
0.00000
0.00000
0.00000
0.00000
0.00000
0.00000
0.00000
0.00000
0.00000
0.00000
0.00000
0.00000
0.00000
0.00000
0.00000
0.00000
0.00000
0.00000
0.00000
0.00000
0.00000
0.00000
0.00000
0.00000
0.00000
0.00000
0.00000
0.00000
0.00000
0.00000
0.00000
0.00000
0.00000
0.00000
0.00000
0.00000
0.00000
0.00000
0.00000
0.00000
0.00000
0.00000
0.00000
0.00000
0.00000
0.00000
0.00000
0.00000
0.00000
0.00000
0.00000
0.00000
0.00000
0.00000
0.00000
0.00000
0.00000
0.00000
0.00000
0.00000
0.00000
0.00000
0.00000
0.00000
0.00000
0.00000
0.00000
0.00000
0.00000
0.00000
0.00000
0.00000
0.00000
0.00000
0.00000
0.00000
0.00000
0.00000
0.00000
0.00000
0.00000
0.00000
0.00000
0.00000
0.00000
0.00000
0.00000
0.00000
0.00000
0.00000
0.00000
0.00000
0.00000
0.00000
0.00000
0.00000
0.00000
0.00000
0.00000
0.00000
0.00000
0.00000
0.00000
0.00000
0.00000
0.00000
0.00000
0.00000
0.00000
0.00000
0.00000
0.00000
0.00000
0.00000
0.00000
0.00000
0.00000
0.00000
0.00000
0.00000
0.00000
0.00000
0.00000
0.00000
0.00000
0.00000
0.00000
0.00000
0.00000
0.00000
0.00000
0.00000
0.00000
0.00000
0.00000
0.00000
0.00000
0.00000
0.00000
0.00000
0.00000
0.00000
0.00000
0.00000
0.00000
0.00000
0.00000
0.00000
0.00000
0.00000
0.00000
0.00000
0.00000
0.00000
0.00000
0.00000
0.00000
0.00000
0.00000
0.00000
0.00000
0.00000
0.00000
0.00000
0.00000
0.00000
0.00000
0.00000
0.00000
0.00000
0.00000
0.00000
0.00000
0.00000
0.00000
0.00000
0.00000
0.00000
0.00000
0.00000
0.00000
0.00000
0.00000
0.00000
0.00000
0.00000
0.00000
0.00000
0.00000
0.00000
0.00000
0.00000
0.00000
0.00000
0.00000
0.00000
0.00000
0.00000
0.00000
0.00000
0.00000
0.00000
0.00000
0.00000
0.00000
0.00000
0.00000
0.00000
0.00000
0.00000
0.00000
0.00000
0.00000
0.00000
0.00000
0.00000
0.00000
0.00000
0.00000
0.00000
0.00000
0.00000
0.00000
0.00000
0.00000
0.00000
0.00000
0.00000
0.00000
0.00000
0.00000
0.00000
0.00000
0.00000
0.00000
0.00000
0.00000
0.00000
0.00000
0.00000
0.00000
0.00000
0.00000
0.00000
0.00000
0.00000
0.00000
0.00000
0.00000
0.00000
0.00000
0.00000
0.00000
0.00000
0.00000
0.00000
0.00000
0.00000
0.00000
0.00000
0.00000
0.00000
0.00000
0.00000
0.00000
0.00000
0.00000
0.00000
0.00000
0.00000
0.00000
0.00000
0.00000
0.00000
0.00000
0.00000
0.00000
0.00000
0.00000
0.00000
0.00000
0.00000
0.00000
0.00000
0.00000
0.00000
0.00000
0.00000
0.00000
0.00000
0.00000
0.00000
0.00000
0.00000
0.00000
0.00000
0.00000
0.00000
0.00000
0.00000
0.00000
0.00000
0.00000
0.00000
0.00000
0.00000
0.00000
0.00000
0.00000
0.00000
0.00000
0.00000
0.00000
0.00000
0.00000
0.00000
0.00000
0.00000
0.00000
0.00000
0.00000
0.00000
0.00000
0.00000
0.00000
0.00000
0.00000
0.00000
0.00000
0.00000
0.00000
0.00000
0.00000
0.00000
0.00000
0.00000
0.00000
0.00000
0.00000
0.00000
0.00000
0.00000
0.00000
0.00000
0.00000
0.00000
0.00000
0.00000
0.00000
0.00000
0.00000
0.00000
0.00000
0.00000
0.00000
0.00000
0.00000
0.00000
0.00000
0.00000
0.00000
0.00000
0.00000
0.00000
0.00000
0.00000
0.00000
0.00000
0.00000
0.00000
0.00000
0.00000
0.00000
0.00000
0.00000
0.00000
0.00000
0.00000
0.00000
0.00000
0.00000
0.00000
0.00000
0.00000
0.00000
0.00000
0.00000
0.00000
0.00000
0.00000
0.00000
0.00000
0.00000
0.00000
0.00000
0.00000
0.00000
0.00000
0.00000
0.00000
0.00000
0.00000
0.00000
0.00000
0.00000
0.00000
0.00000
0.00000
0.00000
0.00000
0.00000
0.00000
0.00000
0.00000
0.00000
0.00000
0.00000
0.00000
0.00000
0.00000
0.00000
0.00000
0.00000
0.00000
0.00000
0.00000
0.00000
0.00000
0.00000
0.00000
0.00000
0.00000
0.00000
0.00000
0.00000
0.00000
0.00000
0.00000
0.00000
0.00000
0.00000
0.00000
0.00000
0.00000
0.00000
0.00000
0.00000
0.00000
0.00000
0.00000
0.00000
0.00000
0.00000
0.00000
0.00000
0.00000
0.00000
0.00000
0.00000
0.00000
0.00000
0.00000
0.00000
0.00000
0.00000
0.00000
0.00000
0.00000
0.00000
0.00000
0.00000
0.00000
0.00000
0.00000
0.00000
0.00000
0.00000
0.00000
0.00000
0.00000
0.00000
0.00000
0.00000
0.00000
0.00000
0.00000
0.00000
0.00000
0.00000
0.00000
0.00000
0.00000
0.00000
0.00000
0.00000
0.00000
0.00000
0.00000
0.00000
0.00000
0.00000
0.00000
0.00000
0.00000
0.00000
0.00000
0.00000
0.00000
0.00000
0.00000
0.00000
0.00000
0.00000
0.00000
0.00000
0.00000
0.00000
0.00000
0.00000
0.00000
0.00000
0.00000
0.00000
0.00000
0.00000
0.00000
0.00000
0.00000
0.00000
0.00000
0.00000
0.00000
0.00000
0.00000
0.00000
0.00000
0.00000
0.00000
0.00000
0.00000
0.00000
0.00000
0.00000
0.00000
0.00000
0.00000
0.00000
0.00000
0.00000
0.00000
0.00000
0.00000
0.00000
0.00000
0.00000
0.00000
0.00000
0.00000
0.00000
0.00000
0.00000
0.00000
0.00000
0.00000
0.00000
0.00000
0.00000
0.00000
0.00000
0.00000
0.00000
0.00000
0.00000
0.00000
0.00000
0.00000
0.00000
0.00000
0.00000
0.00000
0.00000
0.00000
0.00000
0.00000
0.00000
0.00000
0.00000
0.00000
0.00000
0.00000
0.00000
0.00000
0.00000
0.00000
0.00000
0.00000
0.00000
0.00000
0.00000
0.00000
0.00000
0.00000
0.00000
0.00000
0.00000
0.00000
0.00000
0.00000
0.00000
0.00000
0.00000
0.00000
0.00000
0.00000
0.00000
0.00000
0.00000
0.00000
0.00000
0.00000
0.00000
0.00000
0.00000
0.00000
0.00000
0.00000
0.00000
0.00000
0.00000
0.00000
0.00000
0.00000
0.00000
0.00000
0.00000
0.00000
0.00000
0.00000
0.00000
0.00000
0.00000
0.00000
0.00000
0.00000
0.00000
0.00000
0.00000
0.00000
0.00000
0.00000
0.00000
0.00000
0.00000
0.00000
0.00000
0.00000
0.00000
0.00000
0.00000
0.00000
0.00000
0.00000
0.00000
0.00000
0.00000
0.00000
0.00000
0.00000
0.00000
0.00000
0.00000
0.00000
0.00000
0.00000
0.00000
0.00000
0.00000
0.00000
0.00000
0.00000
0.00000
0.00000
0.01688
0.01688
0.10955
0.30580
0.60980
1.02080
1.51876
2.08751
2.72398
3.41859
4.16338
4.94688
5.76872
6.62325
7.50666
8.41647
9.34516
10.29212
11.25740
12.23093
13.20392
14.17230
15.12899
16.07107
17.00432
17.93564
18.86481
19.79276
20.72426
21.65816
22.59502
23.53419
24.46958
25.40587
26.34290
27.27954
28.21706
29.15990
30.10061
31.04019
31.98133
32.92334
33.86569
34.80749
35.75029
36.69302
37.63601
38.57950
39.52299
40.46655
41.41172
42.35513
43.29887
44.24264
45.18633
46.13102
47.07515
48.01909
48.96583
49.90731
50.85202
51.79657
52.74093
53.68495
54.62928
55.57354
56.51883
57.46201
58.40661
59.35110
60.29527
61.23914
62.18312
63.12770
64.07431
65.01828
65.95858
66.89806
67.83798
68.77937
69.72293
70.66719
71.61398
72.55990
73.50705
74.45483
75.40583
76.35472
77.30629
78.26208
79.21379
80.16304
81.11128
82.06160
83.01138
83.96141
84.91153
85.86141
86.80783
87.74927
88.68996
89.63036
90.57163
91.51314
92.45490
93.39679
94.34099
95.28291
96.22582
97.16895
98.11279
99.05822
100.00251
100.94740
101.89374
102.83704
103.78088
104.72647
105.67158
106.61673
107.56168
108.50677
109.44870
110.38732
111.32813
112.26980
113.21277
114.15732
115.10124
116.04840
116.99790
117.94508
118.88348
119.81620
120.74170
121.65888
122.56877
122.56877
123.45964
124.32427
125.15768
125.96005
126.70120
127.33727
127.85787
128.25989
128.54411
128.71466
128.73716
128.59361
128.31533
127.93197
127.46973
126.95059
126.39265
125.80028
125.17049
124.53112
123.89712
123.28399
122.68597
122.09072
121.49934
120.92021
120.36145
119.87371
119.87371
119.47988
119.17696
118.95587
118.80460
118.72047
118.70265
118.78393
118.98327
119.27660
119.64218
120.07270
120.56574
121.11781
121.72346
122.35329
122.99971
123.64256
124.27651
124.91139
125.55153
126.19262
126.82499
127.38685
127.84836
128.20802
128.47080
128.64499
128.74177
128.76660
128.72009
128.57843
128.33008
127.99967
127.60403
127.14301
126.61560
126.03059
125.39132
124.71074
124.01929
123.32772
122.65473
122.01340
121.40565
120.84398
120.35108
119.94578
119.62165
119.35915
119.15330
119.00501
118.91740
118.89148
118.96593
119.16074
119.45217
119.82108
120.24667
120.73269
121.27714
121.87457
122.50059
123.14177
123.77963
124.40643
125.03448
125.66692
126.30040
126.92347
127.47738
127.92852
128.27858
128.53258
128.69738
128.78474
128.79985
128.74400
128.59408
128.34027
128.00428
127.60610
127.14012
126.60712
126.02850
125.40411
124.76093
124.11319
123.47844
122.85580
122.23640
121.61788
121.00871
120.46451
120.00832
119.64122
119.35657
119.14128
118.98902
118.90032
118.87625
118.95441
119.15600
119.45302
119.82640
120.25790
120.75016
121.30120
121.90527
122.53080
123.16893
123.79857
124.42343
125.05202
125.68298
126.31345
126.93159
127.53362
128.05902
128.47180
128.77620
128.97951
129.08938
129.11571
129.06563
128.92003
128.67081
128.34506
127.95162
127.48740
126.95506
126.36069
125.71252
125.01939
124.31299
123.61002
122.92084
122.26040
121.63601
121.03573
120.46068
119.95540
119.54189
119.21997
118.97845
118.80656
118.69994
118.65874
118.68380
118.80599
119.04382
119.36991
119.76556
120.21948
120.73281
121.30680
121.93192
122.57656
123.23247
123.87505
124.50517
125.13668
125.77164
126.40181
127.01999
127.56617
128.00971
128.35064
128.59534
128.75212
128.83077
128.83599
128.76984
128.61111
128.34922
128.00877
127.60586
127.13539
126.60117
126.00737
125.36418
124.67808
123.97965
123.28688
122.61072
121.96646
121.36160
120.78160
120.22416
119.73881
119.34559
119.04347
118.81990
118.66474
118.57678
118.55477
118.59844
118.73794
118.99131
119.32949
119.73935
120.20552
120.73039
121.31004
121.93832
122.58519
123.24096
123.88533
124.51736
125.15123
125.78313
126.41114
127.02941
127.57592
128.01950
128.35984
128.60386
128.75890
128.83486
128.83767
128.76931
128.60762
128.34082
127.99533
127.58752
127.11538
126.57854
125.98147
125.33555
124.67151
123.99773
123.33965
122.70363
122.08300
121.47383
120.87880
120.28406
119.69326
119.69326
119.07360
118.42104
117.73237
117.00670
116.24833
115.45848
114.63394
113.78786
112.91825
112.03007
111.11942
110.19050
109.24432
108.28270
107.31235
106.33482
105.36555
104.40750
103.45797
102.51199
101.56180
100.60931
99.64998
98.68466
97.71049
96.73873
95.76293
94.78266
93.79791
92.80919
91.81756
90.82154
89.82513
88.82851
87.82870
86.82831
85.82766
84.82616
83.82429
82.82103
81.81607
80.81355
79.80930
78.80469
77.80035
76.79539
75.79059
74.78662
73.78076
72.77683
71.77264
70.76878
69.76452
68.75939
67.75410
66.74856
65.74185
64.74036
63.73592
62.73181
61.72762
60.72327
59.71889
58.71418
57.70807
56.70728
55.70213
54.69709
53.69246
52.68826
51.68410
50.67949
49.67344
48.66914
47.66497
46.66002
45.65400
44.64981
43.64522
42.63991
41.63442
40.62999
39.62710
38.62275
37.61841
36.61357
35.60856
34.60286
33.59653
32.59644
31.59209
30.58804
29.58413
28.57868
27.57338
26.56776
25.56038
24.55995
23.55521
22.54995
21.54388
20.53762
19.53172
18.52553
17.51722
16.51696
15.51206
14.50803
13.50164
12.49594
11.49031
10.48476
9.47769
8.47335
7.46816
6.46066
5.45499
4.44920
3.44366
2.43834
1.43068
0.43053
-0.57426
-1.57865
-2.58375
-3.58934
-4.59648
-5.60252
-6.60982
-7.60989
-8.61447
-9.62094
-10.62717
-11.63299
-12.63991
-13.64018
-14.64039
-15.63411
-16.63339
-17.63400
-18.63548
-19.63730
-20.63963
-21.64201
-22.64608
-23.64769
-24.65076
-25.65542
-26.65900
-27.65701
-28.65470
-29.65347
-30.65449
-31.64948
-32.64986
-33.65314
-34.65264
-35.65608
-36.66033
-37.66416
-38.67018
-39.67016
-40.67894
-41.68292
-42.69502
-43.69907
-44.72712
-45.73593
-46.74157
-47.74626
-48.75060
-49.75465
-50.75922
-51.75936
-52.75467
-53.75287
-54.75431
-55.74902
-56.74878
-57.72107
-58.62453
-59.43718
-60.15237
-60.76571
-61.27828
-61.69092
-62.00916
-62.31106
-62.66388
-63.12395
-63.71805
-64.40054
-65.13546
-65.89378
-66.63067
-67.29101
-67.82462
-68.19595
-68.38369
-68.51266
-68.62708
-68.65474
-68.57434
-68.37467
-68.08364
-67.72427
-67.29346
-66.79242
-66.22568
-65.60170
-64.95082
-64.28376
-63.62654
-62.99535
-62.39504
-61.81296
-61.24174
-60.74146
-60.32611
-59.99573
-59.73389
-59.53180
-59.38866
-59.30491
-59.32500
-59.47372
-59.72552
-60.05770
-60.45473
-60.91633
-61.44268
-62.01233
-62.61843
-63.23309
-63.84293
-64.46087
-65.09230
-65.73356
-66.31797
-66.81306
-67.21563
-67.52599
-67.76142
-67.93230
-68.04052
-68.08482
-68.02889
-67.85379
-67.58400
-67.24265
-66.83182
-66.35161
-65.80986
-65.22172
-64.59593
-63.96241
-63.34412
-62.75157
-62.16519
-61.58219
-61.06126
-60.62336
-60.26811
-59.97910
-59.74694
-59.57292
-59.45561
-59.44326
-59.56151
-59.78563
-60.09203
-60.46536
-60.90675
-61.41476
-61.96948
-62.56186
-63.16706
-63.76653
-64.38083
-65.01272
-65.65947
-66.24556
-66.74527
-67.15191
-67.46939
-67.70871
-67.88279
-67.99429
-68.04328
-67.99217
-67.82058
-67.55434
-67.21506
-66.80724
-66.33007
-65.79152
-65.20494
-64.58415
-63.95405
-63.33870
-62.74461
-62.15845
-61.57567
-61.05475
-60.61715
-60.26372
-59.97610
-59.74553
-59.57157
-59.45538
-59.44367
-59.56257
-59.78806
-60.09460
-60.47037
-60.91303
-61.42302
-61.98006
-62.57570
-63.18467
-63.78675
-64.39960
-65.03275
-65.67874
-66.26777
-66.76779
-67.17509
-67.49225
-67.73164
-67.90475
-68.01600
-68.06467
-68.01299
-67.84091
-67.57429
-67.23511
-66.82586
-66.35053
-65.81099
-65.22573
-64.60255
-63.97236
-63.35686
-62.76311
-62.17022
-61.58697
-61.06296
-60.62295
-60.26566
-59.97604
-59.74435
-59.56935
-59.45210
-59.43940
-59.55734
-59.78143
-60.08751
-60.46047
-60.90044
-61.40800
-61.96286
-62.55257
-63.15715
-63.76138
-64.37783
-65.01042
-65.65487
-66.24302
-66.74353
-67.14971
-67.46662
-67.70562
-67.87986
-67.99147
-68.04044
-68.03040
-67.94023
-67.75875
-67.50551
-67.18439
-66.79270
-66.33322
-65.81422
-65.24158
-64.61828
-63.95322
-63.25184
-62.51748
-61.75534
-60.97466
-60.17672
-59.36623
-58.55277
-57.75151
-56.96570
-56.19381
-55.42967
-54.67356
-53.92174
-53.17340
-52.42880
-51.68986
-50.95110
-50.21460
-49.47781
-48.74174
-48.00584
-47.27048
-46.53401
-45.79980
-45.06539
-44.33068
-43.59644
-42.86222
-42.12750
-41.39429
-40.65860
-39.92752
-39.19261
-38.45738
-37.72219
-36.98736
-36.25237
-35.51941
-34.78381
-34.04969
-33.31474
-32.58016
-31.84552
-31.11074
-30.37636
-29.64182
-28.90581
-28.17169
-27.43621
-26.70152
-25.96676
-25.23186
-24.49658
-23.76151
-23.02494
-22.29068
-21.55603
-20.82035
-20.08960
-19.36307
-18.63835
-17.91456
-17.18977
-16.46739
-15.74495
-15.02245
-14.30005
-13.57759
-12.85459
-12.13191
-11.40846
-10.68828
-9.96684
-9.24375
-8.51896
-7.79198
-7.06378
-6.33461
-5.60226
-4.87065
-4.13813
-3.40506
-2.67152
-1.93806
-1.20486
-0.47031
0.26543
1.00015
1.73600
2.47142
3.20718
3.94252
4.67822
5.41408
6.15070
6.88568
7.62101
8.35635
9.09174
9.82723
10.56345
11.29906
12.03614
12.77086
13.50605
14.24107
14.97623
15.71180
16.44741
17.18248
17.91921
18.65396
19.38876
20.12372
20.85855
21.59338
22.32779
23.06263
23.79397
24.54433
25.26921
25.99298
26.71615
27.44178
28.16505
28.88774
29.61135
30.33813
31.06136
31.78440
32.51099
33.23374
33.96967
34.73903
35.53573
36.34690
37.20426
38.09707
38.99141
39.86285
40.69372
41.46720
42.17225
42.78622
43.27717
43.64004
43.88119
44.01613
44.05986
44.02038
43.90519
43.69468
43.38025
42.98686
42.53236
42.03010
41.46008
40.83259
40.15933
39.47987
38.79873
38.13369
37.49513
36.86977
36.23443
35.60064
34.97617
34.42450
33.97821
33.63470
33.38710
33.23062
33.15907
33.16187
33.23505
33.37522
33.59814
33.91919
34.31625
34.77010
35.26834
35.81748
36.41714
37.07768
37.75318
38.43030
39.08888
39.71430
40.30133
40.86931
41.41745
41.93755
42.38372
42.73817
43.00287
43.19165
43.31525
43.37588
43.37302
43.30735
43.14819
42.87589
42.51448
42.08421
41.60271
41.06970
40.48405
39.85326
39.20361
38.54865
37.90528
37.27439
36.64833
36.02309
35.40022
34.79422
34.26125
33.83255
33.50482
33.27054
33.12339
33.05554
33.05742
33.12446
33.25532
33.47120
33.78606
34.17765
34.62811
35.13097
35.69262
36.30249
36.97748
37.65184
38.33342
38.99940
39.63445
40.22889
40.79920
41.34608
41.86624
42.35468
42.76556
43.08165
43.30953
43.46243
43.54649
43.56389
43.51587
43.37335
43.11942
42.77940
42.37330
41.91025
41.38433
40.80382
40.17459
39.52458
38.86361
38.21043
37.57892
36.94058
36.29589
35.65872
35.03092
34.47453
34.02068
33.66743
33.40885
33.23692
33.14011
33.11301
33.15283
33.25813
33.45269
33.75063
34.12830
34.56518
35.05982
35.61073
36.21595
36.86504
37.53517
38.21332
38.87721
39.50956
40.10284
40.67601
41.22976
41.75770
42.25407
42.67445
43.00057
43.23866
43.39950
43.49164
43.51705
43.47703
43.34304
43.09678
42.76194
42.35965
41.89886
41.37962
40.80239
40.17626
39.52939
38.87128
38.22053
37.58657
36.95007
36.31150
35.67907
35.05440
34.49944
34.04719
33.69515
33.43695
33.26463
33.16491
33.13272
33.16726
33.26743
33.45605
33.74807
34.12036
34.55415
35.04578
35.59323
36.19590
36.84462
37.51499
38.19519
38.86153
39.49938
40.09685
40.67107
41.22428
41.75681
42.21382
42.57313
42.84446
43.04796
43.18877
43.26682
43.28232
43.23651
43.09606
42.83868
42.48852
42.06705
41.59551
41.07102
40.49509
39.87180
39.22884
38.57680
37.93472
37.30722
36.68230
36.05811
35.43856
34.83331
34.29984
33.86926
33.53784
33.29874
33.14339
33.05934
33.04274
33.09282
33.20861
33.41103
33.71395
34.09579
34.53555
35.03397
35.58762
36.19600
36.85430
37.52908
38.21280
38.88330
39.52210
40.12190
40.69764
41.25128
41.77953
42.27626
42.69650
43.02327
43.26168
43.42306
43.51598
43.54223
43.50202
43.36762
43.12230
42.78888
42.38980
41.92874
41.40770
40.83108
40.20177
39.55143
38.88881
38.23199
37.59088
36.95297
36.31299
35.67433
35.04729
34.42220
33.89207
33.53303
33.36750
33.39779
33.61374
33.98130
34.45641
34.99466
35.57297
36.16671
36.80286
37.49092
38.22791
39.00991
39.82672
40.68064
41.56417
42.47852
43.41841
44.36616
45.30594
46.23871
47.16178
48.07913
48.99295
49.92182
50.82144
51.71907
52.62059
53.54333
54.46408
55.39463
56.33111
57.27702
58.22807
59.18107
60.13878
61.09987
62.06481
63.03359
64.00596
64.98257
65.95923
66.93772
67.91809
68.90037
69.88330
70.86694
71.84805
72.83122
73.81001
74.79398
75.77940
76.76539
77.75197
78.73890
79.72624
80.71615
81.70391
82.69305
83.68186
84.67143
85.66083
86.63572
87.59750
88.55788
89.51516
90.47817
91.42928
92.36178
93.26331
94.12572
94.94316
95.71278
96.39500
96.94807
97.36532
97.65311
97.81745
97.86683
97.77760
97.53840
97.18275
96.73883
96.23087
95.67832
95.09116
94.46271
93.81958
93.17209
92.54192
91.93390
91.33021
90.73356
90.14679
89.62740
89.19925
88.85856
88.59737
88.40041
88.26226
88.18288
88.16230
88.24175
88.44662
88.75112
89.13137
89.57025
90.06557
90.61345
91.20552
91.80953
92.40409
93.00527
93.61745
94.24404
94.87415
95.49880
96.05052
96.49659
96.83846
97.08417
97.24121
97.32092
97.29461
97.14770
96.90674
96.59148
96.20097
95.73588
95.20326
94.61435
93.98947
93.33876
92.68708
92.05110
91.43239
90.81978
90.26396
89.78809
89.39510
89.07495
88.81204
88.60408
88.45235
88.35852
88.36721
88.50390
88.74468
89.06602
89.45195
89.90587
90.42349
90.99223
91.59732
92.21530
92.82372
93.42521
94.03270
94.64446
95.25500
95.79847
96.24070
96.58778
96.84409
97.02209
97.13134
97.17326
97.11381
96.93684
96.66983
96.33134
95.92262
95.44302
94.89688
94.31139
93.69349
93.06777
92.43013
91.81609
91.19761
90.63100
90.14043
89.73020
89.39144
89.10716
88.87633
88.69746
88.57310
88.55315
88.66515
88.88427
89.18773
89.55738
89.99437
90.49591
91.04950
91.64780
92.25868
92.86097
93.45707
94.06135
94.66975
95.27788
95.81847
96.26148
96.60740
96.86299
97.04116
97.15126
97.19390
97.13644
96.96243
96.69647
96.36006
95.95060
95.46989
94.92459
94.34257
93.72499
93.10021
92.48620
91.87427
91.25418
90.68354
90.18784
89.77299
89.43176
89.14282
88.90460
88.71979
88.59062
88.56655
88.67545
88.89014
89.19022
89.55505
89.99000
90.48875
91.04031
91.63581
92.24545
92.84559
93.43902
94.03958
94.64658
95.25358
95.79339
96.23567
96.58199
96.83624
97.01478
97.12510
97.16971
97.11450
96.94146
96.67555
96.33850
95.92983
95.45296
94.91002
94.32691
93.71144
93.08879
92.47680
91.86407
91.24664
90.67629
90.18161
89.76671
89.42545
89.13649
88.89831
88.71287
88.58442
88.56021
88.66859
88.88416
89.18446
89.55006
89.98495
90.48560
91.03445
91.63042
92.23939
92.84055
93.43383
94.03417
94.64110
95.24956
95.78747
96.23009
96.57576
96.83123
97.00976
97.12027
97.16497
97.10915
96.93543
96.66879
96.33131
95.92154
95.44388
94.90062
94.31724
93.70026
93.07748
92.46433
91.85126
91.22984
90.58740
89.93876
89.28139
88.66315
88.12616
87.67711
87.31891
87.03971
86.81708
86.64558
86.52220
86.44387
86.40577
86.40075
86.42220
86.46363
86.51891
86.58136
86.64418
86.70140
86.74691
86.77834
86.79361
86.78804
86.75826
86.70557
86.63278
86.54031
86.43013
86.30496
86.16738
86.01947
85.86314
85.69903
85.52658
85.34680
85.16258
84.97292
84.77928
84.58264
84.38333
84.18201
83.97898
83.77423
83.56893
83.36272
83.15568
82.94815
82.74014
82.53166
82.32299
82.11369
81.90285
81.69355
81.48124
81.27178
81.06227
80.85265
80.64147
80.43140
80.22182
80.01204
79.80242
79.59550
79.39214
79.19133
78.99268
78.79534
78.59972
78.40493
78.21083
78.01728
77.82435
77.63184
77.43961
77.24726
77.05550
76.86407
76.67263
76.48135
76.29014
76.09900
75.90701
75.80541
75.87757
76.09651
76.41243
76.79172
77.22521
77.70362
78.21982
78.72349
79.16622
79.55188
79.89618
80.11356
80.13222
79.97588
79.67150
79.21649
78.63479
77.97567
77.28648
76.59565
75.92276
75.28412
74.68809
74.11510
73.61455
73.21138
72.90323
72.68009
72.52547
72.43050
72.39389
72.41970
72.50884
72.68852
72.97530
73.34568
73.77823
74.26056
74.80081
75.39438
76.01915
76.67120
77.31952
77.94607
78.55834
79.14644
79.71665
80.22103
80.63522
80.96887
81.23442
81.44078
81.58921
81.67639
81.70839
81.63781
81.43407
81.12231
80.72832
80.27251
79.76938
79.21936
78.63344
78.03719
77.44382
76.83205
76.20172
75.55715
74.91219
74.33200
73.85070
73.46878
73.18142
72.96967
72.82845
72.75609
72.75058
72.84427
73.05130
73.34703
73.71080
74.14207
74.65001
75.22195
75.84655
76.50353
77.18525
77.86529
78.51852
79.13941
79.71432
80.27130
80.80371
81.26366
81.62499
81.90164
82.10810
82.25117
82.33188
82.34911
82.30204
82.15871
81.90200
81.55600
81.14444
80.67855
80.15621
79.57530
78.94592
78.29682
77.63773
76.94856
76.31378
75.68026
75.04581
74.43556
73.89578
73.45538
73.10946
72.84893
72.65823
72.53095
72.46630
72.46758
72.53505
72.69613
72.96710
73.32009
73.73165
74.20803
74.74615
75.33785
75.96931
76.63103
77.29250
77.93316
78.53783
79.13821
79.72929
80.30747
80.86251
81.34392
81.72380
82.00326
82.18851
82.30008
82.34561
82.32591
82.20786
81.97263
81.64776
81.24874
80.79446
80.28562
79.70739
79.07483
78.42375
77.76456
77.11472
76.47580
75.84043
75.21822
74.61131
74.00302
73.46518
73.02783
72.68859
72.44083
72.27643
72.18986
72.17650
72.23095
72.37766
72.62936
72.96348
73.36013
73.82919
74.36596
74.95828
75.60100
76.28760
76.99538
77.71425
78.42004
79.08943
79.71886
80.29633
80.83224
81.32862
81.74716
82.07293
82.31311
82.48271
82.58571
82.62317
82.59505
82.50213
82.31949
82.02960
81.65531
81.21882
80.72991
80.18702
79.58869
78.94380
78.28197
77.61371
76.95574
76.32084
75.68820
75.06039
74.43865
73.83239
73.29498
72.86518
72.53656
72.30129
72.14872
72.06731
72.05323
72.10559
72.22328
72.42846
72.73676
73.12233
73.56626
74.06450
74.62097
75.22884
75.88058
76.55241
77.23426
77.89840
78.53218
79.12586
79.69940
80.25291
80.78119
81.27829
81.69910
82.02490
82.26305
82.42375
82.51586
82.54122
82.50014
82.36370
82.11512
81.78012
81.37811
80.92031
80.39801
79.81691
79.18470
78.53178
77.86612
77.20955
76.57220
75.93495
75.29470
74.66071
74.03603
73.41110
72.83440
72.29266
71.77833
71.29559
70.84380
70.42328
70.02725
69.65431
69.30027
68.96435
68.64019
68.32375
68.01424
67.70732
67.39875
67.08842
66.77645
66.46162
66.13607
65.79951
65.45099
65.09246
64.71185
64.33212
63.94308
63.54939
63.14887
62.74157
62.32034
61.90076
61.47789
61.05140
60.62143
60.19013
59.75630
59.32102
58.88454
58.44671
58.00819
57.56931
57.12902
56.69118
56.25092
55.81040
55.36968
54.92873
54.48777
54.04613
53.60407
53.16329
52.72181
52.37798
52.26616
52.42380
52.83037
53.23004
53.38000
53.52668
53.90560
54.47822
55.19367
55.99155
56.80699
57.57628
58.26298
58.86095
59.37022
59.79147
60.13933
60.40016
60.59722
60.73494
60.81553
60.83763
60.79382
60.68097
60.50363
60.26623
59.97115
59.62337
59.22408
58.76945
58.24828
57.67740
57.07041
56.43423
55.76254
55.05985
54.34283
53.62728
52.92555
52.25238
51.61790
51.01202
50.43539
49.92919
49.51423
49.18985
48.94370
48.76287
48.64437
48.58785
48.59666
48.70424
48.92901
49.24385
49.62754
50.07422
50.58529
51.15396
51.75994
52.39494
53.03365
53.65574
54.27709
54.90331
55.53257
56.15754
56.77140
57.31002
57.74019
58.06182
58.28516
58.41714
58.46858
58.41463
58.24362
57.98178
57.64690
57.23762
56.75579
56.20653
55.59794
54.95937
54.29805
53.63882
52.99589
52.37730
51.76636
51.21233
50.73942
50.35052
50.03706
49.78255
49.58139
49.43691
49.34901
49.36438
49.50875
49.75664
50.08550
50.47891
50.93707
51.45961
52.03011
52.64125
53.26203
53.87193
54.47527
55.08415
55.69816
56.30996
56.85310
57.29754
57.64487
57.90011
58.07616
58.18270
58.22004
58.15684
57.97594
57.70373
57.36224
56.94888
56.46386
55.91351
55.32256
54.70391
54.07611
53.45887
52.84354
52.22099
51.64878
51.15317
50.73770
50.39828
50.11314
49.88102
49.70095
49.57557
49.55480
49.66610
49.88516
50.18665
50.55460
50.99119
51.49245
52.04652
52.64511
53.25621
53.85926
54.45533
55.05846
55.66739
56.27603
56.81797
57.26033
57.60640
57.86236
58.04011
58.14981
58.19222
58.13328
57.95708
57.68915
57.35026
56.93782
56.46012
55.91482
55.32969
54.71218
54.08818
53.47422
52.86152
52.23866
51.59888
50.98278
50.98278
50.38077
49.79313
49.22031
48.66149
48.11733
47.58638
47.07372
46.57222
46.08333
45.60612
45.14016
44.68548
44.24203
43.80908
43.38870
42.97982
42.58357
42.19940
41.82869
41.47242
41.13140
40.80571
40.49984
40.21018
39.93940
39.68824
39.45702
39.24580
39.05539
38.88536
38.73691
38.60790
38.49812
38.40661
38.33213
38.27335
38.22870
38.19646
38.17499
38.16019
38.16019
38.15141
38.14698
38.14478
38.14369
38.14314
38.14286
38.14273
38.14266
38.14262
38.14261
38.14260
38.14259
38.14259
38.14259
38.14259
38.14259
38.14259
38.14259
38.14259
38.14259
38.14259
38.14259
38.14259
38.14259
38.14259
38.14259
38.14259
38.14259
38.14259
38.14259
38.14259
38.14259
38.14259
38.14259
38.14259
38.14259
38.14259
38.14259
38.14259
38.14259
38.14259
38.14259
38.14259
38.14259
38.14259
38.14259
38.14259
38.14259
38.14259
38.14259
38.14259
38.14259
38.14259
38.14259
38.14259
38.14259
38.14259
38.14259
38.14259
38.14259
38.14259
38.14259
38.14259
38.14259
38.14259
38.14259
38.14259
38.14259
38.14259
38.14259
38.14259
38.14259
38.14259
38.14259
38.14259
38.14259
38.14259
38.14259
38.14259
38.14259
38.14259
38.14259
38.14259
38.14259
38.14259
38.14259
38.14259
38.14259
38.14259
38.14259
38.14259
38.14259
38.14259
38.14259
38.14259
38.14259
38.14259
38.14259
38.14259
38.14259
38.14259
38.14259
38.14259
38.14259
38.14259
38.14259
38.14259
38.14259
38.14259
38.14259
38.14259
38.14259
38.14259
38.14259
0.00000
0.00000
0.00000
0.00000
0.00000
0.00000
0.00000
0.00000
0.00000
0.00000
0.00000
0.00000
0.00000
0.00000
0.00000
0.00000
0.00000
0.00000
0.00000
0.00000
0.00000
0.00000
0.00000
0.00000
0.00000
0.00000
0.00000
0.00000
0.00000
0.00000
0.00000
0.00000
0.00000
0.00000
0.00000
0.00000
0.00000
0.00000
0.00000
0.00000
0.00000
0.00000
0.00000
0.00000
0.00000
0.00000
0.00000
0.00000
0.00000
0.00000
0.00000
0.00000
0.00000
0.00000
0.00000
0.00000
0.00000
0.00000
0.00000
0.00000
0.00000
0.00000
0.00000
0.00000
0.00000
0.00000
0.00000
0.00000
0.00000
0.00000
0.00000
0.00000
0.00000
0.00000
0.00000
0.00000
0.00000
0.00000
0.00000
0.00000
0.00000
0.00000
0.00000
0.00000
0.00000
0.00000
0.00000
0.00000
0.00000
0.00000
0.00000
0.00000
0.00000
0.00000
0.00000
0.00000
0.00000
0.00000
0.00000
0.00000
0.00000
0.00000
0.00000
0.00000
0.00000
0.00000
0.00000
0.00000
0.00000
0.00000
0.00000
0.00000
0.00000
0.00000
0.00000
0.00000
0.00000
0.00000
0.00000
0.00000
0.00000
0.00000
0.00000
0.00000
0.00000
0.00000
0.00000
0.00000
0.00000
0.00000
0.00000
0.00000
0.00000
0.00000
0.00000
0.00000
0.00000
0.00000
0.00000
0.00000
0.00000
0.00000
0.00000
0.00000
0.00000
0.00000
0.00000
0.00000
0.00000
0.00000
0.00000
0.00000
0.00000
0.00000
0.00000
0.00000
0.00000
0.00000
0.00000
0.00000
0.00000
0.00000
0.00000
0.00000
0.00000
0.00000
0.00000
0.00000
0.00000
0.00000
0.00000
0.00000
0.00000
0.00000
0.00000
0.00000
0.00000
0.00000
0.00000
0.00000
0.00000
0.00000
0.00000
0.00000
0.00000
0.00000
0.00000
0.00000
0.00000
0.00000
0.00000
0.00000
0.00000
0.00000
0.00000
0.00000
0.00000
0.00000
0.00000
0.00000
0.00000
0.00000
0.00000
0.00000
0.00000
0.00000
0.00000
0.00000
0.00000
0.00000
0.00000
0.00000
0.00000
0.00000
0.00000
0.00000
0.00000
0.00000
0.00000
0.00000
0.00000
0.00000
0.00000
0.00000
0.00000
0.00000
0.00000
0.00000
0.00000
0.00000
0.00000
0.00000
0.00000
0.00000
0.00000
0.00000
0.00000
0.00000
0.00000
0.00000
0.00000
0.00000
0.00000
0.00000
0.00000
0.00000
0.00000
0.00000
0.00000
0.00000
0.00000
0.00000
0.00000
0.00000
0.00000
0.00000
0.00000
0.00000
0.00000
0.00000
0.00000
0.00000
0.00000
0.00000
0.00000
0.00000
0.00000
0.00000
0.00000
0.00000
0.00000
0.00000
0.00000
0.00000
0.00000
0.00000
0.00000
0.00000
0.00000
0.00000
0.00000
0.00000
0.00000
0.00000
0.00000
0.00000
0.00000
0.00000
0.00000
0.00000
0.00000
0.00000
0.00000
0.00000
0.00000
0.00000
0.00000
0.00000
0.00000
0.00000
0.00000
0.00000
0.00000
0.00000
0.00000
0.00000
0.00000
0.00000
0.00000
0.00000
0.00000
0.00000
0.00000
0.00000
0.00000
0.00000
0.00000
0.00000
0.00000
0.00000
0.00000
0.00000
0.00000
0.00000
0.00000
0.00000
0.00000
0.00000
0.00000
0.00000
0.00000
0.00000
0.00000
0.00000
0.00000
0.00000
0.00000
0.00000
0.00000
0.00000
0.00000
0.00000
0.00000
0.00000
0.00000
0.00000
0.00000
0.00000
0.00000
0.00000
0.00000
0.00000
0.00000
0.00000
0.00000
0.00000
0.00000
0.00000
0.00000
0.00000
0.00000
0.00000
0.00000
0.00000
0.00000
0.00000
0.00000
0.00000
0.00000
0.00000
0.00000
0.00000
0.00000
0.00000
0.00000
0.00000
0.00000
0.00000
0.00000
0.00000
0.00000
0.00000
0.00000
0.00000
0.00000
0.00000
0.00000
0.00000
0.00000
0.00000
0.00000
0.00000
0.00000
0.00000
0.00000
0.00000
0.00000
0.00000
0.00000
0.00000
0.00000
0.00000
0.00000
0.00000
0.00000
0.00000
0.00000
0.00000
0.00000
0.00000
0.00000
0.00000
0.00000
0.00000
0.00000
0.00000
0.00000
0.00000
0.00000
0.00000
0.00000
0.00000
0.00000
0.00000
0.00000
0.00000
0.00000
0.00000
0.00000
0.00000
0.00000
0.00000
0.00000
0.00000
0.00000
0.00000
0.00000
0.00000
0.00000
0.00000
0.00000
0.00000
0.00000
0.00000
0.00000
0.00000
0.00000
0.00000
0.00000
0.00000
0.00000
0.00000
0.00000
0.00000
0.00000
0.00000
0.00000
0.00000
0.00000
0.00000
0.00000
0.00000
0.00000
0.00000
0.00000
0.00000
0.00000
0.00000
0.00000
0.00000
0.00000
0.00000
0.00000
0.00000
0.00000
0.00000
0.00000
0.00000
0.00000
0.00000
0.00000
0.00000
0.00000
0.00000
0.00000
0.00000
0.00000
0.00000
0.00000
0.00000
0.00000
0.00000
0.00000
0.00000
0.00000
0.00000
0.00000
0.00000
0.00000
0.00000
0.00000
0.00000
0.00000
0.00000
0.00000
0.00000
0.00000
0.00000
0.00000
0.00000
0.00000
0.00000
0.00000
0.00000
0.00000
0.00000
0.00000
0.00000
0.00000
0.00000
0.00000
0.00000
0.00000
0.00000
0.00000
0.00000
0.00000
0.00000
0.00000
0.00000
0.00000
0.00000
0.00000
0.00000
0.00000
0.00000
0.00000
0.00000
0.00000
0.00000
0.00000
0.00000
0.00000
0.00000
0.00000
0.00000
0.00000
0.00000
0.00000
0.00000
0.00000
0.00000
0.00000
0.00000
0.00000
0.00000
0.00000
0.00000
0.00000
0.00000
0.00000
0.00000
0.00000
0.00000
0.00000
0.00000
0.00000
0.00000
0.00000
0.00000
0.00000
0.00000
0.00000
0.00000
0.00000
0.00000
0.00000
0.00000
0.00000
0.00000
0.00000
0.00000
0.00000
0.00000
0.00000
0.00000
0.00000
0.00000
0.00000
0.00000
0.00000
0.00000
0.00000
0.00000
0.00000
0.00000
0.00000
0.00000
0.00000
0.00000
0.00000
0.00000
0.00000
0.00000
0.00000
0.00000
0.00000
0.00000
0.00000
0.00000
0.00000
0.00000
0.00000
0.00000
0.00000
0.00000
0.00000
0.00000
0.00000
0.00000
0.00000
0.00000
0.00000
0.00000
0.00000
0.00000
0.00000
0.00000
0.00000
0.00000
0.00000
0.00000
0.00000
0.00000
0.00000
0.00000
0.00000
0.00000
0.00000
0.00000
0.00000
0.00000
0.00000
0.00000
0.00000
0.00000
0.00000
0.00000
0.00000
0.00000
0.00000
0.00000
0.00000
0.00000
0.00000
0.00000
0.00000
0.00000
0.00000
0.00000
0.00000
0.00000
0.00000
0.00000
0.00000
0.00000
0.00000
0.00000
0.00000
0.00000
0.00000
0.00000
0.00000
0.00000
0.00000
0.00000
0.00000
0.00000
0.00000
0.00000
0.00000
0.00000
0.00000
0.00000
0.00000
0.00000
0.00000
0.00000
0.00000
0.00000
0.00000
0.00000
0.00000
0.00000
0.00000
0.00000
0.00000
0.00000
0.00000
0.00000
0.00000
0.00000
0.00000
0.00000
0.00000
0.00000
0.00000
0.00000
0.00000
0.00000
0.00000
0.00000
0.00000
0.00000
0.00000
0.00000
0.00000
0.00000
0.00000
0.00000
0.00000
0.00000
0.00000
0.00000
0.00000
0.00000
0.00000
0.00000
0.00000
0.00000
0.00000
0.00000
0.00000
0.00000
0.00000
0.00000
0.00000
0.00000
0.00000
0.00000
0.00000
0.00000
0.00000
0.00000
0.00000
0.00000
0.00000
0.00000
0.00000
0.00000
0.00000
0.00000
0.00000
0.00000
0.00000
0.00000
0.00000
0.00000
0.00000
0.00000
0.00000
0.00000
0.00000
0.00000
0.00000
0.00000
0.00000
0.00000
0.00000
0.00000
0.00000
0.00000
0.00000
0.00000
0.00000
0.00000
0.00000
0.00000
0.00000
0.00000
0.00000
0.00000
0.00000
0.00000
0.00000
0.00000
0.00000
0.00000
0.00000
0.00000
0.00000
0.00000
0.00000
0.00000
0.00000
0.00000
0.00000
0.00000
0.00000
0.00000
0.00000
0.00000
0.00000
0.00000
0.00000
0.00000
0.00000
0.00000
0.00000
0.00000
0.00000
0.00000
0.00000
0.00000
0.00000
0.00000
0.00000
0.00000
0.00000
0.00000
0.00000
0.00000
0.00000
0.00000
0.00000
0.00000
0.00000
0.00000
0.00000
0.00000
0.00000
0.00000
0.00000
0.00000
0.00000
0.00000
0.00000
0.00000
0.00000
0.00000
0.00000
0.00000
0.00000
0.00000
0.00000
0.00000
0.00000
0.00000
0.00000
0.00000
0.00000
0.00000
0.00000
0.00000
0.00000
0.00000
0.00000
0.00000
0.00000
0.00000
0.00000
0.00000
0.00000
0.00000
0.00000
0.00000
0.00000
0.00000
0.00000
0.00000
0.00000
0.00000
0.00000
0.00000
0.00000
0.00000
0.00000
0.00000
0.00000
0.00000
0.00000
0.00000
0.00000
0.00000
0.00000
0.00000
0.00000
0.00000
0.00000
0.00000
0.00000
0.00000
0.00000
0.00000
0.00000
0.00000
0.00000
0.00000
0.00000
0.00000
0.00000
0.00000
0.00000
0.00000
0.00000
0.00000
0.00000
0.00000
0.00000
0.00000
0.00000
0.00000
0.00000
0.00000
0.00000
0.00000
0.00000
0.00000
0.00000
0.00000
0.00000
0.00000
0.00000
0.00000
0.00000
0.00000
0.00000
0.00000
0.00000
0.00000
0.00000
0.00000
0.00000
0.00000
0.00000
0.00000
0.00000
0.00000
0.00000
0.00000
0.00000
0.00000
0.00000
0.00000
0.00000
0.00000
0.00000
0.00000
0.00000
0.00000
0.00000
0.00000
0.00000
0.00000
0.00000
0.00000
0.00000
0.00000
0.00000
0.00000
0.00000
0.00000
0.00000
0.00000
0.00000
0.00000
0.00000
0.00000
0.00000
0.00000
0.00000
0.00000
0.00000
0.00000
0.00000
0.00000
0.00000
0.00000
0.00000
0.00000
0.00000
0.00000
0.00000
0.00000
0.00000
0.00000
0.00000
0.00000
0.00000
0.00000
0.00000
0.00000
0.00000
0.00000
0.00000
0.00000
0.00000
0.00000
0.00000
0.00000
0.00000
0.00000
0.00000
0.00000
0.00000
0.00000
0.00000
0.00000
0.00000
0.00000
0.00000
0.00000
0.00000
0.00000
0.00000
0.00000
0.00000
0.00000
0.00000
0.00000
0.00000
0.00000
0.00000
0.00000
0.00000
0.00000
0.00000
0.00000
0.00000
0.00000
0.00000
0.00000
0.00000
0.00000
0.00000
0.00000
0.00000
0.00000
0.00000
0.00000
0.00000
0.00000
0.00000
0.00000
0.00000
0.00000
0.00000
0.00000
0.00000
0.00000
0.00000
0.00000
0.00000
0.00000
0.00000
0.00000
0.00000
0.00000
0.00000
0.00000
0.00000
0.00000
0.00000
0.00000
0.00000
0.00000
0.00000
0.00000
0.00000
0.00000
0.00000
0.00000
0.00000
0.00000
0.00000
0.00000
0.00000
0.00000
0.00000
0.00000
0.00000
0.00000
0.00000
0.00000
0.00000
0.00000
0.00000
0.00000
0.00000
0.00000
0.00000
0.00000
0.00000
0.00000
0.00000
0.00000
0.00000
0.00000
0.00000
0.00000
0.00000
0.00000
0.00000
0.00000
0.00000
0.00000
0.00000
0.00000
0.00000
0.00000
0.00000
0.00000
0.00000
0.00000
0.00000
0.00000
0.00000
0.00000
0.00000
0.00000
0.00000
0.00000
0.00000
0.00000
0.00000
0.00000
0.00000
0.00000
0.00000
0.00000
0.00000
0.00000
0.00000
0.00000
0.00000
0.00000
0.00000
0.00000
0.00000
0.00000
0.00000
0.00000
0.00000
0.00000
0.00000
0.00000
0.00000
0.00000
0.00000
0.00000
0.00000
0.00000
0.00000
0.00000
0.00000
0.00000
0.00000
0.00000
0.00000
0.00000
0.00000
0.00000
0.00000
0.00000
0.00000
0.00000
0.00000
0.00000
0.00000
0.00000
0.00000
0.00000
0.00000
0.00000
0.00000
0.00000
0.00000
0.00000
0.00000
0.00000
0.00000
0.00000
0.00000
0.00000
0.00000
0.00000
0.00000
0.00000
0.00000
0.00000
0.00000
0.00000
0.00000
0.00000
0.00000
0.00000
0.00000
0.00000
0.00000
0.00000
0.00000
0.00000
0.00000
0.00000
0.00000
0.00000
0.00000
0.00000
0.00000
0.00000
0.00000
0.00000
0.00000
0.00000
0.00000
0.00000
0.00000
0.00000
0.00000
0.00000
0.00000
0.00000
0.00000
0.00000
0.00000
0.00000
0.00000
0.00000
0.00000
0.00000
0.00000
0.00000
0.00000
0.00000
0.00000
0.00000
0.00000
0.00000
0.00000
0.00000
0.00000
0.00000
0.00000
0.00000
0.00000
0.00000
0.00000
0.00000
0.00000
0.00000
0.00000
0.00000
0.00000
0.00000
0.00000
0.00000
0.00000
0.00000
0.00000
0.00000
0.00000
0.00000
0.00000
0.00000
0.00000
0.00000
0.00000
0.00000
0.00000
0.00000
0.00000
0.00000
0.00000
0.00000
0.00000
0.00000
0.00000
0.00000
0.00000
0.00000
0.00000
0.00000
0.00000
0.00000
0.00000
0.00000
0.00000
0.00000
0.00000
0.00000
0.00000
0.00000
0.00000
0.00000
0.00000
0.00000
0.00000
0.00000
0.00000
0.00000
0.00000
0.00000
0.00000
0.00000
0.00000
0.00000
0.00000
0.00000
0.00000
0.00000
0.00000
0.00000
0.00000
0.00000
0.00000
0.00000
0.00000
0.00000
0.00000
0.00000
0.00000
0.00000
0.00000
0.00000
0.00000
0.00000
0.00000
0.00000
0.00000
0.00000
0.00000
0.00000
0.00000
0.00000
0.00000
0.00000
0.00000
0.00000
0.00000
0.00000
0.00000
0.00000
0.00000
0.00000
0.00000
0.00000
0.00000
0.00000
0.00000
0.00000
0.00000
0.00000
0.00000
0.00000
0.00000
0.00000
0.00000
0.00000
0.00000
0.00000
0.00000
0.00000
0.00000
0.00000
0.00000
0.00000
0.00000
0.00000
0.00000
0.00000
0.00000
0.00000
0.00000
0.00000
0.00000
0.00000
0.00000
0.00000
0.00000
0.00000
0.00000
0.00000
0.00000
0.00000
0.00000
0.00000
0.00000
0.00000
0.00000
0.00000
0.00000
0.00000
0.00000
0.00000
0.00000
0.00000
0.00000
0.00000
0.00000
0.00000
0.00000
0.00000
0.00000
0.00000
0.00000
0.00000
0.00000
0.00000
0.00000
0.00000
0.00000
0.00000
0.00000
0.00000
0.00000
0.00000
0.00000
0.00000
0.00000
0.00000
0.00000
0.00000
0.00000
0.00000
0.00000
0.00000
0.00000
0.00000
0.00000
0.00000
0.00000
0.00000
0.00000
0.00000
0.00000
0.00000
0.00000
0.00000
0.00000
0.00000
0.00000
0.00000
0.00000
0.00000
0.00000
0.00000
0.00000
0.00000
0.00000
0.00000
0.00000
0.00000
0.00000
0.00000
0.00000
0.00000
0.00000
0.00000
0.00000
0.00000
0.00000
0.00000
0.00000
0.00000
0.00000
0.00000
0.00000
0.00000
0.00000
0.00000
0.00000
0.00000
0.00000
0.00000
0.00000
0.00000
0.00000
0.00000
0.00000
0.00000
0.00000
0.00000
0.00000
0.00000
0.00000
0.00000
0.00000
0.00000
0.00000
0.00000
0.00000
0.00000
0.00000
0.00000
0.00000
0.00000
0.00000
0.00000
0.00000
0.00000
0.00000
0.00000
0.00000
0.00000
0.00000
0.00000
0.00000
0.00000
0.00000
0.00000
0.00000
0.00000
0.00000
0.00000
0.00000
0.00000
0.00000
0.00000
0.00000
0.00000
0.00000
0.00000
0.00000
0.00000
0.00000
0.00000
0.00000
0.00000
0.00000
0.00000
0.00000
0.00000
0.00000
0.00000
0.00000
0.00000
0.00000
0.00000
0.00000
0.00000
0.00000
0.00000
0.00000
0.00000
0.00000
0.00000
0.00000
0.00000
0.00000
0.00000
0.00000
0.00000
0.00000
0.00000
0.00000
0.00000
0.00000
0.00000
0.00000
0.00000
0.00000
0.00000
0.00000
0.00000
0.00000
0.00000
0.00000
0.00000
0.00000
0.00000
0.00000
0.00000
0.00000
0.00000
0.00000
0.00000
0.00000
0.00000
0.00000
0.00000
0.00000
0.00000
0.00000
0.00000
0.00000
0.00000
0.00000
0.00000
0.00000
0.00000
0.00000
0.00000
0.00000
0.00000
0.00000
0.00000
0.00000
0.00000
0.00000
0.00000
0.00000
0.00000
0.00000
0.00000
0.00000
0.00000
0.00000
0.00000
0.00000
0.00000
0.00000
0.00000
0.00000
0.00000
0.00000
0.00000
0.00000
0.00000
0.00000
0.00000
0.00000
0.00000
0.00000
0.00000
0.00000
0.00000
0.00000
0.00000
0.00000
0.00000
0.00000
0.00000
0.00000
0.00000
0.00000
0.00000
0.00000
0.00000
0.00000
0.00000
0.00000
0.00000
0.00000
0.00000
0.00000
0.00000
0.00000
0.00000
0.00000
0.00000
0.00000
0.00000
0.00000
0.00000
0.00000
0.00000
0.00000
0.00000
0.00000
0.00000
0.00000
0.00000
0.00000
0.00000
0.00000
0.00000
0.00000
0.00000
0.00000
0.00000
0.00000
0.00000
0.00000
0.00000
0.00000
0.00000
0.00000
0.00000
0.00000
0.00000
0.00000
0.00000
0.00000
0.00000
0.00000
0.00000
0.00000
0.00000
0.00000
0.00000
0.00000
0.00000
0.00000
0.00000
0.00000
0.00000
0.00000
0.00000
0.00000
0.00000
0.00000
0.00000
0.00000
0.00000
0.00000
0.00000
0.00000
0.00000
0.00000
0.00000
0.00000
0.00000
0.00000
0.00000
0.00000
0.00000
0.00000
0.00000
0.00000
0.00000
0.00000
0.00000
0.00000
0.00000
0.00000
0.00000
0.00000
0.00000
0.00000
0.00000
0.00000
0.00000
0.00000
0.00000
0.00000
0.00000
0.00000
0.00000
0.00000
0.00000
0.00000
0.00000
0.00000
0.00000
0.00000
0.00000
0.00000
0.00000
0.00000
0.00000
0.00000
0.00000
0.00000
0.00000
0.00000
0.00000
0.00000
0.00000
0.00000
0.00000
0.00000
0.00000
0.00000
0.00000
0.00000
0.00000
0.00000
0.00000
0.00000
0.00000
0.00000
0.00000
0.00000
0.00000
0.00000
0.00000
0.00000
0.00000
0.00000
0.00000
0.00000
0.00000
0.00000
0.00000
0.00000
0.00000
0.00000
0.00000
0.00000
0.00000
0.00000
0.00000
0.00000
0.00000
0.00000
0.00000
0.00000
0.00000
0.00000
0.00000
0.00000
0.00000
0.00000
0.00000
0.00000
0.00000
0.00000
0.00000
0.00000
0.00000
0.00000
0.00000
0.00000
0.00000
0.00000
0.00000
0.00000
0.00000
0.00000
0.00000
0.00000
0.00000
0.00000
0.00000
0.00000
0.00000
0.00000
0.00000
0.00000
0.00000
0.00000
0.00000
0.00000
0.00000
0.00000
0.00000
0.00000
0.00000
0.00000
0.00000
0.00000
0.00000
0.00000
0.00000
0.00000
0.00000
0.00000
0.00000
0.00000
0.00000
0.00000
0.00000
0.00000
0.00000
0.00000
0.00000
0.00000
0.00000
0.00000
0.00000
0.00000
0.00000
0.00000
0.00000
0.00000
0.00000
0.00000
0.00000
0.00000
0.00000
0.00000
0.00000
0.00000
0.00000
0.00000
0.00000
0.00000
0.00000
0.00000
0.00000
0.00000
0.00000
0.00000
0.00000
0.00000
0.00000
0.00000
0.00000
0.00000
0.00000
0.00000
0.00000
0.00000
0.00000
0.00000
0.00000
0.00000
0.00000
0.00000
0.00000
0.00000
0.00000
0.00000
0.00000
0.00000
0.00000
0.00000
0.00000
0.00000
0.00000
0.00000
0.00000
0.00000
0.00000
0.00000
0.00000
0.00000
0.00000
0.00000
0.00000
0.00000
0.00000
0.00000
0.00000
0.00000
0.00000
0.00000
0.00000
0.00000
0.00000
0.00000
0.00000
0.00000
0.00000
0.00000
0.00000
0.00000
0.00000
0.00000
0.00000
0.00000
0.00000
0.00000
0.00000
0.00000
0.00000
0.00000
0.00000
0.00000
0.00000
0.00000
0.00000
0.00000
0.00000
0.00000
0.00000
0.00000
0.00000
0.00000
0.00000
0.00000
0.00000
0.00000
0.00000
0.00000
0.00000
0.00000
0.00000
0.00000
0.00000
0.00000
0.00000
0.00000
0.00000
0.00000
0.00000
0.00000
0.00000
0.00000
0.00000
0.00000
0.00000
0.00000
0.00000
0.00000
0.00000
0.00000
0.00000
0.00000
0.00000
0.00000
0.00000
0.00000
0.00000
0.00000
0.00000
0.00000
0.00000
0.00000
0.00000
0.00000
0.00000
0.00000
0.00000
0.00000
0.00000
0.00000
0.00000
0.00000
0.00000
0.00000
0.00000
0.00000
0.00000
0.00000
0.00000
0.00000
0.00000
0.00000
0.00000
0.00000
0.00000
0.00000
0.00000
0.00000
0.00000
0.00000
0.00000
0.00000
0.00000
0.00000
0.00000
0.00000
0.00000
0.00000
0.00000
0.00000
0.00000
0.00000
0.00000
0.00000
0.00000
0.00000
0.00000
0.00000
0.00000
0.00000
0.00000
0.00000
0.00000
0.00000
0.00000
0.00000
0.00000
0.00000
0.00000
0.00000
0.00000
0.00000
0.00000
0.00000
0.00000
0.00000
0.00000
0.00000
0.00000
0.00000
0.00000
0.00000
0.00000
0.00000
0.00000
0.00000
0.00000
0.00000
0.00000
0.00000
0.00000
0.00000
0.00000
0.00000
0.00000
0.00000
0.00000
0.00000
0.00000
0.00000
0.00000
0.00000
0.00000
0.00000
0.00000
0.00000
0.00000
0.00000
0.00000
0.00000
0.00000
0.00000
0.00000
0.00000
0.00000
0.00000
0.00000
0.00000
0.00000
0.00000
0.00000
0.00000
0.00000
0.00000
0.00000
0.00000
0.00000
0.00000
0.00000
0.00000
0.00000
0.00000
0.00000
0.00000
0.00000
0.00000
0.00000
0.00000
0.00000
0.00000
0.00000
0.00000
0.00000
0.00000
0.00000
0.00000
0.00000
0.00000
0.00000
0.00000
0.00000
0.00000
0.00000
0.00000
0.00000
0.00000
0.00000
0.00000
0.00000
0.00000
0.00000
0.00000
0.00000
0.00000
0.00000
0.00000
0.00000
0.00000
0.00000
0.00000
0.00000
0.00000
0.00000
0.00000
0.00000
0.00000
0.00000
0.00000
0.00000
0.00000
0.00000
0.00000
0.00000
0.00000
0.00000
0.00000
0.00000
0.00000
0.00000
0.00000
0.00000
0.00000
0.00000
0.00000
0.00000
0.00000
0.00000
0.00000
0.00000
0.00000
0.00000
0.00000
0.00000
0.00000
0.00000
0.00000
0.00000
0.00000
0.00000
0.00000
0.00000
0.00000
0.00000
0.00000
0.00000
0.00000
-0.01055
-0.05679
-0.14221
-0.14221
-0.26164
-0.48062
-0.80951
-1.23562
-1.74722
-2.29940
-2.88453
-3.49020
-4.10284
-4.72563
-5.34763
-5.96749
-6.58490
-7.20542
-7.82978
-8.45912
-9.09182
-9.73330
-10.37935
-11.02597
-11.67522
-12.32465
-12.97695
-13.63830
-14.30751
-14.99035
-15.68266
-16.38700
-17.10284
-17.82808
-18.56068
-19.30246
-20.04824
-20.79805
-21.55280
-22.31020
-23.07028
-23.83231
-24.59631
-25.36298
-26.12535
-26.89254
-27.65713
-28.42296
-29.19015
-29.96039
-30.73278
-31.50884
-32.28122
-33.05828
-33.83631
-34.61495
-35.39397
-36.17375
-36.95489
-37.73199
-38.50522
-39.27628
-40.04627
-40.81548
-41.60590
-42.37524
-43.14501
-43.91490
-44.68417
-45.45410
-46.23573
-47.00574
-47.77516
-48.54517
-49.31537
-50.08601
-50.85489
-51.62465
-52.39382
-53.16393
-53.93380
-54.70351
-55.47347
-56.24453
-57.01328
-57.77973
-58.54752
-59.38352
-60.31479
-60.31479
-61.26543
-62.19411
-63.08070
-63.90404
-64.65803
-65.33355
-65.92256
-66.43005
-66.98195
-67.68349
-68.28574
-68.67132
-68.81940
-68.81940
-68.72654
-68.42583
-67.94721
-67.31391
-66.58206
-65.81336
-65.06186
-64.36007
-63.72449
-63.16163
-62.66903
-62.22626
-61.83435
-61.48579
-61.18121
-60.91627
-60.68727
-60.37801
-59.91534
-59.57095
-59.46749
-59.57697
-59.80201
-60.15828
-60.69519
-61.36361
-62.09490
-62.84258
-63.59239
-64.32047
-64.97230
-65.51126
-65.91758
-66.19509
-66.35478
-66.41154
-66.37840
-66.26400
-66.07668
-65.81752
-65.49124
-65.10204
-64.65616
-64.25752
-64.02452
-63.99434
-63.96558
-63.74816
-63.36783
-62.86620
-62.28432
-61.66679
-61.06348
-61.06348
-60.51988
-59.99170
-59.43617
-58.89422
-58.39317
-57.94633
-57.52816
-57.12759
-56.74613
-56.38855
-56.05480
-55.74533
-55.45952
-55.19539
-54.94839
-54.71337
-54.48486
-54.25790
-54.02691
-53.79201
-53.54915
-53.29461
-53.02216
-52.72679
-52.41011
-52.07321
-51.71299
-51.33388
-50.93604
-50.52178
-50.09412
-49.65599
-49.20650
-48.74769
-48.28074
-47.80683
-47.32734
-46.84334
-46.35577
-45.86494
-45.37097
-44.87634
-44.37958
-43.88150
-43.38249
-42.88281
-42.38214
-41.88082
-41.37837
-40.87684
-40.37486
-39.87250
-39.36998
-38.86737
-38.36395
-37.86015
-37.35586
-36.85289
-36.34950
-35.84621
-35.34288
-34.83949
-34.33623
-33.83308
-33.32845
-32.82717
-32.32783
-31.83226
-31.33900
-30.84779
-30.35774
-29.86816
-29.37854
-28.89045
-28.40264
-27.91406
-27.42668
-26.93896
-26.45156
-25.96417
-25.47642
-24.99006
-24.50330
-24.01652
-23.53006
-23.04338
-22.55687
-22.07030
-21.58301
-21.09680
-20.61037
-20.12393
-19.63741
-19.15094
-18.66459
-18.17809
-17.69028
-17.20576
-16.71904
-16.23241
-15.74571
-15.25888
-14.77166
-14.28134
-13.79285
-13.30307
-12.81084
-12.31655
-11.82038
-11.32322
-10.82472
-10.32521
-9.82395
-9.32325
-8.82217
-8.32066
-7.81880
-7.33066
-6.86107
-6.40389
-5.95773
-5.52534
-5.10230
-4.73265
-4.45163
-4.25645
-4.14356
-4.16356
-4.35570
-4.68918
-5.14263
-5.69101
-6.31181
-6.98639
-7.70784
-8.45694
-9.20674
-9.93013
-10.62156
-11.26825
-11.86472
-12.40694
-12.87151
-13.23317
-13.49896
-13.68246
-13.79741
-13.84763
-13.83421
-13.75855
-13.62321
-13.40220
-13.07805
-12.67596
-12.21480
-11.70419
-11.13976
-10.52359
-9.87306
-9.19888
-8.52823
-7.88306
-7.27333
-6.68860
-6.12386
-5.62708
-5.21865
-4.89546
-4.63979
-4.44572
-4.31009
-4.23449
-4.26153
-4.41476
-4.66878
-5.00161
-5.39911
-5.86149
-6.38918
-6.95867
-7.56187
-8.17402
-8.78304
-9.40714
-10.04930
-10.69722
-11.29106
-11.79480
-12.20319
-12.52046
-12.75856
-12.93060
-13.03793
-13.08053
-13.02411
-12.84899
-12.57965
-12.23825
-11.82697
-11.34580
-10.80172
-10.21574
-9.58951
-8.95797
-8.34048
-7.74578
-7.15926
-6.57591
-6.05352
-5.61677
-5.26268
-4.97497
-4.74442
-4.57052
-4.45452
-4.44284
-4.56211
-4.78701
-5.09452
-5.47011
-5.91341
-6.42376
-6.97975
-7.57496
-8.18292
-8.78155
-9.39783
-10.03105
-10.67644
-11.26522
-11.76524
-12.17223
-12.49019
-12.72833
-12.90221
-13.01347
-13.06211
-13.01052
-12.83833
-12.57091
-12.23133
-11.82300
-11.34212
-10.80206
-10.20462
-9.58008
-8.94971
-8.33425
-7.73276
-7.14849
-6.56451
-6.04305
-5.60585
-5.25147
-4.96337
-4.73288
-4.55893
-4.44340
-4.43323
-4.55421
-4.78083
-5.09033
-5.46728
-5.91102
-6.42315
-6.97976
-7.57473
-8.18170
-8.78275
-9.39844
-10.03058
-10.67608
-11.26646
-11.76391
-12.17088
-12.48832
-12.72745
-12.90157
-13.01301
-13.06179
-13.01024
-12.83837
-12.57206
-12.23313
-11.82506
-11.34845
-10.80670
-10.21772
-9.58884
-8.95674
-8.33622
-7.74069
-7.15446
-6.57128
-6.05034
-5.61284
-5.25781
-4.97120
-4.74021
-4.56585
-4.44961
-4.43769
-4.55619
-4.78104
-5.08839
-5.46147
-5.90199
-6.41014
-6.96446
-7.55789
-8.16273
-8.76197
-9.37784
-10.00777
-10.65295
-11.24180
-11.74197
-12.14906
-12.46613
-12.70492
-12.87901
-12.98958
-13.03833
-12.98665
-12.81434
-12.54702
-12.20854
-11.80041
-11.32240
-10.78352
-10.19718
-9.57203
-8.94081
-8.32487
-7.73064
-7.14389
-6.55889
-6.03971
-5.60227
-5.24774
-4.95961
-4.72903
-4.55509
-4.43900
-4.42770
-4.54681
-4.77195
-5.07988
-5.45559
-5.89843
-6.40837
-6.96390
-7.55934
-8.16287
-8.76407
-9.39068
-10.02393
-10.66952
-11.25862
-11.75864
-12.16610
-12.48292
-12.72171
-12.89552
-13.00661
-13.05518
-13.04483
-12.98664
-12.89247
-12.76620
-12.61207
-12.43281
-12.23253
-12.01453
-11.77980
-11.53112
-11.27021
-11.00004
-10.72221
-10.43805
-10.14873
-9.85521
-9.55819
-9.25966
-8.96139
-8.66436
-8.36795
-8.07196
-7.77650
-7.48149
-7.18675
-6.89253
-6.60091
-6.31351
-6.02880
-5.74575
-5.46436
-5.18346
-4.90358
-4.62426
-4.34524
-4.06747
-3.78984
-3.51262
-3.23557
-2.95865
-2.68196
-2.40487
-2.12792
-1.85160
-1.57527
-1.29893
-1.02259
-0.74632
-0.46991
-0.19349
0.21047
0.83595
1.63119
2.41348
3.00950
3.37956
3.74307
4.30938
5.02828
5.83490
6.66602
7.45578
8.14457
8.68306
9.04690
9.24167
9.28283
9.19067
8.98616
8.69777
8.34159
7.92107
7.43910
6.90424
6.32068
5.69984
5.04019
4.35826
3.65245
2.93207
2.18724
1.41566
0.62186
-0.17104
-0.95885
-1.72414
-2.45700
-3.17984
-3.80810
-4.34337
-4.78508
-5.13318
-5.39858
-5.59467
-5.72542
-5.79324
-5.75741
-5.59461
-5.33007
-4.98793
-4.58120
-4.11079
-3.57544
-2.99535
-2.37987
-1.75841
-1.14854
-0.54492
0.06864
0.68563
1.29975
1.84464
2.29077
2.63902
2.89542
3.07010
3.17479
3.21174
3.14797
2.96624
2.69296
2.34951
1.93512
1.45312
0.90323
0.31429
-0.30680
-0.93455
-1.55066
-2.16526
-2.78802
-3.36035
-3.85643
-4.27139
-4.61250
-4.89764
-5.12970
-5.30936
-5.43250
-5.45063
-5.33819
-5.11999
-4.81818
-4.45039
-4.01405
-3.51271
-2.95701
-2.36168
-1.75099
-1.14856
-0.55374
0.04777
0.65557
1.26361
1.80447
2.24644
2.59199
2.84743
3.02570
3.13587
3.17877
3.12143
2.94722
2.68147
2.34493
1.93541
1.45447
0.90901
0.32448
-0.29273
-0.91922
-1.53097
-2.14369
-2.76708
-3.33682
-3.83417
-4.24837
-4.60252
-4.88663
-5.11650
-5.29557
-5.42072
-5.44043
-5.32779
-5.10838
-4.80478
-4.43443
-3.99899
-3.49691
-2.94255
-2.34304
-1.73112
-1.12829
-0.53122
0.07326
0.68212
1.29083
1.83130
2.27456
2.62073
2.87538
3.05218
3.16079
3.20178
3.14178
2.96435
2.69531
2.35639
1.94386
1.46334
0.91649
0.33353
-0.28421
-0.90929
-1.52413
-2.13835
-2.75932
-3.33082
-3.82785
-4.24115
-4.58307
-4.86887
-5.10439
-5.28729
-5.41489
-5.49127
-5.56887
-5.69835
-5.87506
-6.09408
-6.35131
-6.64224
-6.96416
-7.31417
-7.69158
-8.09051
-8.50887
-8.94387
-9.39088
-9.84511
-10.30250
-10.76074
-11.21621
-11.66646
-12.11480
-12.55739
-12.99504
-13.42986
-13.86210
-14.29212
-14.72212
-15.14624
-15.56608
-15.98307
-16.39838
-16.81430
-17.22675
-17.63845
-18.05020
-18.46045
-18.87106
-19.28100
-19.69039
-20.09918
-20.50835
-20.91774
-21.32758
-21.73448
-22.14301
-22.55160
-22.96009
-23.36851
-23.77700
-24.18549
-24.59398
-25.00060
-25.40940
-25.81776
-26.22598
-26.63430
-27.04261
-27.45082
-27.85991
-28.26798
-28.67677
-29.08529
-29.49441
-29.90167
-30.31067
-30.71964
-31.12934
-31.53698
-31.94461
-32.35359
-32.76261
-33.17130
-33.57612
-33.97767
-34.37822
-34.77417
-35.17083
-35.56643
-35.96128
-36.35577
-36.61260
-36.73465
-36.99065
-37.48785
-38.14581
-38.92538
-39.80182
-40.70234
-41.56243
-42.34111
-43.01931
-43.61271
-44.08342
-44.34405
-44.38248
-44.21401
-43.87793
-43.41842
-42.87218
-42.27065
-41.63616
-40.98613
-40.31655
-39.62137
-38.90770
-38.21131
-37.55747
-36.99856
-36.36635
-35.67719
-34.90620
-34.00494
-33.15249
-32.41815
-31.85311
-31.34755
-30.74614
-29.98989
-29.24383
-28.67306
-28.31483
-28.18643
-28.29141
-28.60997
-29.11091
-29.74386
-30.44985
-31.18207
-31.90906
-32.61046
-33.27921
-33.94009
-34.59417
-35.25151
-35.90930
-36.56287
-37.20993
-37.84808
-38.47643
-39.09693
-39.71154
-40.31274
-40.90448
-41.48583
-42.05464
-42.61010
-43.15737
-43.64690
-44.04510
-44.34877
-44.55340
-44.60645
-44.46969
-44.17444
-43.74999
-43.23366
-42.64789
-41.98758
-41.26787
-40.52825
-39.79678
-39.09030
-38.42009
-37.79598
-37.20381
-36.61957
-36.11327
-35.71848
-35.42929
-35.23732
-35.12946
-35.09489
-35.12954
-35.22994
-35.39070
-35.63842
-35.99074
-36.42512
-36.91983
-37.45626
-38.03808
-38.68171
-39.34786
-40.02478
-40.69109
-41.32736
-41.92387
-42.48501
-43.02889
-43.56625
-44.03305
-44.40636
-44.68815
-44.89056
-45.02328
-45.08961
-45.09206
-45.03397
-44.85045
-44.48716
-43.98408
-43.39093
-42.75283
-42.10705
-41.47528
-40.87157
-40.26522
-39.64290
-39.00361
-38.35135
-37.68865
-37.02059
-36.33781
-35.63528
-34.91890
-34.19209
-33.45989
-32.72777
-31.99407
-31.25985
-30.52235
-29.77968
-29.02965
-28.26080
-27.47100
-26.66612
-25.84145
-25.01061
-24.16333
-23.30399
-22.43379
-21.55920
-20.67719
-19.78786
-18.88959
-17.99165
-17.08420
-16.17416
-15.26043
-14.34407
-13.42606
-12.50619
-11.58469
-10.66720
-9.74503
-8.82243
-7.90301
-6.98529
-6.06858
-5.15197
-4.23449
-3.31919
-2.40288
-1.48623
-0.56862
0.34845
1.26554
2.18269
3.10179
4.01851
4.93632
5.85437
6.77289
7.69108
8.60966
9.52833
10.44765
11.36538
12.28403
13.20212
14.12080
15.03953
15.95911
16.87729
17.79683
18.71056
19.62830
20.54677
21.46467
22.38296
23.30133
24.21990
25.13924
26.05638
26.97415
27.89205
28.81002
29.72897
30.64844
31.56759
32.48818
33.40586
34.32551
35.24328
36.16131
37.07947
37.99860
38.91735
39.83782
40.75216
41.66997
42.58889
43.50689
44.42494
45.34324
46.26256
47.18260
48.10051
49.04821
49.96623
50.87962
51.79020
52.70048
53.60901
54.52008
55.42600
56.33545
57.24542
58.15523
59.06506
59.97537
60.88492
61.79710
62.70649
63.61661
64.52725
65.43436
66.34201
67.24979
68.15891
69.07127
69.98263
70.89527
71.80926
72.72451
73.64121
74.55806
75.47528
76.39368
77.31039
78.25377
79.17214
80.09024
81.00873
81.92688
82.84514
83.76491
84.68288
85.61514
86.53374
87.45199
88.37060
89.28904
90.20818
91.12862
92.04668
92.96515
93.88348
94.80182
95.71991
96.63865
97.55749
98.47915
99.39432
100.31285
101.23338
102.14671
103.05719
103.96581
104.87513
105.78769
106.69362
107.60274
108.51358
109.41982
110.32988
111.23966
112.15030
113.06351
113.97152
114.88298
115.79351
116.70458
117.60963
118.51563
119.41938
120.31866
121.21246
122.10635
122.98237
123.82984
124.64706
125.44879
126.23657
126.96108
127.57225
128.06358
128.43728
128.69650
128.84642
128.89207
128.80580
128.57411
128.22385
127.78359
127.28096
126.73431
126.15009
125.52619
124.86438
124.19567
123.54114
122.91139
122.32029
121.75042
121.19991
120.66875
120.16083
119.68516
119.28711
118.98181
118.76172
118.61534
118.53651
118.52259
118.57246
118.71690
118.97302
119.31787
119.73137
120.19789
120.72072
121.30118
121.93123
122.58389
123.24294
123.89779
124.53551
125.16950
125.80442
126.43250
127.04953
127.59672
128.03908
128.38102
128.62894
128.79246
128.88337
128.90580
128.86178
128.75240
128.55551
128.25705
127.88004
127.44352
126.94835
126.39748
125.79171
125.13928
124.46641
123.78351
123.11520
122.47713
121.87917
121.30375
120.74941
120.22022
119.72286
119.30194
118.97578
118.73747
118.57654
118.48403
118.45826
118.49908
118.63391
118.87983
119.21330
119.61353
120.07623
120.59669
121.17410
121.80616
122.45414
123.11712
123.77382
124.41046
125.04719
125.68698
126.32067
126.94587
127.49945
127.95179
128.30421
128.56291
128.73527
128.83500
128.86716
128.83240
128.73203
128.54305
128.25023
127.87760
127.44433
126.95290
126.40531
125.80068
125.15194
124.48131
123.80070
123.13189
122.49630
121.89809
121.32232
120.76711
120.23850
119.73639
119.31095
118.98073
118.73943
118.57705
118.48392
118.45770
118.49814
118.63420
118.88199
119.21696
119.61813
120.07774
120.59981
121.17965
121.80446
122.45272
123.11200
123.76442
124.39969
125.03599
125.67607
126.31147
126.93545
127.48987
127.94207
128.29435
128.55275
128.72702
128.82891
128.86274
128.82961
128.72998
128.53745
128.23434
127.84680
127.39745
126.89348
126.33364
125.72387
125.08510
124.43208
123.78874
123.17027
122.57600
121.99085
121.41397
120.85710
120.37250
119.98045
119.67677
119.44814
119.28657
119.18869
119.19495
119.32610
119.55807
119.86774
120.24633
120.69599
121.21338
121.77641
122.38062
122.99224
123.60373
124.23154
124.87746
125.53591
126.13955
126.65539
127.07900
127.40862
127.65967
127.84247
127.96120
128.01655
127.97106
127.80367
127.54127
127.20900
126.80488
126.32595
125.78875
125.20524
124.58310
123.95455
123.33859
122.74533
122.15927
121.57606
121.05493
120.61818
120.26419
119.97631
119.74529
119.57177
119.45577
119.44436
119.56348
119.79281
120.10196
120.47897
120.92400
121.44105
121.99749
122.59340
123.20085
123.80185
124.41742
125.05035
125.69646
126.28495
126.78390
127.19026
127.50606
127.74407
127.91720
128.02777
128.07590
128.02421
127.85198
127.58475
127.24513
126.83687
126.35977
125.82092
125.23533
124.61285
123.98305
123.36753
122.77395
122.18326
121.59863
121.00723
120.42305
119.79132
119.11065
118.38560
117.62798
116.83762
116.01252
115.16082
114.28166
113.38795
112.46659
111.52905
110.57369
109.60673
108.62771
107.64820
106.66676
105.69158
104.71409
103.73829
102.76076
101.78304
100.80400
99.82230
98.83530
97.84740
96.85597
95.86701
94.87770
93.88623
92.89313
91.89826
90.89877
89.90037
88.90084
87.90030
86.89898
85.89631
84.89318
83.89047
82.88495
81.88194
80.87794
79.87300
78.86778
77.86208
76.85663
75.85184
74.84574
73.84145
72.83271
71.82789
70.82244
69.81692
68.81174
67.80512
66.79592
65.79500
64.78985
63.78438
62.77828
61.77306
60.76663
59.76041
58.75182
57.75028
56.74517
55.73901
54.73344
53.72636
52.72011
51.71434
50.70581
49.70431
48.69796
47.69273
46.68681
45.68134
44.67566
43.67061
42.65825
41.65687
40.65214
39.64685
38.64143
37.63629
36.63091
35.62461
34.61794
33.61388
32.60865
31.60370
30.59843
29.59307
28.58768
27.58090
26.53626
25.53478
24.52874
23.52295
22.51739
21.51099
20.50471
19.49813
18.48952
17.48813
16.48337
15.47800
14.47216
13.46585
12.45984
11.45340
10.44465
9.44393
8.43821
7.43245
6.42669
5.42097
4.41457
3.40893
2.40241
1.39765
0.39253
-0.61211
-1.61663
-2.62251
-3.62807
-4.63407
-5.64604
-6.65144
-7.65631
-8.66119
-9.66706
-10.67291
-11.67779
-12.68311
-13.69103
-14.69479
-15.69972
-16.70547
-17.71075
-18.71447
-19.72179
-20.72719
-21.73403
-22.73891
-23.73885
-24.73648
-25.73402
-26.70881
-27.61701
-28.44076
-29.17005
-29.79475
-30.31684
-30.73888
-31.06360
-31.36759
-31.72269
-32.19651
-32.82055
-33.53540
-34.29899
-35.05783
-35.75309
-36.33264
-36.75633
-36.99861
-37.15038
-37.23935
-37.20260
-37.01920
-36.71849
-36.32724
-35.86760
-35.35793
-34.80357
-34.21218
-33.59380
-32.97178
-32.35536
-31.72714
-31.08430
-30.43170
-29.78303
-29.20248
-28.72173
-28.34186
-28.05754
-27.86060
-27.73779
-27.68332
-27.69515
-27.80354
-28.02577
-28.33697
-28.71563
-29.15797
-29.66604
-30.23634
-30.84610
-31.48410
-32.12186
-32.74045
-33.33357
-33.92046
-34.50280
-35.07128
-35.57008
-35.97556
-36.29247
-36.53178
-36.70373
-36.81170
-36.81526
-36.69383
-36.47201
-36.17347
-35.80094
-35.35753
-34.84582
-34.28901
-33.69302
-33.08415
-32.47705
-31.85388
-31.21287
-30.55701
-29.89592
-29.29693
-28.79695
-28.39863
-28.09813
-27.88765
-27.75305
-27.68764
-27.69025
-27.79137
-28.00679
-28.31124
-28.68292
-29.12304
-29.63162
-30.19982
-30.80642
-31.44055
-32.07423
-32.68751
-33.28032
-33.86495
-34.44717
-35.01591
-35.51400
-35.92007
-36.23795
-36.47842
-36.65393
-36.76690
-36.77501
-36.65582
-36.43490
-36.13535
-35.76252
-35.32070
-34.80945
-34.25484
-33.65907
-33.05049
-32.44363
-31.81859
-31.17547
-30.51873
-29.83940
-29.22591
-28.70673
-28.28520
-27.96267
-27.73728
-27.59823
-27.53384
-27.54103
-27.61612
-27.78289
-28.05461
-28.41506
-28.83506
-29.30953
-29.84091
-30.42802
-31.03854
-31.66640
-32.28315
-32.88191
-33.47624
-34.07024
-34.65979
-35.23404
-35.78410
-36.26271
-36.64110
-36.92162
-37.10981
-37.21919
-37.26301
-37.24388
-37.12778
-36.89480
-36.57087
-36.17231
-35.71610
-35.19287
-34.61082
-33.97659
-33.32693
-32.66358
-32.00816
-31.37446
-30.76270
-30.15762
-29.54235
-28.92836
-28.38720
-27.94818
-27.60997
-27.36574
-27.20515
-27.12262
-27.11419
-27.17597
-27.30046
-27.51021
-27.81934
-28.20514
-28.64877
-29.14742
-29.68999
-30.28642
-30.94149
-31.61702
-32.29947
-32.96434
-33.59532
-34.18981
-34.76666
-35.30441
-35.76764
-36.14386
-36.44644
-36.68917
-36.87445
-37.00194
-37.06947
-37.07687
-37.02830
-36.95612
-36.88524
-36.81607
-36.81607
-36.74846
-36.68235
-36.61767
-36.55443
-36.49062
-36.42171
-36.34375
-36.25532
-36.15505
-36.03978
-35.90888
-35.76140
-35.59768
-35.41714
-35.21855
-35.00252
-34.76969
-34.52121
-34.25891
-33.98391
-33.70057
-33.40933
-33.11320
-32.81498
-32.51078
-32.20397
-31.90498
-31.62302
-31.36710
-31.14278
-30.95366
-30.80076
-30.66990
-30.55168
-30.44721
-30.35868
-30.29115
-30.29115
-30.24615
-30.21619
-30.18754
-30.16022
-30.13421
-30.10954
-30.08616
-30.06416
-30.04347
-30.02413
-30.00611
-29.98941
-29.97405
-29.96002
-29.94729
-29.93593
-29.92588
-29.91716
-29.90975
-29.90368
-29.89893
-29.89551
-29.89342
-29.89239
-29.89187
-29.89161
-29.89148
-29.89141
-29.89138
-29.89136
-29.89136
-29.89135
-29.89135
-29.89135
-29.89135
-29.89135
-29.89135
-29.89135
-29.89135
-29.89135
-29.89135
-29.89135
-29.89135
-29.89135
-29.89135
-29.89135
-29.89135
-29.89135
-29.89135
-29.89135
-29.89135
-29.89135
-29.89135
-29.89135
-29.89135
-29.89135
-29.89135
-29.89135
-29.89135
-29.89135
-29.89135
-29.89135
-29.89135
-29.89135
-29.89135
-29.89135
-29.89135
-29.89135
-29.89135
-29.89135
-29.89135
-29.89135
-29.89135
-29.89135
-29.89135
-29.89135
-29.89135
-29.89135
-29.89135
-29.89135
-29.89135
-29.89135
-29.89135
-29.89135
-29.89135
-29.89135
-29.89135
-29.89135
-29.89135
-29.89135
-29.89135
-29.89135
-29.89135
-29.89135
-29.89135
-29.89135
-29.89135
-29.89135
-29.89135
-29.89135
-29.89135
-29.89135
-29.89135
-29.89135
-29.89135
-29.89135
-29.89135
-29.89135
-29.89135
-29.89135
-29.89135
-29.89135
-29.89135
-29.89135
-29.89135
-29.89135
-29.89135
-29.89135
-29.89135
-29.89135
-29.89135
-29.89135
-29.89135
-29.89135
-29.89135
-29.89135
-29.89135
0.00000
0.00000
0.00000
0.00000
0.00000
0.00000
0.00000
0.00000
0.00000
0.00000
0.00000
0.00000
0.00000
0.00000
0.00000
0.00000
0.00000
0.00000
0.00000
0.00000
0.00000
0.00000
0.00000
0.00000
0.00000
0.00000
0.00000
0.00000
0.00000
0.00000
0.00000
0.00000
0.00000
0.00000
0.00000
0.00000
0.00000
0.00000
0.00000
0.00000
0.00000
0.00000
0.00000
0.00000
0.00000
0.00000
0.00000
0.00000
0.00000
0.00000
0.00000
0.00000
0.00000
0.00000
0.00000
0.00000
0.00000
0.00000
0.00000
0.00000
0.00000
0.00000
0.00000
0.00000
0.00000
0.00000
0.00000
0.00000
0.00000
0.00000
0.00000
0.00000
0.00000
0.00000
0.00000
0.00000
0.00000
0.00000
0.00000
0.00000
0.00000
0.00000
0.00000
0.00000
0.00000
0.00000
0.00000
0.00000
0.00000
0.00000
0.00000
0.00000
0.00000
0.00000
0.00000
0.00000
0.00000
0.00000
0.00000
0.00000
0.00000
0.00000
0.00000
0.00000
0.00000
0.00000
0.00000
0.00000
0.00000
0.00000
0.00000
0.00000
0.00000
0.00000
0.00000
0.00000
0.00000
0.00000
0.00000
0.00000
0.00000
0.00000
0.00000
0.00000
0.00000
0.00000
0.00000
0.00000
0.00000
0.00000
0.00000
0.00000
0.00000
0.00000
0.00000
0.00000
0.00000
0.00000
0.00000
0.00000
0.00000
0.00000
0.00000
0.00000
0.00000
0.00000
0.00000
0.00000
0.00000
0.00000
0.00000
0.00000
0.00000
0.00000
0.00000
0.00000
0.00000
0.00000
0.00000
0.00000
0.00000
0.00000
0.00000
0.00000
0.00000
0.00000
0.00000
0.00000
0.00000
0.00000
0.00000
0.00000
0.00000
0.00000
0.00000
0.00000
0.00000
0.00000
0.00000
0.00000
0.00000
0.00000
0.00000
0.00000
0.00000
0.00000
0.00000
0.00000
0.00000
0.00000
0.00000
0.00000
0.00000
0.00000
0.00000
0.00000
0.00000
0.00000
0.00000
0.00000
0.00000
0.00000
0.00000
0.00000
0.00000
0.00000
0.00000
0.00000
0.00000
0.00000
0.00000
0.00000
0.00000
0.00000
0.00000
0.00000
0.00000
0.00000
0.00000
0.00000
0.00000
0.00000
0.00000
0.00000
0.00000
0.00000
0.00000
0.00000
0.00000
0.00000
0.00000
0.00000
0.00000
0.00000
0.00000
0.00000
0.00000
0.00000
0.00000
0.00000
0.00000
0.00000
0.00000
0.00000
0.00000
0.00000
0.00000
0.00000
0.00000
0.00000
0.00000
0.00000
0.00000
0.00000
0.00000
0.00000
0.00000
0.00000
0.00000
0.00000
0.00000
0.00000
0.00000
0.00000
0.00000
0.00000
0.00000
0.00000
0.00000
0.00000
0.00000
0.00000
0.00000
0.00000
0.00000
0.00000
0.00000
0.00000
0.00000
0.00000
0.00000
0.00000
0.00000
0.00000
0.00000
0.00000
0.00000
0.00000
0.00000
0.00000
0.00000
0.00000
0.00000
0.00000
0.00000
0.00000
0.00000
0.00000
0.00000
0.00000
0.00000
0.00000
0.00000
0.00000
0.00000
0.00000
0.00000
0.00000
0.00000
0.00000
0.00000
0.00000
0.00000
0.00000
0.00000
0.00000
0.00000
0.00000
0.00000
0.00000
0.00000
0.00000
0.00000
0.00000
0.00000
0.00000
0.00000
0.00000
0.00000
0.00000
0.00000
0.00000
0.00000
0.00000
0.00000
0.00000
0.00000
0.00000
0.00000
0.00000
0.00000
0.00000
0.00000
0.00000
0.00000
0.00000
0.00000
0.00000
0.00000
0.00000
0.00000
0.00000
0.00000
0.00000
0.00000
0.00000
0.00000
0.00000
0.00000
0.00000
0.00000
0.00000
0.00000
0.00000
0.00000
0.00000
0.00000
0.00000
0.00000
0.00000
0.00000
0.00000
0.00000
0.00000
0.00000
0.00000
0.00000
0.00000
0.00000
0.00000
0.00000
0.00000
0.00000
0.00000
0.00000
0.00000
0.00000
0.00000
0.00000
0.00000
0.00000
0.00000
0.00000
0.00000
0.00000
0.00000
0.00000
0.00000
0.00000
0.00000
0.00000
0.00000
0.00000
0.00000
0.00000
0.00000
0.00000
0.00000
0.00000
0.00000
0.00000
0.00000
0.00000
0.00000
0.00000
0.00000
0.00000
0.00000
0.00000
0.00000
0.00000
0.00000
0.00000
0.00000
0.00000
0.00000
0.00000
0.00000
0.00000
0.00000
0.00000
0.00000
0.00000
0.00000
0.00000
0.00000
0.00000
0.00000
0.00000
0.00000
0.00000
0.00000
0.00000
0.00000
0.00000
0.00000
0.00000
0.00000
0.00000
0.00000
0.00000
0.00000
0.00000
0.00000
0.00000
0.00000
0.00000
0.00000
0.00000
0.00000
0.00000
0.00000
0.00000
0.00000
0.00000
0.00000
0.00000
0.00000
0.00000
0.00000
0.00000
0.00000
0.00000
0.00000
0.00000
0.00000
0.00000
0.00000
0.00000
0.00000
0.00000
0.00000
0.00000
0.00000
0.00000
0.00000
0.00000
0.00000
0.00000
0.00000
0.00000
0.00000
0.00000
0.00000
0.00000
0.00000
0.00000
0.00000
0.00000
0.00000
0.00000
0.00000
0.00000
0.00000
0.00000
0.00000
0.00000
0.00000
0.00000
0.00000
0.00000
0.00000
0.00000
0.00000
0.00000
0.00000
0.00000
0.00000
0.00000
0.00000
0.00000
0.00000
0.00000
0.00000
0.00000
0.00000
0.00000
0.00000
0.00000
0.00000
0.00000
0.00000
0.00000
0.00000
0.00000
0.00000
0.00000
0.00000
0.00000
0.00000
0.00000
0.00000
0.00000
0.00000
0.00000
0.00000
0.00000
0.00000
0.00000
0.00000
0.00000
0.00000
0.00000
0.00000
0.00000
0.00000
0.00000
0.00000
0.00000
0.00000
0.00000
0.00000
0.00000
0.00000
0.00000
0.00000
0.00000
0.00000
0.00000
0.00000
0.00000
0.00000
0.00000
0.00000
0.00000
0.00000
0.00000
0.00000
0.00000
0.00000
0.00000
0.00000
0.00000
0.00000
0.00000
0.00000
0.00000
0.00000
0.00000
0.00000
0.00000
0.00000
0.00000
0.00000
0.00000
0.00000
0.00000
0.00000
0.00000
0.00000
0.00000
0.00000
0.00000
0.00000
0.00000
0.00000
0.00000
0.00000
0.00000
0.00000
0.00000
0.00000
0.00000
0.00000
0.00000
0.00000
0.00000
0.00000
0.00000
0.00000
0.00000
0.00000
0.00000
0.00000
0.00000
0.00000
0.00000
0.00000
0.00000
0.00000
0.00000
0.00000
0.00000
0.00000
0.00000
0.00000
0.00000
0.00000
0.00000
0.00000
0.00000
0.00000
0.00000
0.00000
0.00000
0.00000
0.00000
0.00000
0.00000
0.00000
0.00000
0.00000
0.00000
0.00000
0.00000
0.00000
0.00000
0.00000
0.00000
0.00000
0.00000
0.00000
0.00000
0.00000
0.00000
0.00000
0.00000
0.00000
0.00000
0.00000
0.00000
0.00000
0.00000
0.00000
0.00000
0.00000
0.00000
0.00000
0.00000
0.00000
0.00000
0.00000
0.00000
0.00000
0.00000
0.00000
0.00000
0.00000
0.00000
0.00000
0.00000
0.00000
0.00000
0.00000
0.00000
0.00000
0.00000
0.00000
0.00000
0.00000
0.00000
0.00000
0.00000
0.00000
0.00000
0.00000
0.00000
0.00000
0.00000
0.00000
0.00000
0.00000
0.00000
0.00000
0.00000
0.00000
0.00000
0.00000
0.00000
0.00000
0.00000
0.00000
0.00000
0.00000
0.00000
0.00000
0.00000
0.00000
0.00000
0.00000
0.00000
0.00000
0.00000
0.00000
0.00000
0.00000
0.00000
0.00000
0.00000
0.00000
0.00000
0.00000
0.00000
0.00000
0.00000
0.00000
0.00000
0.00000
0.00000
0.00000
0.00000
0.00000
0.00000
0.00000
0.00000
0.00000
0.00000
0.00000
0.00000
0.00000
0.00000
0.00000
0.00000
0.00000
0.00000
0.00000
0.00000
0.00000
0.00000
0.00000
0.00000
0.00000
0.00000
0.00000
0.00000
0.00000
0.00000
0.00000
0.00000
0.00000
0.00000
0.00000
0.00000
0.00000
0.00000
0.00000
0.00000
0.00000
0.00000
0.00000
0.00000
0.00000
0.00000
0.00000
0.00000
0.00000
0.00000
0.00000
0.00000
0.00000
0.00000
0.00000
0.00000
0.00000
0.00000
0.00000
0.00000
0.00000
0.00000
0.00000
0.00000
0.00000
0.00000
0.00000
0.00000
0.00000
0.00000
0.00000
0.00000
0.00000
0.00000
0.00000
0.00000
0.00000
0.00000
0.00000
0.00000
0.00000
0.00000
0.00000
0.00000
0.00000
0.00000
0.00000
0.00000
0.00000
0.00000
0.00000
0.00000
0.00000
0.00000
0.00000
0.00000
0.00000
0.00000
0.00000
0.00000
0.00000
0.00000
0.00000
0.00000
0.00000
0.00000
0.00000
0.00000
0.00000
0.00000
0.00000
0.00000
0.00000
0.00000
0.00000
0.00000
0.00000
0.00000
0.00000
0.00000
0.00000
0.00000
0.00000
0.00000
0.00000
0.00000
0.00000
0.00000
0.00000
0.00000
0.00000
0.00000
0.00000
0.00000
0.00000
0.00000
0.00000
0.00000
0.00000
0.00000
0.00000
0.00000
0.00000
0.00000
0.00000
0.00000
0.00000
0.00000
0.00000
0.00000
0.00000
0.00000
0.00000
0.00000
0.00000
0.00000
0.00000
0.00000
0.00000
0.00000
0.00000
0.00000
0.00000
0.00000
0.00000
0.00000
0.00000
0.00000
0.00000
0.00000
0.00000
0.00000
0.00000
0.00000
0.00000
0.00000
0.00000
0.00000
0.00000
0.00000
0.00000
0.00000
0.00000
0.00000
0.00000
0.00000
0.00000
0.00000
0.00000
0.00000
0.00000
0.00000
0.00000
0.00000
0.00000
0.00000
0.00000
0.00000
0.00000
0.00000
0.00000
0.00000
0.00000
0.00000
0.00000
0.00000
0.00000
0.00000
0.00000
0.00000
0.00000
0.00000
0.00000
0.00000
0.00000
0.00000
0.00000
0.00000
0.00000
0.00000
0.00000
0.00000
0.00000
0.00000
0.00000
0.00000
0.00000
0.00000
0.00000
0.00000
0.00000
0.00000
0.00000
0.00000
0.00000
0.00000
0.00000
0.00000
0.00000
0.00000
0.00000
0.00000
0.00000
0.00000
0.00000
0.00000
0.00000
0.00000
0.00000
0.00000
0.00000
0.00000
0.00000
0.00000
0.00000
0.00000
0.00000
0.00000
0.00000
0.00000
0.00000
0.00000
0.00000
0.00000
0.00000
0.00000
0.00000
0.00000
0.00000
0.00000
0.00000
0.00000
0.00000
0.00000
0.00000
0.00000
0.00000
0.00000
0.00000
0.00000
0.00000
0.00000
0.00000
0.00000
0.00000
0.00000
0.00000
0.00000
0.00000
0.00000
0.00000
0.00000
0.00000
0.00000
0.00000
0.00000
0.00000
0.00000
0.00000
0.00000
0.00000
0.00000
0.00000
0.00000
0.00000
0.00000
0.00000
0.00000
0.00000
0.00000
0.00000
0.00000
0.00000
0.00000
0.00000
0.00000
0.00000
0.00000
0.00000
0.00000
0.00000
0.00000
0.00000
0.00000
0.00000
0.00000
0.00000
0.00000
0.00000
0.00000
0.00000
0.00000
0.00000
0.00000
0.00000
0.00000
0.00000
0.00000
0.00000
0.00000
0.00000
0.00000
0.00000
0.00000
0.00000
0.00000
0.00000
0.00000
0.00000
0.00000
0.00000
0.00000
0.00000
0.00000
0.00000
0.00000
0.00000
0.00000
0.00000
0.00000
0.00000
0.00000
0.00000
0.00000
0.00000
0.00000
0.00000
0.00000
0.00000
0.00000
0.00000
0.00000
0.00000
0.00000
0.00000
0.00000
0.00000
0.00000
0.00000
0.00000
0.00000
0.00000
0.00000
0.00000
0.00000
0.00000
0.00000
0.00000
0.00000
0.00000
0.00000
0.00000
0.00000
0.00000
0.00000
0.00000
0.00000
0.00000
0.00000
0.00000
0.00000
0.00000
0.00000
0.00000
0.00000
0.00000
0.00000
0.00000
0.00000
0.00000
0.00000
0.00000
0.00000
0.00000
0.00000
0.00000
0.00000
0.00000
0.00000
0.00000
0.00000
0.00000
0.00000
0.00000
0.00000
0.00000
0.00000
0.00000
0.00000
0.00000
0.00000
0.00000
0.00000
0.00000
0.00000
0.00000
0.00000
0.00000
0.00000
0.00000
0.00000
0.00000
0.00000
0.00000
0.00000
0.00000
0.00000
0.00000
0.00000
0.00000
0.00000
0.00000
0.00000
0.00000
0.00000
0.00000
0.00000
0.00000
0.00000
0.00000
0.00000
0.00000
0.00000
0.00000
0.00000
0.00000
0.00000
0.00000
0.00000
0.00000
0.00000
0.00000
0.00000
0.00000
0.00000
0.00000
0.00000
0.00000
0.00000
0.00000
0.00000
0.00000
0.00000
0.00000
0.00000
0.00000
0.00000
0.00000
0.00000
0.00000
0.00000
0.00000
0.00000
0.00000
0.00000
0.00000
0.00000
0.00000
0.00000
0.00000
0.00000
0.00000
0.00000
0.00000
0.00000
0.00000
0.00000
0.00000
0.00000
0.00000
0.00000
0.00000
0.00000
0.00000
0.00000
0.00000
0.00000
0.00000
0.00000
0.00000
0.00000
0.00000
0.00000
0.00000
0.00000
0.00000
0.00000
0.00000
0.00000
0.00000
0.00000
0.00000
0.00000
0.00000
0.00000
0.00000
0.00000
0.00000
0.00000
0.00000
0.00000
0.00000
0.00000
0.00000
0.00000
0.00000
0.00000
0.00000
0.00000
0.00000
0.00000
0.00000
0.00000
0.00000
0.00000
0.00000
0.00000
0.00000
0.00000
0.00000
0.00000
0.00000
0.00000
0.00000
0.00000
0.00000
0.00000
0.00000
0.00000
0.00000
0.00000
0.00000
0.00000
0.00000
0.00000
0.00000
0.00000
0.00000
0.00000
0.00000
0.00000
0.00000
0.00000
0.00000
0.00000
0.00000
0.00000
0.00000
0.00000
0.00000
0.00000
0.00000
0.00000
0.00000
0.00000
0.00000
0.00000
0.00000
0.00000
0.00000
0.00000
0.00000
0.00000
0.00000
0.00000
0.00000
0.00000
0.00000
0.00000
0.00000
0.00000
0.00000
0.00000
0.00000
0.00000
0.00000
0.00000
0.00000
0.00000
0.00000
0.00000
0.00000
0.00000
0.00000
0.00000
0.00000
0.00000
0.00000
0.00000
0.00000
0.00000
0.00000
0.00000
0.00000
0.00000
0.00000
0.00000
0.00000
0.00000
0.00000
0.00000
0.00000
0.00000
0.00000
0.00000
0.00000
0.00000
0.00000
0.00000
0.00000
0.00000
0.00000
0.00000
0.00000
0.00000
0.00000
0.00000
0.00000
0.00000
0.00000
0.00000
0.00000
0.00000
0.00000
0.00000
0.00000
0.00000
0.00000
0.00000
0.00000
0.00000
0.00000
0.00000
0.00000
0.00000
0.00000
0.00000
0.00000
0.00000
0.00000
0.00000
0.00000
0.00000
0.00000
0.00000
0.00000
0.00000
0.00000
0.00000
0.00000
0.00000
0.00000
0.00000
0.00000
0.00000
0.00000
0.00000
0.00000
0.00000
0.00000
0.00000
0.00000
0.00000
0.00000
0.00000
0.00000
0.00000
0.00000
0.00000
0.00000
0.00000
0.00000
0.00000
0.00000
0.00000
0.00000
0.00000
0.00000
0.00000
0.00000
0.00000
0.00000
0.00000
0.00000
0.00000
0.00000
0.00000
0.00000
0.00000
0.00000
0.00000
0.00000
0.00000
0.00000
0.00000
0.00000
0.00000
0.00000
0.00000
0.00000
0.00000
0.00000
0.00000
0.00000
0.00000
0.00000
0.00000
0.00000
0.00000
0.00000
0.00000
0.00000
0.00000
0.00000
0.00000
0.00000
0.00000
0.00000
0.00000
0.00000
0.00000
0.00000
0.00000
0.00000
0.00000
0.00000
0.00000
0.00000
0.00000
0.00000
0.00000
0.00000
0.00000
0.00000
0.00000
0.00000
0.00000
0.00000
0.00000
0.00000
0.00000
0.00000
0.00000
0.00000
0.00000
0.00000
0.00000
0.00000
0.00000
0.00000
0.00000
0.00000
0.00000
0.00000
0.00000
0.00000
0.00000
0.00000
0.00000
0.00000
0.00000
0.00000
0.00000
0.00000
0.00000
0.00000
0.00000
0.00000
0.00000
0.00000
0.00000
0.00000
0.00000
0.00000
0.00000
0.00000
0.00000
0.00000
0.00000
0.00000
0.00000
0.00000
0.00000
0.00000
0.00000
0.00000
0.00000
0.00000
0.00000
0.00000
0.00000
0.00000
0.00000
0.00000
0.00000
0.00000
0.00000
0.00000
0.00000
0.00000
0.00000
0.00000
0.00000
0.00000
0.00000
0.00000
0.00000
0.00000
0.00000
0.00000
0.00000
0.00000
0.00000
0.00000
0.00000
0.00000
0.00000
0.00000
0.00000
0.00000
0.00000
0.00000
0.00000
0.00000
0.00000
0.00000
0.00000
0.00000
0.00000
0.00000
0.00000
0.00000
0.00000
0.00000
0.00000
0.00000
0.00000
0.00000
0.00000
0.00000
0.00000
0.00000
0.00000
0.00000
0.00000
0.00000
0.00000
0.00000
0.00000
0.00000
0.00000
0.00000
0.00000
0.00000
0.00000
0.00000
0.00000
0.00000
0.00000
0.00000
0.00000
0.00000
0.00000
0.00000
0.00000
0.00000
0.00000
0.00000
0.00000
0.00000
0.00000
0.00000
0.00000
0.00000
0.00000
0.00000
0.00000
0.00000
0.00000
0.00000
0.00000
0.00000
0.00000
0.00000
0.00000
0.00000
0.00000
0.00000
0.00000
0.00000
0.00000
0.00000
0.00000
0.00000
0.00000
0.00000
0.00000
0.00000
0.00000
0.00000
0.00000
0.00000
0.00000
0.00000
0.00000
0.00000
0.00000
0.00000
0.00000
0.00000
0.00000
0.00000
0.00000
0.00000
0.00000
0.00000
0.00000
0.00000
0.00000
0.00000
0.00000
0.00000
0.00000
0.00000
0.00000
0.00000
0.00000
0.00000
0.00000
0.00000
0.00000
0.00000
0.00000
0.00000
0.00000
0.00000
0.00000
0.00000
0.00000
0.00000
0.00000
0.00000
0.00000
0.00000
0.00000
0.00000
0.00000
0.00000
0.00000
0.00000
0.00000
0.00000
0.00000
0.00000
0.00000
0.00000
0.00000
0.00000
0.00000
0.00000
0.00000
0.00000
0.00000
0.00000
0.00000
0.00000
0.00000
0.00000
0.00000
0.00000
0.00000
0.00000
0.00000
0.00000
0.00000
0.00000
0.00000
0.00000
0.00000
0.00000
0.00000
0.00000
0.00000
0.00000
0.00000
0.00000
0.00000
0.00000
0.00000
0.00000
0.00000
0.00000
0.00000
0.00000
0.00000
0.00000
0.00000
0.00000
0.00000
0.00000
0.00000
0.00000
0.00000
0.00000
0.00000
0.00000
0.00000
0.00000
0.00000
0.00000
0.00000
0.00000
0.00000
0.00000
0.00000
0.00000
0.00000
0.00000
0.00000
0.00000
0.00000
0.00000
0.00000
0.00000
0.00000
0.00000
0.00000
0.00000
0.00000
0.00000
0.00000
0.00000
0.00000
0.00000
0.00000
0.00000
0.00000
0.00000
0.00000
0.00000
0.00000
0.00000
0.00000
0.00000
0.00000
0.00000
0.00000
0.00000
0.00000
0.00000
0.00000
0.00000
0.00000
0.00000
0.00000
0.00000
0.00000
0.00000
0.00000
0.00000
0.00000
0.00000
0.00000
0.00000
0.00000
0.00000
0.00000
0.00000
0.00000
0.00000
0.00000
0.00000
0.00000
0.00000
0.00000
0.00000
0.00000
0.00000
0.00000
0.00000
0.00000
0.00000
0.00000
0.00000
0.00000
0.00000
0.00000
0.00000
0.00000
0.00000
0.00000
0.00000
0.00000
0.00000
0.00000
0.00000
0.00000
0.00000
0.00000
0.00000
0.00000
0.00000
0.00000
0.00000
0.00000
0.00000
0.00000
0.00000
0.00000
0.00000
0.00000
0.00000
0.00000
0.00000
0.00000
0.00000
0.00000
0.00000
0.00000
0.00000
0.00000
0.00000
0.00000
0.00000
0.00000
0.00000
0.00000
0.00000
0.00000
0.00000
0.00000
0.00000
0.00000
0.00000
0.00000
0.00000
0.00000
0.00000
0.00000
0.00000
0.00000
0.00000
0.00000
0.00000
0.00000
0.00000
0.00000
0.00000
0.00000
0.00000
0.00000
0.00000
0.00000
0.00000
0.00000
0.00000
0.00000
0.00000
0.00000
0.00000
0.00000
0.00000
0.00000
0.00000
0.00000
0.00000
0.00000
0.00000
0.00000
0.00000
0.00000
0.00000
0.00000
0.00000
0.00000
0.00000
0.00000
0.00000
0.00000
0.00000
0.00000
0.00000
0.00000
0.00000
0.00000
0.00000
0.00000
0.00000
0.00000
0.00000
0.00000
0.00000
0.00000
0.00000
0.00000
0.00000
0.00000
0.00000
0.00000
0.00000
0.00000
0.00000
0.00000
0.00000
0.00000
0.00000
0.00000
0.00000
0.00000
0.00000
0.00000
0.00000
0.00000
0.00000
0.00000
0.00000
0.00000
0.00000
0.00000
0.00000
0.00000
0.00000
0.00000
0.00000
0.00000
0.00000
0.00000
0.00000
0.00000
0.00000
0.00000
0.00000
0.00000
0.00000
0.00000
0.00000
0.00000
0.00000
0.00000
0.00000
0.00000
0.00000
0.00000
0.00000
0.00000
0.00000
0.00000
0.00000
0.00000
0.00000
0.00000
0.00000
0.00000
0.00000
0.00000
0.00000
0.00000
0.00000
0.00000
0.00000
0.00000
0.00000
0.00000
0.00000
0.00000
0.00000
0.00000
0.00000
0.00000
0.00000
0.00000
0.00000
0.00000
0.00000
0.00000
0.00000
0.00000
0.00000
0.00000
0.00000
0.00000
0.00000
0.00000
0.00000
0.00000
0.00000
0.00000
0.00000
0.00000
0.00000
0.00000
0.00000
0.00000
0.00000
0.00000
0.00000
0.00000
0.00000
0.00000
0.00000
0.00000
0.00000
0.00000
0.00000
0.00000
0.00000
0.00000
0.00000
0.00000
0.00000
0.00000
0.00000
0.00000
0.00000
0.00000
0.00000
0.00000
0.00000
0.00000
0.00000
0.00000
0.00000
0.00000
0.00000
0.00000
0.00000
0.00000
0.00000
0.00000
0.00000
0.00000
0.00000
0.00000
0.00000
0.00000
0.00000
0.00000
0.00000
0.00000
0.00000
0.00000
0.00000
0.00000
0.00000
0.00000
0.00000
0.00000
0.00000
0.00000
0.00000
0.00000
0.00000
0.00000
0.00000
0.00000
0.00000
0.00000
0.00000
0.00000
0.00000
0.00000
0.00000
0.00000
0.00000
0.00000
0.00000
0.00000
0.00000
0.00000
0.00000
0.00000
0.00000
0.00000
0.00000
0.00000
0.00000
0.00000
0.00000
0.00000
0.00000
0.00000
0.00000
0.00000
0.00000
0.00000
0.00000
0.00000
0.00000
0.00000
0.00000
0.00000
0.00000
0.00000
0.00000
0.00000
0.00000
0.00000
0.00000
0.00000
0.00000
0.00000
0.00000
0.00000
0.00000
0.00000
0.00000
0.00000
0.00000
0.00000
0.00000
0.00000
0.00000
0.00000
0.00000
0.00000
0.00000
0.00000
0.00000
0.00000
0.00000
0.00000
0.00000
0.00000
0.00000
0.00000
0.00000
0.00000
0.00000
0.00000
0.00000
0.00000
0.00000
0.00000
0.00000
0.00000
0.00000
0.00000
0.00000
0.00000
0.00000
0.00000
0.00000
0.00000
0.00000
0.00000
0.00000
0.00000
0.00000
0.00000
0.00000
0.00000
0.00000
0.00000
0.00000
0.00000
0.00000
0.00000
0.00000
0.00000
0.00000
0.00000
0.00000
0.00000
0.00000
0.00000
0.00000
0.00000
0.00000
0.00000
0.00000
0.00000
0.00000
0.00000
0.00000
0.00000
0.00000
0.00000
0.00000
0.00000
0.00000
0.00000
0.00000
0.00000
0.00000
0.00000
0.00000
0.00000
0.00000
0.00000
0.00000
0.00000
0.00000
0.00000
0.00000
0.00000
0.00000
0.00000
0.00000
0.00000
0.00000
0.00000
0.00000
0.00000
0.00000
0.00000
0.00000
0.00000
0.00000
0.00000
0.00000
0.00000
0.00000
0.00000
0.00000
0.00000
0.00000
0.00000
0.00000
0.00000
0.00000
0.00000
0.00000
0.00000
0.00000
0.00000
0.00000
0.00000
0.00000
0.00000
0.00000
0.00000
0.00000
0.00000
0.00000
0.00000
0.00000
0.00000
0.00000
0.00000
0.00000
0.00000
0.00000
0.00000
0.00000
0.00000
0.00000
0.00000
0.00000
0.00000
0.00000
0.00000
0.00000
0.00000
0.00000
0.00000
0.00000
0.00000
0.00000
0.00000
0.00000
0.00000
0.00000
0.00000
0.00000
0.00000
0.00000
0.00000
0.00000
0.00000
0.00000
0.00000
0.00000
0.00000
0.00000
0.00000
0.00000
0.00000
0.00000
0.00000
0.00000
0.00000
0.00000
0.00000
0.00000
0.00000
0.00000
0.00000
0.00000
0.00000
0.00000
0.00000
0.00000
0.00000
0.00000
0.00000
0.00000
0.00000
0.00000
0.00000
0.00000
0.00000
0.00000
0.00000
0.00000
0.00000
0.00000
0.00000
0.00000
0.00000
0.00000
0.00000
0.00000
0.00000
0.00000
0.00000
0.00000
0.00000
0.00000
0.00000
0.00000
0.00000
0.00000
0.00000
0.00000
0.00000
0.00000
0.00000
0.00000
0.00000
0.00000
0.00000
0.00000
0.00000
0.00000
0.00000
0.00000
0.00000
0.00000
0.00000
0.00000
0.00000
0.00000
0.00000
0.00000
0.00000
0.00000
0.00000
0.00000
0.00000
0.00000
0.00000
0.00000
0.00000
0.00000
0.00000
0.00000
0.00000
0.00000
0.00000
0.00000
0.00000
0.00000
0.00000
0.00000
0.00000
0.00000
0.00000
0.00000
0.00000
0.00000
0.00000
0.00000
0.00000
0.00000
0.00000
0.00000
0.00000
0.00000
0.00000
0.00000
0.00000
0.00000
0.00000
0.00000
0.00000
0.00000
0.00000
0.00000
0.00000
0.00000
0.00000
0.00000
0.00000
0.00000
0.00000
0.00000
0.00000
0.00000
0.00000
0.00000
0.00000
0.00000
0.00000
0.00000
0.00000
0.00000
0.00000
0.00000
0.00000
0.00000
0.00000
0.00000
0.00000
0.00000
0.00000
0.00000
0.00000
0.00000
0.00000
0.00000
0.00000
0.00000
0.00000
0.00000
0.00000
0.00000
0.00000
0.00000
0.00000
0.00000
0.00000
0.00000
0.00000
0.00000
0.00000
0.00000
0.00000
0.00000
0.00000
0.00000
0.00000
0.00000
0.00000
0.00000
0.00000
0.00000
0.00000
0.00000
0.00000
0.00000
0.00000
0.00000
0.00000
0.00000
0.00000
0.00000
0.00000
0.00000
0.00000
0.00000
0.00000
0.00000
0.00000
0.00000
0.00000
0.00000
0.00000
0.00000
0.00000
0.00000
0.00000
0.00000
0.00000
0.00000
0.00000
0.00000
0.00000
0.00000
0.00000
0.00000
0.00000
0.00000
0.00000
0.00000
0.00000
0.00000
0.00000
0.00000
0.00000
0.00000
0.00000
0.00000
0.00000
0.00000
0.00000
0.00000
0.00000
0.00000
0.00000
0.00000
0.00000
0.00000
0.00000
0.00000
0.00000
0.00000
0.00000
0.00000
0.00000
0.00000
0.00000
0.00000
0.00000
0.00000
0.00000
0.00000
0.00000
0.00000
0.00000
0.00000
0.00000
0.00000
0.00000
0.00000
0.00000
0.00000
0.00000
0.00000
0.00000
0.00000
0.00000
0.00000
0.00000
0.00000
0.00000
0.00000
0.00000
0.00000
0.00000
0.00000
0.00000
0.00000
0.00000
0.00000
0.00000
0.00000
0.00000
0.00000
0.00000
0.00000
0.00000
0.00000
0.00000
0.00000
0.00000
0.00000
0.00000
0.00000
0.00000
0.00000
0.00000
0.00000
0.00000
0.00000
0.00000
0.00000
0.00000
0.00000
0.00000
0.00000
0.00000
0.00000
0.00000
0.00000
0.00000
0.00000
0.00000
0.00000
0.00000
0.00000
0.00000
0.00000
0.00000
0.00000
0.00000
0.00000
0.00000
0.00000
0.00000
0.00000
0.00000
0.00000
0.00000
0.00000
0.00000
0.00000
0.00000
0.00000
0.00000
0.00000
0.00000
0.00000
0.00000
0.00000
0.00000
0.00000
0.00000
0.00000
0.00000
0.00000
0.00000
0.00000
0.00000
0.00000
0.00000
0.00000
0.00000
0.00000
0.00000
0.00000
0.00000
0.00000
0.00000
0.00000
0.00000
0.00000
0.00000
0.00000
0.00000
0.00000
0.00000
0.00000
0.00000
0.00000
0.00000
0.00000
0.00000
0.00000
0.00000
0.00000
0.00000
0.00000
0.00000
0.00000
0.00000
0.00000
0.00000
0.00000
0.00000
0.00000
0.00000
0.00000
0.00000
0.00000
0.00000
0.00000
0.00000
0.00000
0.00000
0.00000
0.00000
0.00000
0.00000
0.00000
0.00000
0.00000
0.00000
0.00000
0.00000
0.00000
0.00000
0.00000
0.00000
0.00000
0.00000
0.00000
0.00000
0.00000
0.00000
0.00000
0.00000
0.00000
0.00000
0.00000
0.00000
0.00000
0.00000
0.00000
0.00000
0.00000
0.00000
0.00000
0.00000
0.00000
0.00000
0.00000
0.00000
0.00000
0.00000
0.00000
0.00000
0.00000
0.00000
0.00000
0.00000
0.00000
0.00000
0.00000
0.00000
0.00000
0.00000
0.00000
0.00000
0.00000
0.00000
0.00000
0.00000
0.00000
0.00000
0.00000
0.00000
0.00000
0.00000
0.00000
0.00000
0.00000
0.00000
0.00000
0.00000
0.00000
0.00000
0.00000
0.00000
0.00000
0.00000
0.00000
0.00000
0.00000
0.00000
0.00000
0.00000
0.00000
0.00000
0.00000
0.00000
0.00000
0.00000
0.00000
0.00000
0.00000
0.00000
0.00000
0.00000
0.00000
0.00000
0.00000
0.00000
0.00000
0.00000
0.00000
0.00000
0.00000
0.00000
0.00000
0.00000
0.00000
0.00000
0.00000
0.00000
0.00000
0.00000
0.00000
0.00000
0.00000
0.00000
0.00000
0.00000
0.00000
0.00000
0.00000
0.00000
0.00000
0.00000
0.00000
0.00000
0.00000
0.00000
0.00000
0.00000
0.00000
0.00000
0.00000
0.00000
0.00000
0.00000
0.00000
0.00000
0.00000
0.00000
0.00000
0.00000
0.00000
0.00000
0.00000
0.00000
0.00000
0.00000
0.00000
0.00000
0.00000
0.00000
0.00000
0.00000
0.00000
0.00000
0.00000
0.00000
0.00000
0.00000
0.00000
0.00000
0.00000
0.00000
0.00000
0.00000
0.00000
0.00000
0.00000
0.00000
0.00000
0.00000
0.00000
0.00000
0.00000
0.00000
0.00000
0.00000
0.00000
0.00000
0.00000
0.00000
0.00000
0.00000
0.00000
0.00000
0.00000
0.00000
0.00000
0.00000
0.00000
0.00000
0.00000
0.00000
0.00000
0.00000
0.00000
0.00000
0.00000
0.00000
0.00000
0.00000
0.00000
0.00000
0.00000
0.00000
0.00000
0.00000
0.00000
0.00000
0.00000
0.00000
0.00000
0.00000
0.00000
0.00000
0.00000
0.00000
0.00000
0.00000
0.00000
0.00000
0.00000
0.00000
0.00000
0.00000
0.00000
0.00000
0.00000
0.00000
0.00000
0.00000
0.00000
0.00000
0.00000
0.00000
0.00000
0.00000
0.00000
0.00000
0.00000
0.00000
0.00000
0.00000
0.00000
0.00000
0.00000
0.00000
0.00000
0.00000
0.00000
0.00000
0.00000
0.00000
0.00000
0.00000
0.00000
0.00000
0.00000
0.00000
0.00000
0.00000
0.00000
0.00000
0.00000
0.00000
0.00000
0.00000
0.00000
0.00000
0.00000
0.00000
0.00000
0.00000
0.00000
0.00000
0.00000
0.00000
0.00000
0.00000
0.00000
0.00000
0.00000
0.00000
0.00000
0.00000
0.00000
0.00000
0.00000
0.00000
0.00000
0.00000
0.00000
0.00000
0.00000
0.00000
0.00000
0.00000
0.00000
0.00000
0.00000
0.00000
0.00000
0.00000
0.00000
0.00000
0.00000
0.00000
0.00000
0.00000
0.00000
0.00000
0.00000
0.00000
0.00000
0.00000
0.00000
0.00000
0.00000
0.00000
0.00000
0.00000
0.00000
0.00000
0.00000
0.00000
0.00000
0.00000
0.00000
0.00000
0.00000
0.00000
0.00000
0.00000
0.00000
0.00000
0.00000
0.00000
0.00000
0.00000
0.00000
0.00000
0.00000
0.00000
0.00000
0.00000
0.00000
0.00000
0.00000
0.00000
0.00000
0.00000
0.00000
0.00000
0.00000
0.00000
0.00000
0.00000
0.00000
0.00000
0.00000
0.00000
0.00000
0.00000
0.00000
0.00000
0.00000
0.00000
0.00000
0.00000
0.00000
0.00000
0.00000
0.00000
0.00000
0.00000
0.00000
0.00000
0.00000
0.00000
0.00000
0.00000
0.00000
0.00000
0.00000
0.00000
0.00000
0.00000
0.00000
0.00000
0.00000
0.00000
0.00000
0.00000
0.00000
0.00000
0.00000
0.00000
0.00000
0.00000
0.00000
0.00000
0.00000
0.00000
0.00000
0.00000
0.00000
0.00000
0.00000
0.00000
0.00000
0.00000
0.00000
0.00000
0.00000
0.00000
0.00000
0.00000
0.00000
0.00000
0.00000
0.00000
0.00000
0.00000
0.00000
0.00000
0.00000
0.00000
0.00000
0.00000
0.00000
0.00000
0.00000
0.00000
0.00000
0.00000
0.00000
0.00000
0.00000
0.00000
0.00000
0.00000
0.00000
0.00000
0.00000
0.00000
0.00000
0.00000
0.00000
0.00000
0.00000
0.00000
0.00000
0.00000
0.00000
0.00000
0.00000
0.00000
0.00000
0.00000
0.00000
0.00000
0.00000
0.00000
0.00000
0.00000
0.00000
0.00000
0.00000
0.00000
0.00000
0.00000
0.00000
0.00000
0.00000
0.00000
0.00000
0.00000
0.00000
0.00000
0.00000
0.00000
0.00000
0.00000
0.00000
0.00000
0.00000
0.00000
0.00000
0.00000
0.00000
0.00000
0.00000
0.00000
0.00000
0.00000
0.00000
0.00000
0.00000
0.00000
0.00000
0.00000
0.00000
0.00000
0.00000
0.00000
0.00000
0.00000
0.00000
0.00000
0.00000
0.00000
0.00000
0.00000
0.00000
0.00000
0.00000
0.00000
0.00000
0.00000
0.00000
0.00000
0.00000
0.00000
0.00000
0.00000
0.00000
0.00000
0.00000
0.00000
0.00000
0.00000
0.00000
0.00000
0.00000
0.00000
0.00000
0.00000
0.00000
0.00000
0.00000
0.00000
0.00000
0.00000
0.00000
0.00000
0.00000
0.00000
0.00000
0.00000
0.00000
0.00000
0.00000
0.00000
0.00000
0.00000
0.00000
0.00000
0.00000
0.00000
0.00000
0.00000
0.00000
0.00000
0.00000
0.00000
0.00000
0.00000
0.00000
0.00000
0.00000
0.00000
0.00000
0.00000
0.00000
0.00000
0.00000
0.00000
0.00000
0.00000
0.00000
0.00000
0.00000
0.00000
0.00000
0.00000
0.00000
0.00000
0.00000
0.00000
0.00000
0.00000
0.00000
0.00000
0.00000
0.00000
0.00000
0.00000
0.00000
0.00000
0.00000
0.00000
0.00000
0.00000
0.00000
0.00000
0.00000
0.00000
0.00000
0.00000
0.00000
0.00000
0.00000
0.00000
0.00000
0.00000
0.00000
0.00000
0.00000
0.00000
0.00000
0.00000
0.00000
0.00000
0.00000
0.00000
0.00000
0.00000
0.00000
0.00000
0.00000
0.00000
0.00000
0.00000
0.00000
0.00000
0.00000
0.00000
0.00000
0.00000
0.00000
0.00000
0.00000
0.00000
0.00000
0.00000
0.00000
0.00000
0.00000
0.00000
0.00000
0.00000
0.00000
0.00000
0.00000
0.00000
0.00000
0.00000
0.00000
0.00000
0.00000
0.00000
0.00000
0.00000
0.00000
0.00000
0.00000
0.00000
0.00000
0.00000
0.00000
0.00000
0.00000
0.00000
0.00000
0.00000
0.00000
0.00000
0.00000
0.00000
0.00000
0.00000
0.00000
0.00000
0.00000
0.00000
0.00000
0.00000
0.00000
0.00000
0.00000
0.00000
0.00000
0.00000
0.00000
0.00000
0.00000
0.00000
0.00000
0.00000
0.00000
0.00000
0.00000
0.00000
0.00000
0.00000
0.00000
0.00000
0.00000
0.00000
0.00000
0.00000
0.00000
0.00000
0.00000
0.00000
0.00000
0.00000
0.00000
0.00000
0.00000
0.00000
0.00000
0.00000
0.00000
0.00000
0.00000
0.00000
0.00000
0.00000
0.00000
0.00000
0.00000
0.00000
0.00000
0.00000
0.00000
0.00000
0.00000
0.00000
0.00000
0.00000
0.00000
0.00000
0.00000
0.00000
0.00000
0.00000
0.00000
0.00000
0.00000
0.00000
0.00000
0.00000
0.00000
0.00000
0.00000
0.00000
0.00000
0.00000
0.00000
0.00000
0.00000
0.00000
0.00000
0.00000
0.00000
0.00000
0.00000
0.00000
0.00000
0.00000
0.00000
0.00000
0.00000
0.00000
0.00000
0.00000
0.00000
0.00000
0.00000
0.00000
0.00000
0.00000
0.00000
0.00000
0.00000
0.00000
0.00000
0.00000
0.00000
0.00000
0.00000
0.00000
0.00000
0.00000
0.00000
0.00000
0.00000
0.00000
0.00000
0.00000
0.00000
0.00000
0.00000
0.00000
0.00000
0.00000
0.00000
0.00000
0.00000
0.00000
0.00000
0.00000
0.00000
0.00000
0.00000
0.00000
0.00000
0.00000
0.00000
0.00000
0.00000
0.00000
0.00000
0.00000
0.00000
0.00000
0.00000
0.00000
0.00000
0.00000
0.00000
0.00000
0.00000
0.00000
0.00000
0.00000
0.00000
0.00000
0.00000
0.00000
0.00000
0.00000
0.00000
0.00000
0.00000
0.00000
0.00000
0.00000
0.00000
0.00000
0.00000
0.00000
0.00000
0.00000
0.00000
0.00000
0.00000
0.00000
0.00000
0.00000
0.00000
0.00000
0.00000
0.00000
0.00000
0.00000
0.00000
0.00000
0.00000
0.00000
0.00000
0.00000
0.00000
0.00000
0.00000
0.00000
0.00000
0.00000
0.00000
0.00000
0.00000
0.00000
0.00000
0.00000
0.00000
0.00000
0.00000
0.00000
0.00000
0.00000
0.00000
0.00000
0.00000
0.00000
0.00000
0.00000
0.00000
0.00000
0.00000
0.00000
0.00000
0.00000
0.00000
0.00000
0.00000
0.00000
0.00000
0.00000
0.00000
0.00000
0.00000
0.00000
0.00000
0.00000
0.00000
0.00000
0.00000
0.00000
0.00000
0.00000
0.00000
0.00000
0.00000
0.00000
0.00000
0.00000
0.00000
0.00000
0.00000
0.00000
0.00000
0.00000
0.00000
0.00000
0.00000
0.00000
0.00000
0.00000
0.00000
0.00000
0.00000
0.00000
0.00000
0.00000
0.00000
0.00000
0.00000
0.00000
0.00000
0.00000
0.00000
0.00000
0.00000
0.00000
0.00000
0.00000
0.00000
0.00000
0.00000
0.00000
0.00000
0.00000
0.00000
0.00000
0.00000
0.00000
0.00000
0.00000
0.00000
0.00000
0.00000
0.00000
0.00000
0.00000
0.00000
0.00000
0.00000
0.00000
0.00000
0.00000
0.00000
0.00000
0.00000
0.00000
0.00000
0.00000
0.00000
0.00000
0.00000
0.00000
0.00000
0.00000
0.00000
0.00000
0.00000
0.00000
0.00000
0.00000
0.00000
0.00000
0.00000
0.00000
0.00000
0.00000
0.00000
0.00000
0.00000
0.00000
0.00000
0.00000
0.00000
0.00000
0.00000
0.00000
0.00000
0.00000
0.00000
0.00000
0.00000
0.00000
0.00000
0.01053
0.01053
0.05670
0.14181
0.30211
0.57907
0.96945
1.44564
1.99329
2.59679
3.24306
3.91736
4.60904
5.31437
6.03024
6.75426
7.48390
8.21972
8.96584
9.72298
10.49116
11.26551
12.04125
12.81407
13.58545
14.35856
15.13771
15.92246
16.71738
17.52298
18.33483
19.15521
19.98564
20.82128
21.66401
22.51158
23.36361
24.21920
25.07767
25.93828
26.80230
27.66616
28.53208
29.39957
30.26777
31.13568
32.00426
32.87363
33.74474
34.61366
35.48308
36.35331
37.22375
38.09459
38.96578
39.83673
40.70875
41.57896
42.44997
43.32152
44.19266
45.06348
45.93424
46.80477
47.67746
48.54768
49.41839
50.28901
51.15589
52.02296
52.89083
53.76114
54.63460
55.50731
56.38166
57.25695
58.13270
59.00921
59.88605
60.76396
61.64407
62.51897
63.39358
64.26508
65.13574
66.00589
66.87489
67.74433
68.61493
69.48356
70.35293
71.22319
72.09258
72.97116
73.85429
74.73776
75.62059
76.49843
76.49843
77.38383
78.26813
79.12787
79.93223
80.63846
81.22988
81.70120
82.04962
82.28459
82.41903
82.42077
82.26393
81.98040
81.59928
81.14445
80.64118
80.09264
79.48147
78.82280
78.14920
77.47329
76.81132
76.17365
75.55933
74.94996
74.35304
73.75444
73.75444
73.23310
72.81709
72.50426
72.28784
72.16439
72.12821
72.19706
72.37889
72.64698
72.98959
73.41636
73.91801
74.48412
75.09572
75.73800
76.40259
77.06610
77.71235
78.34376
78.99021
79.63537
80.22125
80.72101
81.12929
81.44446
81.67339
81.82783
81.92029
81.91067
81.77689
81.53867
81.21696
80.83054
80.37740
79.85603
79.29680
78.71267
78.12185
77.50572
76.86373
76.20124
75.54732
74.89984
74.31552
73.83261
73.44865
73.16239
72.96602
72.84726
72.79462
72.80548
72.91394
73.14427
73.47377
73.87692
74.33512
74.86557
75.45484
76.09308
76.75307
77.41961
78.07497
78.70295
79.29178
79.85504
80.41710
80.91155
81.31770
81.63648
81.87216
82.03550
82.13204
82.16285
82.13130
82.00654
81.76684
81.43682
81.03632
80.58052
80.08000
79.52681
78.94468
78.34625
77.74606
77.12780
76.48889
75.83287
75.17208
74.53314
73.90073
73.33974
72.88490
72.53754
72.29716
72.16153
72.11960
72.15650
72.28933
72.52871
72.85115
73.23812
73.69365
74.21643
74.80162
75.42530
76.10475
76.79421
77.48512
78.15711
78.79899
79.41004
80.00075
80.57100
81.07152
81.48060
81.80111
82.04037
82.21042
82.31558
82.35535
82.32920
82.20631
81.96822
81.63914
81.24237
80.78766
80.27312
79.70223
79.08037
78.44063
77.79171
77.15167
76.52387
75.89210
75.27766
74.65796
74.04316
73.49912
73.05757
72.71584
72.47103
72.31405
72.23368
72.22529
72.28725
72.44246
72.70427
73.04844
73.45282
73.92154
74.45493
75.04518
75.68802
76.34853
77.01653
77.67384
78.30682
78.92573
79.53554
80.13139
80.66091
81.10127
81.45414
81.72602
81.93195
82.07478
82.15297
82.16722
82.07639
81.86081
81.55177
81.17034
80.73122
80.23129
79.67369
79.06504
78.43248
77.78714
77.14894
76.51996
75.89293
75.26243
74.63173
74.01344
73.46668
73.02256
72.67971
72.43335
72.27623
72.19425
72.18427
72.24483
72.39858
72.65789
72.99830
73.40147
73.86816
74.40029
74.99190
75.63226
76.31241
77.00267
77.69161
78.36265
79.01575
79.61755
80.19634
80.76170
81.16855
81.48758
81.73991
81.93294
82.05800
82.11620
82.07181
81.90615
81.64853
81.31807
80.91734
80.44502
79.90872
79.32671
78.70501
78.07074
77.44256
76.79338
76.12539
75.45029
74.77825
74.11237
73.50001
72.95289
72.46310
72.46310
72.01738
71.60129
71.21522
70.86118
70.53413
70.23180
69.95047
69.68717
69.43918
69.20431
68.97715
68.75459
68.53286
68.31077
68.08549
67.84890
67.59992
67.33983
67.06762
66.78574
66.49273
66.19063
65.88080
65.56455
65.24069
64.91032
64.57379
64.23447
63.88976
63.54181
63.19133
62.83889
62.48468
62.12944
61.77033
61.40879
61.04422
60.67718
60.30790
60.03936
60.00674
60.23940
60.71206
61.17448
61.39721
61.61591
62.05691
62.67726
63.42414
64.23342
65.04173
65.78602
66.43472
66.98501
67.43543
67.79022
68.05669
68.24134
68.35565
68.40502
68.39156
68.31615
68.18129
67.99081
67.74814
67.45645
67.12031
66.74308
66.30454
65.79003
65.21670
64.59919
63.95017
63.27842
62.58147
61.87547
61.17214
60.48946
59.83060
59.18231
58.55143
57.93279
57.38402
56.94140
56.59694
56.34821
56.18358
56.08964
56.06874
56.11409
56.22465
56.42265
56.72243
57.10210
57.53989
58.03611
58.58765
59.19404
59.84683
60.51958
61.20281
61.87133
62.51035
63.10974
63.68494
64.23826
64.76752
65.26224
65.68284
66.00932
66.24803
66.40971
66.50296
66.52950
66.49015
66.35761
66.11253
65.77885
65.37739
64.91562
64.39576
63.81982
63.18910
62.54189
61.87983
61.22427
60.58838
59.95195
59.31169
58.67794
58.05201
57.50023
57.04742
56.69475
56.43593
56.26364
56.16373
56.13136
56.16578
56.26595
56.45463
56.74672
57.11912
57.55207
58.04314
58.58973
59.19383
59.84208
60.51265
61.19290
61.85914
62.49570
63.09333
63.66786
64.22201
64.75230
65.25641
65.68451
66.01691
66.26005
66.42400
66.51870
66.54640
66.50763
66.37438
66.13017
65.79842
65.39971
64.93957
64.41833
63.83732
63.20925
62.55824
61.89324
61.22183
60.57886
59.93666
59.29599
58.65994
58.03817
57.48389
57.03133
56.67883
56.42022
56.24767
56.14768
56.11664
56.15298
56.25515
56.44583
56.73841
57.10977
57.54107
58.03218
58.58034
59.18390
59.83332
60.50402
61.18452
61.85141
62.48843
63.08645
63.66182
64.21437
64.74590
65.20301
65.56263
65.83110
66.02207
66.14594
66.20534
66.19998
66.09604
65.87483
65.56295
65.18241
64.73835
64.22931
63.66169
63.05929
62.42945
61.79543
61.17125
60.53748
59.89269
59.24101
58.57339
57.89358
57.18981
56.51752
55.90969
55.38204
54.93792
54.57257
54.25762
53.98267
53.74607
53.54291
53.36994
53.22223
53.09373
52.97887
52.87030
52.76340
52.65346
52.53576
52.40681
52.26469
52.10659
51.92892
51.72840
51.50428
51.26086
50.99947
50.71955
50.42588
50.11939
49.80333
49.47254
49.13641
48.79256
48.44247
48.08396
47.72449
47.36146
46.99583
46.62744
46.25791
45.88661
45.51408
45.14076
44.76617
44.39113
44.01402
43.63366
43.25915
42.88252
42.50568
42.12899
41.75184
41.37493
40.99807
40.62051
40.24361
39.86677
39.48943
39.11211
38.73480
38.35763
37.98048
37.60286
37.22614
36.84928
36.47248
36.09632
35.71927
35.34251
34.96559
34.58803
34.21521
33.84579
33.47880
33.11359
32.74966
32.38678
32.02459
31.66235
31.30126
30.94031
30.57982
30.21963
29.85954
29.49937
29.24670
29.17332
29.23779
29.42115
29.70630
30.07788
30.52420
31.03248
31.54299
32.00053
32.33611
32.48276
32.45377
32.23647
31.82734
31.26715
30.60357
29.89100
29.19388
28.38241
27.59918
26.88729
26.29018
25.81562
25.46304
25.22456
25.09061
25.04896
25.08863
25.22978
25.48298
25.82124
26.22354
26.69105
27.21917
27.80954
28.45303
29.12077
29.80130
30.46864
31.10887
31.71195
32.29657
32.86368
33.36346
33.77257
34.09555
34.34841
34.54012
34.67201
34.74364
34.71309
34.55545
34.29509
33.95491
33.55122
33.08383
32.55097
31.97795
31.37119
30.75628
30.14867
29.52949
28.89512
28.25073
27.66349
27.16740
26.76518
26.45270
26.21798
26.05035
25.94714
25.90752
25.96712
26.14468
26.41485
26.75597
27.16680
27.64637
28.19131
28.78173
29.41227
30.04862
30.67127
31.26853
31.85577
32.43918
32.96039
33.39807
33.75274
34.04066
34.27165
34.44571
34.56166
34.57341
34.45429
34.22911
33.92042
33.54473
33.10163
32.59130
32.03529
31.44115
30.83500
30.23494
29.61826
28.98616
28.34290
27.75421
27.25458
26.84770
26.53042
26.29130
26.11706
26.00574
25.95696
26.00852
26.18069
26.44761
26.78740
27.19568
27.67381
28.21150
28.79540
29.41979
30.05169
30.66788
31.26480
31.85108
32.43505
32.95621
33.39371
33.74797
34.04168
34.27053
34.44331
34.55826
34.56742
34.44484
34.21676
33.90575
33.52754
33.08203
32.57176
32.01680
31.42300
30.82176
30.22181
29.60593
28.97168
28.32590
27.73625
27.23632
26.82813
26.51211
26.27361
26.09979
25.98857
25.94004
25.99182
26.16423
26.43246
26.77078
27.17950
27.65734
28.19630
28.78180
29.40732
30.03748
30.65439
31.24643
31.83299
32.41613
32.93754
33.37538
33.73120
34.01993
34.25157
34.42527
34.54222
34.55451
34.43600
34.21146
33.90519
33.53203
33.09111
32.58296
32.02819
31.43506
30.82960
30.22986
29.61512
28.98278
28.33747
27.67370
27.08362
26.63410
26.35344
26.25600
26.34077
26.59249
26.98431
27.47090
28.00786
28.56102
29.11488
29.69996
30.32665
30.99181
31.69370
32.42462
33.18083
33.95765
34.75757
35.58079
36.41853
37.25833
38.09498
38.92889
39.76551
40.60514
41.45010
42.29587
43.14700
44.00932
44.88656
45.77395
46.68175
47.60422
48.53465
49.47391
50.42230
51.37866
52.34301
53.31085
54.28426
55.26172
56.24140
57.22388
58.20916
59.19581
60.18541
61.17317
62.16205
63.15173
64.14227
65.13325
66.12451
67.11621
68.10981
69.10209
70.09461
71.08702
72.07962
73.07310
74.06650
75.05967
76.05409
77.04636
78.03886
79.03120
80.02355
81.01606
82.00934
83.00249
83.99764
84.99042
85.98409
86.97744
87.97170
88.96458
89.95756
90.95166
91.94768
92.93621
93.92876
94.92163
95.91487
96.90813
97.90136
98.89345
99.88775
100.87979
101.87326
102.86189
103.84710
104.83161
105.81678
106.80228
107.79000
108.77699
109.76488
110.75385
111.74338
112.73359
113.72396
114.75288
115.74580
116.73168
117.70686
118.66859
119.62296
120.57909
121.53592
122.47389
123.38587
124.26505
125.11146
125.92359
126.66684
127.29095
127.78557
128.14889
128.34073
128.33157
128.15289
127.83782
127.41804
126.91984
126.36529
125.77209
125.14093
124.49266
123.84672
123.22231
122.61764
122.01886
121.43049
120.90718
120.47030
120.11966
119.84044
119.62405
119.46843
119.37310
119.38238
119.52142
119.76566
120.09128
120.48343
120.94215
121.46687
122.03310
122.63334
123.24248
123.84811
124.46428
125.09778
125.74229
126.32879
126.82516
127.22640
127.53491
127.76052
127.91543
128.00249
127.98522
127.84616
127.61118
127.30210
126.91661
126.45798
125.93163
125.36387
124.76358
124.15570
123.55638
122.94919
122.33411
121.71547
121.15748
120.68284
120.29316
119.98471
119.74089
119.55676
119.48043
119.53515
119.69526
119.93853
120.25885
120.65783
121.13019
121.65457
122.22308
122.80978
123.40307
124.02277
124.66640
125.32164
125.98313
126.58472
127.08992
127.49430
127.79889
128.01083
128.14144
128.16234
128.05812
127.85562
127.57646
127.21735
126.77996
126.26989
125.69555
125.08671
124.45126
123.81402
123.19117
122.57338
121.95924
121.39820
120.91620
120.51689
120.19300
119.92706
119.71880
119.56872
119.52669
119.61750
119.81528
120.09668
120.44831
120.88194
121.37493
121.91686
122.49728
123.09137
123.68315
124.29240
124.92092
125.56349
126.21070
126.79456
127.28060
127.66782
127.95526
128.15046
128.26559
128.27245
128.15673
127.94430
127.65594
127.28733
126.83314
126.31936
125.74470
125.13488
124.49794
123.85687
123.23358
122.61900
122.00566
121.37724
120.80984
120.33203
119.94604
119.64824
119.42861
119.27594
119.18082
119.19652
119.34638
119.60186
119.93918
120.34185
120.80707
121.34044
121.90968
122.50542
123.10435
123.70763
124.33258
124.97629
125.62534
126.27223
126.85160
127.32796
127.70114
127.97543
128.15788
128.25906
128.25258
128.12494
127.90102
127.60149
127.22423
126.77041
126.24532
125.65646
125.03808
124.39120
123.74390
123.11244
122.47542
121.85613
121.29151
120.80700
120.40646
120.08625
119.82632
119.62571
119.48437
119.39769
119.41213
119.56179
119.82524
120.17641
120.59375
121.06589
121.58640
122.14362
122.71189
123.31008
123.93533
124.58640
125.25238
125.90816
126.50191
126.99972
127.39824
127.70538
127.93357
128.09327
128.18655
128.17143
128.02582
127.77711
127.45068
127.04519
126.57404
126.03467
125.43843
124.80890
124.15419
123.50045
122.86731
122.26231
121.65149
121.04264
120.42663
119.77134
119.09720
118.41363
117.73004
117.04560
116.37223
115.70060
115.03128
114.36400
113.69769
113.03289
112.36864
111.70433
111.03846
110.36877
109.69839
109.02740
108.35575
107.68420
107.01265
106.33988
105.66867
104.99906
104.32958
103.65717
102.98272
102.30635
101.62826
100.94735
100.26681
99.70378
99.25553
98.69601
97.94803
97.07528
96.13114
95.17195
94.20495
93.25822
92.40406
91.70691
91.21507
90.95998
90.95292
91.17462
91.57394
92.10206
92.71745
93.38674
94.08921
94.80961
95.54141
96.29865
97.07491
97.88151
98.70812
99.55181
100.40661
101.26525
102.12731
102.98439
103.83553
104.66577
105.40814
106.13567
106.91884
107.69496
108.40403
108.99475
109.42441
109.66759
109.72109
109.62368
109.38485
108.99572
108.49439
107.92852
107.33936
106.74981
106.15603
105.54257
104.90875
104.25593
103.59479
102.93288
102.27917
101.61536
100.98166
100.36587
99.77389
99.14740
98.42262
97.62996
96.84127
96.10853
95.48848
94.88170
94.28478
93.80771
93.34407
92.78569
92.17790
91.54519
90.91195
90.28044
89.62784
88.94953
88.24886
87.52705
86.79034
86.04021
85.27643
84.49618
83.69854
82.88430
82.05716
81.22942
80.40582
79.58380
78.76116
77.94082
77.11702
76.28354
75.43455
74.57216
73.69725
72.80748
71.91081
71.00443
70.08888
69.16538
68.23524
67.29744
66.35663
65.41147
64.46367
63.51214
62.55908
61.60458
60.64819
59.68965
58.73063
57.77208
56.81249
55.85244
54.89249
53.93277
52.97220
52.00910
51.04898
50.08757
49.12391
48.16264
47.20161
46.24036
45.27880
44.31391
43.35663
42.39480
41.42023
40.45623
39.49500
38.53394
37.57240
36.60915
35.64752
34.68658
33.72604
32.76466
31.80367
30.84267
29.88147
28.91854
27.96361
27.01023
26.05813
25.10529
24.15328
23.20069
22.24747
21.29252
20.33921
19.38483
18.43090
17.47635
16.52101
15.56627
14.67678
13.95490
13.41079
13.01448
12.75910
12.63248
12.62376
12.72171
12.91578
13.19579
13.46007
13.55545
13.42340
13.08525
12.57510
12.07557
11.75794
11.44651
10.97854
10.39584
9.75005
9.09334
8.47724
7.94780
7.54148
7.25153
7.04941
6.91901
6.85737
6.86391
6.93818
7.07878
7.28559
7.54420
7.84587
8.18806
8.56650
8.97702
9.41718
9.90887
10.47208
11.09272
11.75190
12.44480
13.15885
13.90182
14.66148
15.41169
16.13472
16.81955
17.45600
18.04718
18.58313
19.03482
19.38103
19.62796
19.78542
19.86930
19.88338
19.82940
19.70887
19.50134
19.19285
18.80779
18.36527
17.86022
17.29620
16.67987
16.03592
15.37261
14.71255
14.07129
13.44852
12.83410
12.27907
11.80556
11.41519
11.09737
10.83721
10.63248
10.48428
10.39387
10.40609
10.54563
10.78747
11.11028
11.49667
11.95044
12.46704
13.03420
13.64097
14.25962
14.86724
15.47120
16.07879
16.69131
17.30257
17.84642
18.28883
18.63623
18.89152
19.06766
19.17348
19.21188
19.14980
18.96947
18.69925
18.35784
17.94663
17.46438
16.91643
16.32804
15.70876
15.08190
14.46718
13.84037
13.21878
12.64748
12.15208
11.73778
11.39693
11.11169
10.88003
10.70042
10.57534
10.55461
10.66599
10.88424
11.18725
11.55654
11.99307
12.49988
13.05383
13.65195
14.26310
14.86534
15.46196
16.06631
16.67265
17.28178
17.82275
18.26589
18.61211
18.86780
19.04591
19.15583
19.19805
19.13922
18.96310
18.69527
18.35713
17.94630
17.46421
16.91856
16.33359
15.71548
15.09016
14.47513
13.86258
13.24200
12.60055
11.98420
11.38382
10.79690
10.22477
10.22477
9.66747
9.12443
8.59588
8.08169
7.58041
7.09549
6.62795
6.17828
5.74738
5.33589
4.94398
4.57296
4.22255
3.89485
3.58981
3.30799
3.04986
2.81513
2.60399
2.41632
2.25135
2.10948
1.98997
1.89170
1.81314
1.75357
1.71187
1.68607
1.67406
1.67375
1.68288
1.69922
1.72048
1.74438
1.76867
1.79115
1.81303
1.81303
1.82839
1.83608
1.83992
1.84184
1.84280
1.84328
1.84352
1.84364
1.84370
1.84373
1.84375
1.84376
1.84376
1.84376
1.84376
1.84376
1.84376
1.84376
1.84376
1.84376
1.84376
1.84376
1.84376
1.84376
1.84376
1.84376
1.84376
1.84376
1.84376
1.84376
1.84376
1.84376
1.84376
1.84376
1.84376
1.84376
1.84376
1.84376
1.84376
1.84376
1.84376
1.84376
1.84376
1.84376
1.84376
1.84376
1.84376
1.84376
1.84376
1.84376
1.84376
1.84376
1.84376
1.84376
1.84376
1.84376
1.84376
1.84376
1.84376
1.84376
1.84376
1.84376
1.84376
1.84376
1.84376
1.84376
1.84376
1.84376
1.84376
1.84376
1.84376
1.84376
1.84376
1.84376
1.84376
1.84376
1.84376
1.84376
1.84376
1.84376
1.84376
1.84376
1.84376
1.84376
1.84376
1.84376
1.84376
1.84376
1.84376
1.84376
1.84376
1.84376
1.84376
1.84376
1.84376
1.84376
1.84376
1.84376
1.84376
1.84376
1.84376
1.84376
1.84376
1.84376
1.84376
1.84376
1.84376
1.84376
1.84376
1.84376
1.84376
1.84376
1.84376
1.84376
1.84376
1.84376
1.84376
1.84376
1.84376
1.84376
1.84376
1.84376
1.84376
1.84376
1.84376
1.84376
1.84376
1.84376
1.84376
1.84376
1.84376
1.84376
1.84376
1.84376
1.84376
1.84376
1.84376
1.84376
1.84376
1.84376
1.84376
1.84376
1.84376
1.84376
1.84376
1.84376
1.84376
1.84376
1.84376
1.84376
1.84376
1.84376
1.84376
1.84376
1.84376
1.84376
1.84376
1.84376
1.84376
1.84376
1.84376
1.84376
1.84376
1.84376
1.84376
1.84376
1.84376
1.84376
1.84376
1.84376
1.84376
1.84376
1.84376
1.84376
1.84376
1.84376
1.84376
1.84376
1.84376
1.84376
1.84376
1.84376
1.84376
1.84376
1.84376
1.84376
1.84376
1.84376
1.84376
1.84376
1.84376
1.84376
1.84376
1.84376
1.84376
1.84376
1.84376
1.84376
1.84376
1.84376
1.84376
1.84376
1.84376
1.84376
1.84376
1.84376
1.84376
1.84376
1.84376
1.84376
1.84376
1.84376
1.84376
1.84376
1.84376
1.84376
1.84376
1.84376
1.84376
1.84376
1.84376
1.84376
1.84376
1.84376
1.84376
1.84376
1.84376
1.84376
1.84376
1.84376
1.84376
1.84376
1.84376
1.84376
1.84376
1.84376
1.84376
1.84376
1.84376
1.84376
1.84376
1.84376
1.84376
1.84376
1.84376
1.84376
1.84376
1.84376
1.84376
1.84376
1.84376
1.84376
1.84376
1.84376
1.84376
1.84376
1.84376
1.84376
1.84376
1.84376
1.84376
1.84376
1.84376
1.84376
1.84376
1.84376
1.84376
1.84376
1.84376
1.84376
1.84376
1.84376
1.84376
1.84376
1.84376
1.84376
1.84376
1.84376
1.84376
1.84376
1.84376
1.84376
1.84376
1.84376
1.84376
1.84376
1.84376
1.84376
1.84376
1.84376
1.84376
1.84376
1.84376
1.84376
1.84376
1.84376
1.84376
1.84376
1.84376
1.84376
1.84376
1.84376
1.84376
1.84376
1.84376
1.84376
1.84376
1.84376
1.84376
1.84376
1.84376
1.84376
1.84376
1.84376
1.84376
1.84376
1.84376
1.84376
1.84376
1.84376
1.84376
1.84376
1.84376
1.84376
1.84376
1.84376
1.84376
1.84376
1.84376
1.84376
1.84376
1.84376
1.84376
1.84376
1.84376
1.84376
1.84376
1.84376
1.84376
1.84376
1.84376
1.84376
1.84376
1.84376
1.84376
1.84376
1.84376
1.84376
1.84376
1.84376
1.84376
1.84376
1.84376
1.84376
1.84376
1.84376
1.84376
1.84376
1.84376
1.84376
1.84376
1.84376
1.84376
1.84376
1.84376
1.84376
1.84376
1.84376
1.84376
1.84376
1.84376
1.84376
1.84376
1.84376
1.84376
1.84376
1.84376
1.84376
1.84376
1.84376
1.84376
1.84376
1.84376
1.84376
1.84376
1.84376
1.84376
1.84376
1.84376
1.84376
1.84376
1.84376
1.84376
1.84376
1.84376
1.84376
1.84376
1.84376
1.84376
1.84376
1.84376
1.84376
1.84376
1.84376
1.84376
1.84376
1.84376
1.84376
1.84376
1.84376
1.84376
1.84376
1.84376
1.84376
1.84376
1.84376
1.84376
1.84376
1.84376
1.84376
1.84376
1.84376
1.84376
1.84376
1.84376
1.84376
1.84376
1.84376
1.84376
1.84376
1.84376
1.84376
1.84376
1.84376
1.84376
1.84376
1.84376
1.84376
1.84376
1.84376
1.84376
1.84376
1.84376
1.84376
1.84376
1.84376
1.84376
1.84376
1.84376
1.84376
1.84376
1.84376
1.84376
1.84376
1.84376
1.84376
1.84376
1.84376
1.84376
1.84376
1.84376
1.84376
1.84376
1.84376
1.84376
1.84376
1.84376
1.84376
1.84376
1.84376
1.84376
1.84376
1.84376
1.84376
1.84376
1.84376
1.84376
1.84376
1.84376
1.84376
1.84376
1.84376
1.84376
1.84376
1.84376
1.84376
1.84376
1.84376
1.84376
1.84376
1.84376
1.84376
1.84376
1.84376
1.84376
1.84376
1.84376
1.84376
1.84376
1.84376
1.84376
1.84376
1.84376
1.84376
1.84376
1.84376
1.84376
1.84376
1.84376
1.84376
1.84376
1.84376
1.84376
1.84376
1.84376
1.84376
1.84376
1.84376
1.84376
1.84376
1.84376
1.84376
1.84376
1.84376
1.84376
1.84376
1.84376
1.84376
1.84376
1.84376
1.84376
1.84376
1.84376
1.84376
1.84376
1.84376
1.84376
1.84376
1.84376
1.84376
1.84376
1.84376
1.84376
1.84376
1.84376
1.84376
1.84376
1.84376
1.84376
1.84376
1.84376
1.84376
1.84376
1.84376
1.84376
1.84376
1.84376
1.84376
1.84376
1.84376
1.84376
1.84376
1.84376
1.84376
1.84376
1.84376
1.84376
1.84376
1.84376
1.84376
1.84376
1.84376
1.84376
1.84376
1.84376
1.84376
1.84376
1.84376
1.84376
1.84376
1.84376
1.84376
1.84376
1.84376
1.84376
1.84376
1.84376
1.84376
1.84376
1.84376
1.84376
1.84376
1.84376
1.84376
1.84376
1.84376
1.84376
1.84376
1.84376
1.84376
1.84376
1.84376
1.84376
1.84376
1.84376
1.84376
1.84376
1.84376
1.84376
1.84376
1.84376
1.84376
1.84376
1.84376
1.84376
1.84376
1.84376
1.84376
1.84376
1.84376
1.84376
1.84376
1.84376
1.84376
1.84376
1.84376
1.84376
1.84376
1.84376
1.84376
1.84376
1.84376
1.84376
1.84376
1.84376
1.84376
1.84376
1.84376
1.84376
1.84376
1.84376
1.84376
1.84376
1.84376
1.84376
1.84376
1.84376
1.84376
1.84376
1.84376
1.84376
1.84376
1.84376
1.84376
1.84376
1.84376
1.84376
1.84376
1.84376
1.84376
1.84376
1.84376
1.84376
1.84376
1.84376
1.84376
1.84376
1.84376
1.84376
1.84376
1.84376
1.84376
1.84376
1.84376
1.84376
1.84376
1.84376
1.84376
1.84376
1.84376
1.84376
1.84376
1.84376
1.84376
1.84376
1.84376
1.84376
1.84376
1.84376
1.84376
1.84376
1.84376
1.84376
1.84376
1.84376
1.84376
1.84376
1.84376
1.84376
1.84376
1.84376
1.84376
1.84376
1.84376
1.84376
1.84376
1.84376
1.84376
1.84376
1.84376
1.84376
1.84376
1.84376
1.84376
1.84376
1.84376
1.84376
1.84376
1.84376
1.84376
1.84376
1.84376
1.84376
1.84376
1.84376
1.84376
1.84376
1.84376
1.84376
1.84376
1.84376
1.84376
1.84376
1.84376
1.84376
1.84376
1.84376
1.84376
1.84376
1.84376
1.84376
1.84376
1.84376
1.84376
1.84376
1.84376
1.84376
1.84376
1.84376
1.84376
1.84376
1.84376
1.84376
1.84376
1.84376
1.84376
1.84376
1.84376
1.84376
1.84376
1.84376
1.84376
1.84376
1.84376
1.84376
1.84376
1.84376
1.84376
1.84376
1.84376
1.84376
1.84376
1.84376
1.84376
1.84376
1.84376
1.84376
1.84376
1.84376
1.84376
1.84376
1.84376
1.84376
1.84376
1.84376
1.84376
1.84376
1.84376
1.84376
1.84376
1.84376
1.84376
1.84376
1.84376
1.84376
1.84376
1.84376
1.84376
1.84376
1.84376
1.84376
1.84376
1.84376
1.84376
1.84376
1.84376
1.84376
1.84376
1.84376
1.84376
1.84376
1.84376
1.84376
1.84376
1.84376
1.84376
1.84376
1.84376
1.84376
1.84376
1.84376
1.84376
1.84376
1.84376
1.84376
1.84376
1.84376
1.84376
1.84376
1.84376
1.84376
1.84376
1.84376
1.84376
1.84376
1.84376
1.84376
1.84376
1.84376
1.84376
1.84376
1.84376
1.84376
1.84376
1.84376
1.84376
1.84376
1.84376
1.84376
1.84376
1.84376
1.84376
1.84376
1.84376
1.84376
1.84376
1.84376
1.84376
1.84376
1.84376
1.84376
1.84376
1.84376
1.84376
1.84376
1.84376
1.84376
1.84376
1.84376
1.84376
1.84376
1.84376
1.84376
1.84376
1.84376
1.84376
1.84376
1.84376
1.84376
1.84376
1.84376
1.84376
1.84376
1.84376
1.84376
1.84376
1.84376
1.84376
1.84376
1.84376
1.84376
1.84376
1.84376
1.84376
1.84376
1.84376
1.84376
1.84376
1.84376
1.84376
1.84376
1.84376
1.84376
1.84376
1.84376
1.84376
1.84376
1.84376
1.84376
1.84376
1.84376
1.84376
1.84376
1.84376
1.84376
1.84376
1.84376
1.84376
1.84376
1.84376
1.84376
1.84376
1.84376
1.84376
1.84376
1.84376
1.84376
1.84376
1.84376
1.84376
1.84376
1.84376
1.84376
1.84376
1.84376
1.84376
1.84376
1.84376
1.84376
1.84376
1.84376
1.84376
1.84376
1.84376
1.84376
1.84376
1.84376
1.84376
1.84376
1.84376
1.84376
1.84376
1.84376
1.84376
1.84376
1.84376
1.84376
1.84376
1.84376
1.84376
1.84376
1.84376
1.84376
1.84376
1.84376
1.84376
1.84376
1.84376
1.84376
1.84376
1.84376
1.84376
1.84376
1.84376
1.84376
1.84376
1.84376
1.84376
1.84376
1.84376
1.84376
1.84376
1.84376
1.84376
1.84376
1.84376
1.84376
1.84376
1.84376
1.84376
1.84376
1.84376
1.84376
1.84376
1.84376
1.84376
1.84376
1.84376
1.84376
1.84376
1.84376
1.84376
1.84376
1.84376
1.84376
1.84376
1.84376
1.84376
1.84376
1.84376
1.84376
1.84376
1.84376
1.84376
1.84376
1.84376
1.84376
1.84376
1.84376
1.84376
1.84376
1.84376
1.84376
1.84376
1.84376
1.84376
1.84376
1.84376
1.84376
1.84376
1.84376
1.84376
1.84376
1.84376
1.84376
1.84376
1.84376
1.84376
1.84376
1.84376
1.84376
1.84376
1.84376
1.84376
1.84376
1.84376
1.84376
1.84376
1.84376
1.84376
1.84376
1.84376
1.84376
1.84376
1.84376
1.84376
1.84376
1.84376
1.84376
1.84376
1.84376
1.84376
1.84376
1.84376
1.84376
1.84376
1.84376
1.84376
1.84376
1.84376
1.84376
1.84376
1.84376
1.84376
1.84376
1.84376
1.84376
1.84376
1.84376
1.84376
1.84376
1.84376
1.84376
1.84376
1.84376
1.84376
1.84376
1.84376
1.84376
1.84376
1.84376
1.84376
1.84376
1.84376
1.84376
1.84376
1.84376
1.84376
1.84376
1.84376
1.84376
1.84376
1.84376
1.84376
1.84376
1.84376
1.84376
1.84376
1.84376
1.84376
1.84376
1.84376
1.84376
1.84376
1.84376
1.84376
1.84376
1.84376
1.84376
1.84376
1.84376
1.84376
1.84376
1.84376
1.84376
1.84376
1.84376
1.84376
1.84376
1.84376
1.84376
1.84376
1.84376
1.84376
1.84376
1.84376
1.84376
1.84376
1.84376
1.84376
1.84376
1.84376
1.84376
1.84376
1.84376
1.84376
1.84376
1.84376
1.84376
1.84376
1.84376
1.84376
1.84376
1.84376
1.84376
1.84376
1.84376
1.84376
1.84376
1.84376
1.84376
1.84376
1.84376
1.84376
1.84376
1.84376
1.84376
1.84376
1.84376
1.84376
1.84376
1.84376
1.84376
1.84376
1.84376
1.84376
1.84376
1.84376
1.84376
1.84376
1.84376
1.84376
1.84376
1.84376
1.84376
1.84376
1.84376
1.84376
1.84376
1.84376
1.84376
1.84376
1.84376
1.84376
1.84376
1.84376
1.84376
1.84376
1.84376
1.84376
1.84376
1.84376
1.84376
1.84376
1.84376
1.84376
1.84376
1.84376
1.84376
1.84376
1.84376
1.84376
1.84376
1.84376
1.84376
1.84376
1.84376
1.84376
1.84376
1.84376
1.84376
1.84376
1.84376
1.84376
1.84376
1.84376
1.84376
1.84376
1.84376
1.84376
1.84376
1.84376
1.84376
1.84376
1.84376
1.84376
1.84376
1.84376
1.84376
1.84376
1.84376
1.84376
1.84376
1.84376
1.84376
1.84376
1.84376
1.84376
1.84376
1.84376
1.84376
1.84376
1.84376
1.84376
1.84376
1.84376
1.84376
1.84376
1.84376
1.84376
1.84376
1.84376
1.84376
1.84376
1.84376
1.84376
1.84376
1.84376
1.84376
1.84376
1.84376
1.84376
1.84376
1.84376
1.84376
1.84376
1.84376
1.84376
1.84376
1.84376
1.84376
1.84376
1.84376
1.84376
1.84376
1.84376
1.84376
1.84376
1.84376
1.84376
1.84376
1.84376
1.84376
1.84376
1.84376
1.84376
1.84376
1.84376
1.84376
1.84376
1.84376
1.84376
1.84376
1.84376
1.84376
1.84376
1.84376
1.84376
1.84376
1.84376
1.84376
1.84376
1.84376
1.84376
1.84376
1.84376
1.84376
1.84376
1.84376
1.84376
1.84376
1.84376
1.84376
1.84376
1.84376
1.84376
1.84376
1.84376
1.84376
1.84376
1.84376
1.84376
1.84376
1.84376
1.84376
1.84376
1.84376
1.84376
1.84376
1.84376
1.84376
1.84376
1.84376
1.84376
1.84376
1.84376
1.84376
1.84376
1.84376
1.84376
1.84376
1.84376
1.84376
1.84376
1.84376
1.84376
1.84376
1.84376
1.84376
1.84376
1.84376
1.84376
1.84376
1.84376
1.84376
1.84376
1.84376
1.84376
1.84376
1.84376
1.84376
1.84376
1.84376
1.84376
1.84376
1.84376
1.84376
1.84376
1.84376
1.84376
1.84376
1.84376
1.84376
1.84376
1.84376
1.84376
1.84376
1.84376
1.84376
1.84376
1.84376
1.84376
1.84376
1.84376
1.84376
1.84376
1.84376
1.84376
1.84376
1.84376
1.84376
1.84376
1.84376
1.84376
1.84376
1.84376
1.84376
1.84376
1.84376
1.84376
1.84376
1.84376
1.84376
1.84376
1.84376
1.84376
1.84376
1.84376
1.84376
1.84376
1.84376
1.84376
1.84376
1.84376
1.84376
1.84376
1.84376
1.84376
1.84376
1.84376
1.84376
1.84376
1.84376
1.84376
1.84376
1.84376
1.84376
1.84376
1.84376
1.84376
1.84376
1.84376
1.84376
1.84376
1.84376
1.84376
1.84376
1.84376
1.84376
1.84376
1.84376
1.84376
1.84376
1.84376
1.84376
1.84376
1.84376
1.84376
1.84376
1.84376
1.84376
1.84376
1.84376
1.84376
1.84376
1.84376
1.84376
1.84376
1.84376
1.84376
1.84376
1.84376
1.84376
1.84376
1.84376
1.84376
1.84376
1.84376
1.84376
1.84376
1.84376
1.84376
1.84376
1.84376
1.84376
1.84376
1.84376
1.84376
1.84376
1.84376
1.84376
1.84376
1.84376
1.84376
1.84376
1.84376
1.84376
1.84376
1.84376
1.84376
1.84376
1.84376
1.84376
1.84376
1.84376
1.84376
1.84376
1.84376
1.84376
1.84376
1.84376
1.84376
1.84376
1.84376
1.84376
1.84376
1.84376
1.84376
1.84376
1.84376
1.84376
1.84376
1.84376
1.84376
1.84376
1.84376
1.84376
1.84376
1.84376
1.84376
1.84376
1.84376
1.84376
1.84376
1.84376
1.84376
1.84376
1.84376
1.84376
1.84376
1.84376
1.84376
1.84376
1.84376
1.84376
1.84376
1.84376
1.84376
1.84376
1.84376
1.84376
1.84376
1.84376
1.84376
1.84376
1.84376
1.84376
1.84376
1.84376
1.84376
1.84376
1.84376
1.84376
1.84376
1.84376
1.84376
1.84376
1.84376
1.84376
1.84376
1.84376
1.84376
1.84376
1.84376
1.84376
1.84376
1.84376
1.84376
1.84376
1.84376
1.84376
1.84376
1.84376
1.84376
1.84376
1.84376
1.84376
1.84376
1.84376
1.84376
1.84376
1.84376
1.84376
1.84376
1.84376
1.84376
1.84376
1.84376
1.84376
1.84376
1.84376
1.84376
1.84376
1.84376
1.84376
1.84376
1.84376
1.84376
1.84376
1.84376
1.84376
1.84376
1.84376
1.84376
1.84376
1.84376
1.84376
1.84376
1.84376
1.84376
1.84376
1.84376
1.84376
1.84376
1.84376
1.84376
1.84376
1.84376
1.84376
1.84376
1.84376
1.84376
1.84376
1.84376
1.84376
1.84376
1.84376
1.84376
1.84376
1.84376
1.84376
1.84376
1.84376
1.84376
1.84376
1.84376
1.84376
1.84376
1.84376
1.84376
1.84376
1.84376
1.84376
1.84376
1.84376
1.84376
1.84376
1.84376
1.84376
1.84376
1.84376
1.84376
1.84376
1.84376
1.84376
1.84376
1.84376
1.84376
1.84376
1.84376
1.84376
1.84376
1.84376
1.84376
1.84376
1.84376
1.84376
1.84376
1.84376
1.84376
1.84376
1.84376
1.84376
1.84376
1.84376
1.84376
1.84376
1.84376
1.84376
1.84376
1.84376
1.84376
1.84376
1.84376
1.84376
1.84376
1.84376
1.84376
1.84376
1.84376
1.84376
1.84376
1.84376
1.84376
1.84376
1.84376
1.84376
1.84376
1.84376
1.84376
1.84376
1.84376
1.84376
1.84376
1.84376
1.84376
1.84376
1.84376
1.84376
1.84376
1.84376
1.84376
1.84376
1.84376
1.84376
1.84376
1.84376
1.84376
1.84376
1.84376
1.84376
1.84376
1.84376
1.84376
1.84376
1.84376
1.84376
1.84376
1.84376
1.84376
1.84376
1.84376
1.84376
1.84376
1.84376
1.84376
1.84376
1.84376
1.84376
1.84376
1.84376
1.84376
1.84376
1.84376
1.84376
1.84376
1.84376
1.84376
1.84376
1.84376
1.84376
1.84376
1.84376
1.84376
1.84376
1.84376
1.84376
1.84376
1.84376
1.84376
1.84376
1.84376
1.84376
1.84376
1.84376
1.84376
1.84376
1.84376
1.84376
1.84376
1.84376
1.84376
1.84376
1.84376
1.84376
1.84376
1.84376
1.84376
1.84376
1.84376
1.84376
1.84376
1.84376
1.84376
1.84376
1.84376
1.84376
1.84376
1.84376
1.84376
1.84376
1.84376
1.84376
1.84376
1.84376
1.84376
1.84376
1.84376
1.84376
1.84376
1.84376
1.84376
1.84376
1.84376
1.84376
1.84376
1.84376
1.84376
1.84376
1.84376
1.84376
1.84376
1.84376
1.84376
1.84376
1.84376
1.84376
1.84376
1.84376
1.84376
1.84376
1.84376
1.84376
1.84376
1.84376
1.84376
1.84376
1.84376
1.84376
1.84376
1.84376
1.84376
1.84376
1.84376
1.84376
1.84376
1.84376
1.84376
1.84376
1.84376
1.84376
1.84376
1.84376
1.84376
1.84376
1.84376
1.84376
1.84376
1.84376
1.84376
1.84376
1.84376
1.84376
1.84376
1.84376
1.84376
1.84376
1.84376
1.84376
1.84376
1.84376
1.84376
1.84376
1.84376
1.84376
1.84376
1.84376
1.84376
1.84376
1.84376
1.84376
1.84376
1.84376
1.84376
1.84376
1.84376
1.84376
1.84376
1.84376
1.84376
1.84376
1.84376
1.84376
1.84376
1.84376
1.84376
1.84376
1.84376
1.84376
1.84376
1.84376
1.84376
1.84376
1.84376
1.84376
1.84376
1.84376
1.84376
1.84376
1.84376
1.84376
1.84376
1.84376
1.84376
1.84376
1.84376
1.84376
1.84376
1.84376
1.84376
1.84376
1.84376
1.84376
1.84376
1.84376
1.84376
1.84376
1.84376
1.84376
1.84376
1.84376
1.84376
1.84376
1.84376
1.84376
1.84376
1.84376
1.84376
1.84376
1.84376
1.84376
1.84376
1.84376
1.84376
1.84376
1.84376
1.84376
1.84376
1.84376
1.84376
1.84376
1.84376
1.84376
1.84376
1.84376
1.84376
1.84376
1.84376
1.84376
1.84376
1.84376
1.84376
1.84376
1.84376
1.84376
1.84376
1.84376
1.84376
1.84376
1.84376
1.84376
1.84376
1.84376
1.84376
1.84376
1.84376
1.84376
1.84376
1.84376
1.84376
1.84376
1.84376
1.84376
1.84376
1.84376
1.84376
1.84376
1.84376
1.84376
1.84376
1.84376
1.84376
1.84376
1.84376
1.84376
1.84376
1.84376
1.84376
1.84376
1.84376
1.84376
1.84376
1.84376
1.84376
1.84376
1.84376
1.84376
1.84376
1.84376
1.84376
1.84376
1.84376
1.84376
1.84376
1.84376
1.84376
1.84376
1.84376
1.84376
1.84376
1.84376
1.84376
1.84376
1.84376
1.84376
1.84376
1.84376
1.84376
1.84376
1.84376
1.84376
1.84376
1.84376
1.84376
1.84376
1.84376
1.84376
1.84376
1.84376
1.84376
1.84376
1.84376
1.84376
1.84376
1.84376
1.84376
1.84376
1.84376
1.84376
1.84376
1.84376
1.84376
1.84376
1.84376
1.84376
1.84376
1.84376
1.84376
1.84376
1.84376
1.84376
1.84376
1.84376
1.84376
1.84376
1.84376
1.84376
1.84376
1.84376
1.84376
1.84376
1.84376
1.84376
1.84376
1.84376
1.84376
1.84376
1.84376
1.84376
1.84376
1.84376
1.84376
1.84376
1.84376
1.84376
1.84376
1.84376
1.84376
1.84376
1.84376
1.84376
1.84376
1.84376
1.84376
1.84376
1.84376
1.84376
1.84376
1.84376
1.84376
1.84376
1.84376
1.84376
1.84376
1.84376
1.84376
1.84376
1.84376
1.84376
1.84376
1.84376
1.84376
1.84376
1.84376
1.84376
1.84376
1.84376
1.84376
1.84376
1.84376
1.84376
1.84376
1.84376
1.84376
1.84376
1.84376
1.84376
1.84376
1.84376
1.84376
1.84376
1.84376
1.84376
1.84376
1.84376
1.84376
1.84376
1.84376
1.84376
1.84376
1.84376
1.84376
1.84376
1.84376
1.84376
1.84376
1.84376
1.84376
1.84376
1.84376
1.84376
1.84376
1.84376
1.84376
1.84376
1.84376
1.84376
1.84376
1.84376
1.84376
1.84376
1.84376
1.84376
1.84376
1.84376
1.84376
1.84376
1.84376
1.84376
1.84376
1.84376
1.84376
1.84376
1.84376
1.84376
1.84376
1.84376
1.84376
1.84376
1.84376
1.84376
1.84376
1.84376
1.84376
1.84376
1.84376
1.84376
1.84376
1.84376
1.84376
1.84376
1.84376
1.84376
1.84376
1.84376
1.84376
1.84376
1.84376
1.84376
1.84376
1.84376
1.84376
1.84376
1.84376
1.84376
1.84376
1.84376
1.84376
1.84376
1.84376
1.84376
1.84376
1.84376
1.84376
1.84376
1.84376
1.84376
1.84376
1.84376
1.84376
1.84376
1.84376
1.84376
1.84376
1.84376
1.84376
1.84376
1.84376
1.84376
1.84376
1.84376
1.84376
1.84376
1.84376
1.84376
1.84376
1.84376
1.84376
1.84376
1.84376
1.84376
1.84376
1.84376
1.84376
1.84376
1.84376
1.84376
1.84376
1.84376
1.84376
1.84376
1.84376
1.84376
1.84376
1.84376
1.84376
1.84376
1.84376
1.84376
1.84376
1.84376
1.84376
1.84376
1.84376
1.84376
1.84376
1.84376
1.84376
1.84376
1.84376
1.84376
1.84376
1.84376
1.84376
1.84376
1.84376
1.84376
1.84376
1.84376
1.84376
1.84376
1.84376
1.84376
1.84376
1.84376
1.84376
1.84376
1.84376
1.84376
1.84376
1.84376
1.84376
1.84376
1.84376
1.84376
1.84376
1.84376
1.84376
1.84376
1.84376
1.84376
1.84376
1.84376
1.84376
1.84376
1.84376
1.84376
1.84376
1.84376
1.84376
1.84376
1.84376
1.84376
1.84376
1.84376
1.84376
1.84376
1.84376
1.84376
1.84376
1.84376
1.84376
1.84376
1.84376
1.84376
1.84376
1.84376
1.84376
1.84376
1.84376
1.84376
1.84376
1.84376
1.84376
1.84376
1.84376
1.84376
1.84376
1.84376
1.84376
1.84376
1.84376
1.84376
1.84376
1.84376
1.84376
1.84376
1.84376
1.84376
1.84376
1.84376
1.84376
1.84376
1.84376
1.84376
1.84376
1.84376
1.84376
1.84376
1.84376
1.84376
1.84376
1.84376
1.84376
1.84376
1.84376
1.84376
1.84376
1.84376
1.84376
1.84376
1.84376
1.84376
1.84376
1.84376
1.84376
1.84376
1.84376
1.84376
1.84376
1.84376
1.84376
1.84376
1.84376
1.84376
1.84376
1.84376
1.84376
1.84376
1.84376
1.84376
1.84376
1.84376
1.84376
1.84376
1.84376
1.84376
1.84376
1.84376
1.84376
1.84376
1.84376
1.84376
1.84376
1.84376
1.84376
1.84376
1.84376
1.84376
1.84376
1.84376
1.84376
1.84376
1.84376
1.84376
1.84376
1.84376
1.84376
1.84376
1.84376
1.84376
1.84376
1.84376
1.84376
1.84376
1.84376
1.84376
1.84376
1.84376
1.84376
1.84376
1.84376
1.84376
1.84376
1.84376
1.84376
1.84376
1.84376
1.84376
1.84376
1.84376
1.84376
1.84376
1.84376
1.84376
1.84376
1.84376
1.84376
1.84376
1.84376
1.84376
1.84376
1.84376
1.84376
1.84376
1.84376
1.84376
1.84376
1.84376
1.84376
1.84376
1.84376
1.84376
1.84376
1.84376
1.84376
1.84376
1.84376
1.84376
1.84376
1.84376
1.84376
1.84376
1.84376
1.84376
1.84376
1.84376
1.84376
1.84376
1.84376
1.84376
1.84376
1.84376
1.84376
1.84376
1.84376
1.84376
1.84376
1.84376
1.84376
1.84376
1.84376
1.84376
1.84376
1.84376
1.84376
1.84376
1.84376
1.84376
1.84376
1.84376
1.84376
1.84376
1.84376
1.84376
1.84376
1.84376
1.84376
1.84376
1.84376
1.84376
1.84376
1.84376
1.84376
1.84376
1.84376
1.84376
1.84376
1.84376
1.84376
1.84376
1.84376
1.84376
1.84376
1.84376
1.84376
1.84376
1.84376
1.84376
1.84376
1.84376
1.84376
1.84376
1.84376
1.84376
1.84376
1.84376
1.84376
1.84376
1.84376
1.84376
1.84376
1.84376
1.84376
1.84376
1.84376
1.84376
1.84376
1.84376
1.84376
1.84376
1.84376
1.84376
1.84376
1.84376
1.84376
1.84376
1.84376
1.84376
1.84376
1.84376
1.84376
1.84376
1.84376
1.84376
1.84376
1.84376
1.84376
1.84376
1.84376
1.84376
1.84376
1.84376
1.84376
1.84376
1.84376
1.84376
1.84376
1.84376
1.84376
1.84376
1.84376
1.84376
1.84376
1.84376
1.84376
1.84376
1.84376
1.84376
1.84376
1.84376
1.84376
1.84376
1.84376
1.84376
1.84376
1.84376
1.84376
1.84376
1.84376
1.84376
1.84376
1.84376
1.84376
1.84376
1.84376
1.84376
1.84376
1.84376
1.84376
1.84376
1.84376
1.84376
1.84376
1.84376
1.84376
1.84376
1.84376
1.84376
1.84376
1.84376
1.84376
1.84376
1.84376
1.84376
1.84376
1.84376
1.84376
1.84376
1.84376
1.84376
1.84376
1.84376
1.84376
1.84376
1.84376
1.84376
1.84376
1.84376
1.84376
1.84376
1.84376
1.84376
1.84376
1.84376
1.84376
1.84376
1.84376
1.84376
1.84376
1.84376
1.84376
1.84376
1.84376
1.84376
1.84376
1.84376
1.84376
1.84376
1.84376
1.84376
1.84376
1.84376
1.84376
1.84376
1.84376
1.84376
1.84376
1.84376
1.84376
1.84376
1.84376
1.84376
1.84376
1.84376
1.84376
1.84376
1.84376
1.84376
1.84376
1.84376
1.84376
1.84376
1.84376
1.84376
1.84376
1.84376
1.84376
1.84376
1.84376
1.84376
1.84376
1.84376
1.84376
1.84376
1.84376
1.84376
1.84376
1.84376
1.84376
1.84376
1.84376
1.84376
1.84376
1.84376
1.84376
1.84376
1.84376
1.84376
1.84376
1.84376
1.84376
1.84376
1.84376
1.84376
1.84376
1.84376
1.84376
1.84376
1.84376
1.84376
1.84376
1.84376
1.84376
1.84376
1.84376
1.84376
1.84376
1.84376
1.84376
1.84376
1.84376
1.84376
1.84376
1.84376
1.84376
1.84376
1.84376
1.84376
1.84376
1.84376
1.84376
1.84376
1.84376
1.84376
1.84376
1.84376
1.84376
1.84376
1.84376
1.84376
1.84376
1.84376
1.84376
1.84376
1.84376
1.84376
1.84376
1.84376
1.84376
1.84376
1.84376
1.84376
1.84376
1.84376
1.84376
1.84376
1.84376
1.84376
1.84376
1.84376
1.84376
1.84376
1.84376
1.84376
1.84376
1.84376
1.84376
1.84376
1.84376
1.84376
1.84376
1.84376
1.84376
1.84376
1.84376
1.84376
1.84376
1.84376
1.84376
1.84376
1.84376
1.84376
1.84376
1.84376
1.84376
1.84376
1.84376
1.84376
1.84376
1.84376
1.84376
1.84376
1.84376
1.84376
1.84376
1.84376
1.84376
1.84376
1.84376
1.84376
1.84376
1.84376
1.84376
1.84376
1.84376
1.84376
1.84376
1.84376
1.84376
1.84376
1.84376
1.84376
1.84376
1.84376
1.84376
1.84376
1.84376
1.84376
1.84376
1.84376
1.84376
1.84376
1.84376
1.84376
1.84376
1.84376
1.84376
1.84376
1.84376
1.84376
1.84376
1.84376
1.84376
1.84376
1.84376
1.84376
1.84376
1.84376
1.84376
1.84376
1.84376
1.84376
1.84376
1.84376
1.84376
1.84376
1.84376
1.84376
1.84376
1.84376
1.84376
1.84376
1.84376
1.84376
1.84376
1.84376
1.84376
1.84376
1.84376
1.84376
1.84376
1.84376
1.84376
1.84376
1.84376
1.84376
1.84376
1.84376
1.84376
1.84376
1.84376
1.84376
1.84376
1.84376
1.84376
1.84376
1.84376
1.84376
1.84376
1.84376
1.84376
1.84376
1.84376
1.84376
1.84376
1.84376
1.84376
1.84376
1.84376
1.84376
1.84376
1.84376
1.84376
1.84376
1.84376
1.84376
1.84376
1.84376
1.84376
1.84376
1.84376
1.84376
1.84376
1.84376
1.84376
1.84376
1.84376
1.84376
1.84376
1.84376
1.84376
1.84376
1.84376
1.84376
1.84376
1.84376
1.84376
1.84376
1.84376
1.84376
1.84376
1.84376
1.84376
1.84376
1.84376
1.84376
1.84376
1.84376
1.84376
1.84376
1.84376
1.84376
1.84376
1.84376
1.84376
1.84376
1.84376
1.84376
1.84376
1.84376
1.84376
1.84376
1.84376
1.84376
1.84376
1.84376
1.84376
1.84376
1.84376
1.84376
1.84376
1.84376
1.84376
1.84376
1.84376
1.84376
1.84376
1.84376
1.84376
1.84376
1.84376
1.84376
1.84376
1.84376
1.84376
1.84376
1.84376
1.84376
1.84376
1.84376
1.84376
1.84376
1.84376
1.84376
1.84376
1.84376
1.84376
1.84376
1.84376
1.84376
1.84376
1.84376
1.84376
1.84376
1.84376
1.84376
1.84376
1.84376
1.84376
1.84376
1.84376
1.84376
1.84376
1.84376
1.84376
1.84376
1.84376
1.84376
1.84376
1.84376
1.84376
1.84376
1.84376
1.84376
1.84376
1.84376
1.84376
1.84376
1.84376
1.84376
1.84376
1.84376
1.84376
1.84376
1.84376
1.84376
1.84376
1.84376
1.84376
1.84376
1.84376
1.84376
1.84376
1.84376
1.84376
1.84376
1.84376
1.84376
1.84376
1.84376
1.84376
1.84376
1.84376
1.84376
1.84376
1.84376
1.84376
1.84376
1.84376
1.84376
1.84376
1.84376
1.84376
1.84376
1.84376
1.84376
1.84376
1.84376
1.84376
1.84376
1.84376
1.84376
1.84376
1.84376
1.84376
1.84376
1.84376
1.84376
1.84376
1.84376
1.84376
1.84376
1.84376
1.84376
1.84376
1.84376
1.84376
1.84376
1.84376
1.84376
1.84376
1.84376
1.84376
1.84376
1.84376
1.84376
1.84376
1.84376
1.84376
1.84376
1.84376
1.84376
1.84376
1.84376
1.84376
1.84376
1.84376
1.84376
1.84376
1.84376
1.84376
1.84376
1.84376
1.84376
1.84376
1.84376
1.84376
1.84376
1.84376
1.84376
1.84376
1.84376
1.84376
1.84376
1.84376
1.84376
1.84376
1.84376
1.84376
1.84376
1.84376
1.84376
1.84376
1.84376
1.84376
1.84376
1.84376
1.84376
1.84376
1.84376
1.84376
1.84376
1.84376
1.84376
1.84376
1.84376
1.84376
1.84376
1.84376
1.84376
1.84376
1.84376
1.84376
1.84376
1.84376
1.84376
1.84376
1.84376
1.84376
1.84376
1.84376
1.84376
1.84376
1.84376
1.84376
1.84376
1.84376
1.84376
1.84376
1.84376
1.84376
1.84376
1.84376
1.84376
1.84376
1.84376
1.84376
1.84376
1.84376
1.84376
1.84376
1.84376
1.84376
1.84376
1.84376
1.84376
1.84376
1.84376
1.84376
1.84376
1.84376
1.84376
1.84376
1.84376
1.84376
1.84376
1.84376
1.84376
1.84376
1.84376
1.84376
1.84376
1.84376
1.84376
1.84376
1.84376
1.84376
1.84376
1.84376
1.84376
1.84376
1.84376
1.84376
1.84376
1.84376
1.84376
1.84376
1.84376
1.84376
1.84376
1.84376
1.84376
1.84376
1.84376
1.84376
1.84376
1.84376
1.84376
1.84376
1.84376
1.84376
1.84376
1.84376
1.84376
1.84376
1.84376
1.84376
1.84376
1.84376
1.84376
1.84376
1.84376
1.84376
1.84376
1.84376
1.84376
1.84376
1.84376
1.84376
1.84376
1.84376
1.84376
1.84376
1.84376
1.84376
1.84376
1.84376
1.84376
1.84376
1.84376
1.84376
1.84376
1.84376
1.84376
1.84376
1.84376
1.84376
1.84376
1.84376
1.84376
1.84376
1.84376
1.84376
1.84376
1.84376
1.84376
1.84376
1.84376
1.84376
1.84376
1.84376
1.84376
1.84376
1.84376
1.84376
1.84376
1.84376
1.84376
1.84376
1.84376
1.84376
1.84376
1.84376
1.84376
1.84376
1.84376
1.84376
1.84376
1.84376
1.84376
1.84376
1.84376
1.84376
1.84376
1.84376
1.84376
1.84376
1.84376
1.84376
1.84376
1.84376
1.84376
1.84376
1.84376
1.84376
1.84376
1.84376
1.84376
1.84376
1.84376
1.84376
1.84376
1.84376
1.84376
1.84376
1.84376
1.84376
1.84376
1.84376
1.84376
1.84376
1.84376
1.84376
1.84376
1.84376
1.84376
1.84376
1.84376
1.84376
1.84376
1.84376
1.84376
1.84376
1.84376
1.84376
1.84376
1.84376
1.84376
1.84376
1.84376
1.84376
1.84376
1.84376
1.84376
1.84376
1.84376
1.84376
1.84376
1.84376
1.84376
1.84376
1.84376
1.84376
1.84376
1.84376
1.84376
1.84376
1.84376
1.84376
1.84376
1.84376
1.84376
1.84376
1.84376
1.84376
1.84376
1.84376
1.84376
1.84376
1.84376
1.84376
1.84376
1.84376
1.84376
1.84376
1.84376
1.84376
1.84376
1.84376
1.84376
1.84376
-80.00000
-80.00000
-80.00000
-80.00000
-80.00000
-80.00000
-80.00000
-80.00000
-80.00000
-80.00000
-80.00000
-80.00000
-80.00000
-80.00000
-80.00000
-80.00000
-80.00000
-80.00000
-80.00000
-80.00000
-80.00000
-80.00000
-80.00000
-80.00000
-80.00000
-80.00000
-80.00000
-80.00000
-80.00000
-80.00000
-80.00000
-80.00000
-80.00000
-80.00000
-80.00000
-80.00000
-80.00000
-80.00000
-80.00000
-80.00000
-80.00000
-80.00000
-80.00000
-80.00000
-80.00000
-80.00000
-80.00000
-80.00000
-80.00000
-80.00000
-80.00000
-80.00000
-80.00000
-80.00000
-80.00000
-80.00000
-80.00000
-80.00000
-80.00000
-80.00000
-80.00000
-80.00000
-80.00000
-80.00000
-80.00000
-80.00000
-80.00000
-80.00000
-80.00000
-80.00000
-80.00000
-80.00000
-80.00000
-80.00000
-80.00000
-80.00000
-80.00000
-80.00000
-80.00000
-80.00000
-80.00000
-80.00000
-80.00000
-80.00000
-80.00000
-80.00000
-80.00000
-80.00000
-80.00000
-80.00000
-80.00000
-80.00000
-80.00000
-80.00000
-80.00000
-80.00000
-80.00000
-80.00000
-80.00000
-80.00000
-80.00000
-80.00000
-80.00000
-80.00000
-80.00000
-80.00000
-80.00000
-80.00000
-80.00000
-80.00000
-80.00000
-80.00000
-80.00000
-80.00000
-80.00000
-80.00000
-80.00000
-80.00000
-80.00000
-80.00000
-80.00000
-80.00000
-80.00000
-80.00000
-80.00000
-80.00000
-80.00000
-80.00000
-80.00000
-80.00000
-80.00000
-80.00000
-80.00000
-80.00000
-80.00000
-80.00000
-80.00000
-80.00000
-80.00000
-80.00000
-80.00000
-80.00000
-80.00000
-80.00000
-80.00000
-80.00000
-80.00000
-80.00000
-80.00000
-80.00000
-80.00000
-80.00000
-80.00000
-80.00000
-80.00000
-80.00000
-80.00000
-80.00000
-80.00000
-80.00000
-80.00000
-80.00000
-80.00000
-80.00000
-80.00000
-80.00000
-80.00000
-80.00000
-80.00000
-80.00000
-80.00000
-80.00000
-80.00000
-80.00000
-80.00000
-80.00000
-80.00000
-80.00000
-80.00000
-80.00000
-80.00000
-80.00000
-80.00000
-80.00000
-80.00000
-80.00000
-80.00000
-80.00000
-80.00000
-80.00000
-80.00000
-80.00000
-80.00000
-80.00000
-80.00000
-80.00000
-80.00000
-80.00000
-80.00000
-80.00000
-80.00000
-80.00000
-80.00000
-80.00000
-80.00000
-80.00000
-80.00000
-80.00000
-80.00000
-80.00000
-80.00000
-80.00000
-80.00000
-80.00000
-80.00000
-80.00000
-80.00000
-80.00000
-80.00000
-80.00000
-80.00000
-80.00000
-80.00000
-80.00000
-80.00000
-80.00000
-80.00000
-80.00000
-80.00000
-80.00000
-80.00000
-80.00000
-80.00000
-80.00000
-80.00000
-80.00000
-80.00000
-80.00000
-80.00000
-80.00000
-80.00000
-80.00000
-80.00000
-80.00000
-80.00000
-80.00000
-80.00000
-80.00000
-80.00000
-80.00000
-80.00000
-80.00000
-80.00000
-80.00000
-80.00000
-80.00000
-80.00000
-80.00000
-80.00000
-80.00000
-80.00000
-80.00000
-80.00000
-80.00000
-80.00000
-80.00000
-80.00000
-80.00000
-80.00000
-80.00000
-80.00000
-80.00000
-80.00000
-80.00000
-80.00000
-80.00000
-80.00000
-80.00000
-80.00000
-80.00000
-80.00000
-80.00000
-80.00000
-80.00000
-80.00000
-80.00000
-80.00000
-80.00000
-80.00000
-80.00000
-80.00000
-80.00000
-80.00000
-80.00000
-80.00000
-80.00000
-80.00000
-80.00000
-80.00000
-80.00000
-80.00000
-80.00000
-80.00000
-80.00000
-80.00000
-80.00000
-80.00000
-80.00000
-80.00000
-80.00000
-80.00000
-80.00000
-80.00000
-80.00000
-80.00000
-80.00000
-80.00000
-80.00000
-80.00000
-80.00000
-80.00000
-80.00000
-80.00000
-80.00000
-80.00000
-80.00000
-80.00000
-80.00000
-80.00000
-80.00000
-80.00000
-80.00000
-80.00000
-80.00000
-80.00000
-80.00000
-80.00000
-80.00000
-80.00000
-80.00000
-80.00000
-80.00000
-80.00000
-80.00000
-80.00000
-80.00000
-80.00000
-80.00000
-80.00000
-80.00000
-80.00000
-80.00000
-80.00000
-80.00000
-80.00000
-80.00000
-80.00000
-80.00000
-80.00000
-80.00000
-80.00000
-80.00000
-80.00000
-80.00000
-80.00000
-80.00000
-80.00000
-80.00000
-80.00000
-80.00000
-80.00000
-80.00000
-80.00000
-80.00000
-80.00000
-80.00000
-80.00000
-80.00000
-80.00000
-80.00000
-80.00000
-80.00000
-80.00000
-80.00000
-80.00000
-80.00000
-80.00000
-80.00000
-80.00000
-80.00000
-80.00000
-80.00000
-80.00000
-80.00000
-80.00000
-80.00000
-80.00000
-80.00000
-80.00000
-80.00000
-80.00000
-80.00000
-80.00000
-80.00000
-80.00000
-80.00000
-80.00000
-80.00000
-80.00000
-80.00000
-80.00000
-80.00000
-80.00000
-80.00000
-80.00000
-80.00000
-80.00000
-80.00000
-80.00000
-80.00000
-80.00000
-80.00000
-80.00000
-80.00000
-80.00000
-80.00000
-80.00000
-80.00000
-80.00000
-80.00000
-80.00000
-80.00000
-80.00000
-80.00000
-80.00000
-80.00000
-80.00000
-80.00000
-80.00000
-80.00000
-80.00000
-80.00000
-80.00000
-80.00000
-80.00000
-80.00000
-80.00000
-80.00000
-80.00000
-80.00000
-80.00000
-80.00000
-80.00000
-80.00000
-80.00000
-80.00000
-80.00000
-80.00000
-80.00000
-80.00000
-80.00000
-80.00000
-80.00000
-80.00000
-80.00000
-80.00000
-80.00000
-80.00000
-80.00000
-80.00000
-80.00000
-80.00000
-80.00000
-80.00000
-80.00000
-80.00000
-80.00000
-80.00000
-80.00000
-80.00000
-80.00000
-80.00000
-80.00000
-80.00000
-80.00000
-80.00000
-80.00000
-80.00000
-80.00000
-80.00000
-80.00000
-80.00000
-80.00000
-80.00000
-80.00000
-80.00000
-80.00000
-80.00000
-80.00000
-80.00000
-80.00000
-80.00000
-80.00000
-80.00000
-80.00000
-80.00000
-80.00000
-80.00000
-80.00000
-80.00000
-80.00000
-80.00000
-80.00000
-80.00000
-80.00000
-80.00000
-80.00000
-80.00000
-80.00000
-80.00000
-80.00000
-80.00000
-80.00000
-80.00000
-80.00000
-80.00000
-80.00000
-80.00000
-80.00000
-80.00000
-80.00000
-80.00000
-80.00000
-80.00000
-80.00000
-80.00000
-80.00000
-80.00000
-80.00000
-80.00000
-80.00000
-80.00000
-80.00000
-80.00000
-80.00000
-80.00000
-80.00000
-80.00000
-80.00000
-80.00000
-80.00000
-80.00000
-80.00000
-80.00000
-80.00000
-80.00000
-80.00000
-80.00000
-80.00000
-80.00000
-80.00000
-80.00000
-80.00000
-80.00000
-80.00000
-80.00000
-80.00000
-80.00000
-80.00000
-80.00000
-80.00000
-80.00000
-80.00000
-80.00000
-80.00000
-80.00000
-80.00000
-80.00000
-80.00000
-80.00000
-80.00000
-80.00000
-80.00000
-80.00000
-80.00000
-80.00000
-80.00000
-80.00000
-80.00000
-80.00000
-80.00000
-80.00000
-80.00000
-80.00000
-80.00000
-80.00000
-80.00000
-80.00000
-80.00000
-80.00000
-80.00000
-80.00000
-80.00000
-80.00000
-80.00000
-80.00000
-80.00000
-80.00000
-80.00000
-80.00000
-80.00000
-80.00000
-80.00000
-80.00000
-80.00000
-80.00000
-80.00000
-80.00000
-80.00000
-80.00000
-80.00000
-80.00000
-80.00000
-80.00000
-80.00000
-80.00000
-80.00000
-80.00000
-80.00000
-80.00000
-80.00000
-80.00000
-80.00000
-80.00000
-80.00000
-80.00000
-80.00000
-80.00000
-80.00000
-80.00000
-80.00000
-80.00000
-80.00000
-80.00000
-80.00000
-80.00000
-80.00000
-80.00000
-80.00000
-80.00000
-80.00000
-80.00000
-80.00000
-80.00000
-80.00000
-80.00000
-80.00000
-80.00000
-80.00000
-80.00000
-80.00000
-80.00000
-80.00000
-80.00000
-80.00000
-80.00000
-80.00000
-80.00000
-80.00000
-80.00000
-80.00000
-80.00000
-80.00000
-80.00000
-80.00000
-80.00000
-80.00000
-80.00000
-80.00000
-80.00000
-80.00000
-80.00000
-80.00000
-80.00000
-80.00000
-80.00000
-80.00000
-80.00000
-80.00000
-80.00000
-80.00000
-80.00000
-80.00000
-80.00000
-80.00000
-80.00000
-80.00000
-80.00000
-80.00000
-80.00000
-80.00000
-80.00000
-80.00000
-80.00000
-80.00000
-80.00000
-80.00000
-80.00000
-80.00000
-80.00000
-80.00000
-80.00000
-80.00000
-80.00000
-80.00000
-80.00000
-80.00000
-80.00000
-80.00000
-80.00000
-80.00000
-80.00000
-80.00000
-80.00000
-80.00000
-80.00000
-80.00000
-80.00000
-80.00000
-80.00000
-80.00000
-80.00000
-80.00000
-80.00000
-80.00000
-80.00000
-80.00000
-80.00000
-80.00000
-80.00000
-80.00000
-80.00000
-80.00000
-80.00000
-80.00000
-80.00000
-80.00000
-80.00000
-80.00000
-80.00000
-80.00000
-80.00000
-80.00000
-80.00000
-80.00000
-80.00000
-80.00000
-80.00000
-80.00000
-80.00000
-80.00000
-80.00000
-80.00000
-80.00000
-80.00000
-80.00000
-80.00000
-80.00000
-80.00000
-80.00000
-80.00000
-80.00000
-80.00000
-80.00000
-80.00000
-80.00000
-80.00000
-80.00000
-80.00000
-80.00000
-80.00000
-80.00000
-80.00000
-80.00000
-80.00000
-80.00000
-80.00000
-80.00000
-80.00000
-80.00000
-80.00000
-80.00000
-80.00000
-80.00000
-80.00000
-80.00000
-80.00000
-80.00000
-80.00000
-80.00000
-80.00000
-80.00000
-80.00000
-80.00000
-80.00000
-80.00000
-80.00000
-80.00000
-80.00000
-80.00000
-80.00000
-80.00000
-80.00000
-80.00000
-80.00000
-80.00000
-80.00000
-80.00000
-80.00000
-80.00000
-80.00000
-80.00000
-80.00000
-80.00000
-80.00000
-80.00000
-80.00000
-80.00000
-80.00000
-80.00000
-80.00000
-80.00000
-80.00000
-80.00000
-80.00000
-80.00000
-80.00000
-80.00000
-80.00000
-80.00000
-80.00000
-80.00000
-80.00000
-80.00000
-80.00000
-80.00000
-80.00000
-80.00000
-80.00000
-80.00000
-80.00000
-80.00000
-80.00000
-80.00000
-80.00000
-80.00000
-80.00000
-80.00000
-80.00000
-80.00000
-80.00000
-80.00000
-80.00000
-80.00000
-80.00000
-80.00000
-80.00000
-80.00000
-80.00000
-80.00000
-80.00000
-80.00000
-80.00000
-80.00000
-80.00000
-80.00000
-80.00000
-80.00000
-80.00000
-80.00000
-80.00000
-80.00000
-80.00000
-80.00000
-80.00000
-80.00000
-80.00000
-80.00000
-80.00000
-80.00000
-80.00000
-80.00000
-80.00000
-80.00000
-80.00000
-80.00000
-80.00000
-80.00000
-80.00000
-80.00000
-80.00000
-80.00000
-80.00000
-80.00000
-80.00000
-80.00000
-80.00000
-80.00000
-80.00000
-80.00000
-80.00000
-80.00000
-80.00000
-80.00000
-80.00000
-80.00000
-80.00000
-80.00000
-80.00000
-80.00000
-80.00000
-80.00000
-80.00000
-80.00000
-80.00000
-80.00000
-80.00000
-80.00000
-80.00000
-80.00000
-80.00000
-80.00000
-80.00000
-80.00000
-80.00000
-80.00000
-80.00000
-80.00000
-80.00000
-80.00000
-80.00000
-80.00000
-80.00000
-80.00000
-80.00000
-80.00000
-80.00000
-80.00000
-80.00000
-80.00000
-80.00000
-80.00000
-80.00000
-80.00000
-80.00000
-80.00000
-80.00000
-80.00000
-80.00000
-80.00000
-80.00000
-80.00000
-80.00000
-80.00000
-80.00000
-80.00000
-80.00000
-80.00000
-80.00000
-80.00000
-80.00000
-80.00000
-80.00000
-80.00000
-80.00000
-80.00000
-80.00000
-80.00000
-80.00000
-80.00000
-80.00000
-80.00000
-80.00000
-80.00000
-80.00000
-80.00000
-80.00000
-80.00000
-80.00000
-80.00000
-80.00000
-80.00000
-80.00000
-80.00000
-80.00000
-80.00000
-80.00000
-80.00000
-80.00000
-80.00000
-80.00000
-80.00000
-80.00000
-80.00000
-80.00000
-80.00000
-80.00000
-80.00000
-80.00000
-80.00000
-80.00000
-80.00000
-80.00000
-80.00000
-80.00000
-80.00000
-80.00000
-80.00000
-80.00000
-80.00000
-80.00000
-80.00000
-80.00000
-80.00000
-80.00000
-80.00000
-80.00000
-80.00000
-80.00000
-80.00000
-80.00000
-80.00000
-80.00000
-80.00000
-80.00000
-80.00000
-80.00000
-80.00000
-80.00000
-80.00000
-80.00000
-80.00000
-80.00000
-80.00000
-80.00000
-80.00000
-80.00000
-80.00000
-80.00000
-80.00000
-80.00000
-80.00000
-80.00000
-80.00000
-80.00000
-80.00000
-80.00000
-80.00000
-80.00000
-80.00000
-80.00000
-80.00000
-80.00000
-80.00000
-80.00000
-80.00000
-80.00000
-80.00000
-80.00000
-80.00000
-80.00000
-80.00000
-80.00000
-80.00000
-80.00000
-79.98946
-79.94323
-79.85802
-79.74046
-79.74046
-79.59816
-79.36365
-79.02859
-78.61571
-78.15703
-77.67344
-77.18302
-76.69551
-76.21603
-75.75570
-75.31258
-74.88616
-74.47474
-74.07621
-73.68599
-73.29930
-72.91177
-72.52183
-72.12827
-71.73178
-71.33107
-70.92546
-70.50955
-70.08046
-69.63425
-69.17437
-68.69817
-68.21028
-67.70945
-67.19793
-66.67717
-66.14860
-65.61258
-65.07234
-64.52762
-63.97950
-63.43019
-62.87686
-62.31956
-61.75879
-61.19266
-60.62874
-60.06039
-59.49016
-58.91879
-58.34624
-57.77253
-57.19831
-56.62258
-56.04717
-55.47572
-54.90719
-54.34041
-53.77480
-53.21084
-52.64760
-52.08340
-51.52090
-50.95877
-50.39667
-49.83466
-49.27302
-48.71147
-48.14985
-47.58643
-47.02531
-46.46396
-45.90252
-45.34100
-44.77941
-44.21804
-43.65678
-43.09415
-42.53502
-41.97324
-41.41089
-40.84903
-40.28719
-39.72585
-39.16390
-38.60076
-38.04131
-37.47947
-36.91775
-36.35575
-35.79437
-35.23238
-34.67083
-34.10764
-33.54841
-32.98636
-32.42422
-31.86195
-31.29991
-30.73749
-30.17532
-29.61237
-29.05084
-28.48862
-27.92628
-27.34514
-26.78276
-26.22085
-25.65902
-25.09581
-24.53397
-23.97160
-23.40972
-22.84782
-22.28524
-21.72335
-21.16075
-20.59751
-20.03586
-19.47393
-18.91207
-18.34989
-17.78731
-17.22509
-16.66259
-16.09940
-15.53757
-14.97532
-14.41318
-13.85102
-13.28880
-12.72626
-12.16393
-11.60083
-11.03945
-10.47739
-9.91578
-9.35368
-8.79138
-8.22930
-7.66713
-7.10407
-6.54338
-5.98117
-5.42043
-4.85851
-4.29578
-3.73379
-3.17026
-2.60214
-2.04380
-1.48086
-0.91625
-0.26734
0.52046
1.39695
2.31675
3.23565
3.23565
4.08293
4.80416
5.34406
5.66707
5.66707
5.79255
5.77146
5.62848
5.38077
5.04651
4.62176
4.11507
3.55068
2.94724
2.31543
1.64662
0.93888
0.20585
-0.52641
-1.24270
-1.92908
-2.57620
-3.19277
-3.78981
-4.31936
-4.75300
-5.10030
-5.36885
-5.57303
-5.71642
-5.80026
-5.82433
-5.74849
-5.54917
-5.24900
-4.87055
-4.43556
-3.94124
-3.39442
-2.80292
-2.19649
-1.59902
-0.99950
-0.38339
0.24398
0.87420
1.49833
2.05051
2.49752
2.83798
3.08365
3.24101
3.32109
3.29540
3.14920
2.90897
2.59318
2.20416
1.73913
1.20587
0.61516
-0.01036
-0.66144
-1.31397
-1.95226
-2.57175
-3.18429
-3.74112
-4.21674
-4.60974
-4.92634
-5.18696
-5.39354
-5.54358
-5.63592
-5.62607
-5.48765
-5.24480
-4.92165
-4.53378
-4.07627
-3.56026
-2.99194
-2.38305
-1.76362
-1.15345
-0.55043
0.05826
0.67093
1.27940
1.82319
2.26747
2.61416
2.86949
3.04575
3.15343
3.19370
3.13264
2.95317
2.68137
2.33978
1.92651
1.44276
0.89229
0.30115
-0.31768
-0.94532
-1.56194
-2.17756
-2.79641
-3.43303
-4.02095
-4.51350
-4.92074
-5.24703
-5.50087
-5.68873
-5.81385
-5.88154
-5.84646
-5.68121
-5.41483
-5.06813
-4.65860
-4.18582
-3.65242
-3.07648
-2.46830
-1.85407
-1.25550
-0.65245
-0.04050
0.57722
1.19146
1.79542
2.32424
2.74548
3.06079
3.27985
3.41098
3.46506
3.41528
3.24837
2.99057
2.65864
2.25452
1.77597
1.23046
0.62899
-0.00458
-0.66123
-1.31702
-1.95624
-2.57904
-3.19498
-3.75465
-4.23338
-4.62727
-4.94297
-5.20221
-5.40717
-5.55519
-5.64558
-5.63268
-5.49068
-5.24496
-4.91804
-4.52637
-4.06928
-3.54841
-2.97882
-2.36951
-1.74969
-1.14035
-0.53652
0.07283
0.68771
1.29772
1.84117
2.28599
2.63336
2.88851
3.06461
3.17015
3.20810
3.14544
2.96502
2.69319
2.35215
1.93928
1.45515
0.90440
0.31308
-0.30788
-0.93623
-1.55266
-2.16759
-2.79015
-3.36316
-3.85866
-4.27471
-4.61436
-4.90008
-5.13177
-5.31135
-5.43425
-5.50424
-5.64774
-5.64774
-5.97707
-6.45726
-7.04541
-7.69116
-8.34121
-8.94761
-9.47682
-9.91806
-10.27282
-10.56044
-10.80220
-11.00158
-11.16268
-11.28785
-11.38373
-11.45724
-11.51588
-11.56785
-11.62034
-11.67921
-11.74935
-11.83574
-11.94281
-12.07231
-12.22606
-12.40523
-12.61285
-12.84876
-13.11140
-13.39900
-13.70830
-14.03586
-14.37856
-14.73505
-15.10439
-15.48433
-15.87332
-16.26946
-16.67137
-17.07743
-17.48832
-17.89967
-18.31518
-18.73303
-19.15248
-19.57247
-19.99388
-20.41623
-20.84035
-21.26207
-21.68623
-22.11058
-22.53491
-22.95959
-23.38474
-23.80993
-24.23653
-24.66199
-25.08759
-25.51311
-25.93863
-26.36424
-26.78959
-27.21579
-27.64229
-28.06870
-28.49400
-28.91910
-29.34472
-29.77001
-30.19521
-30.62674
-31.05337
-31.47675
-31.90226
-32.32744
-32.75275
-33.17771
-33.60277
-34.02784
-34.45399
-34.87744
-35.30334
-35.72862
-36.15380
-36.57908
-37.00401
-37.42874
-37.85449
-38.27930
-38.70430
-39.12925
-39.55503
-39.98026
-40.40568
-40.83070
-41.25602
-41.67876
-42.10395
-42.52904
-42.95426
-43.37992
-43.80546
-44.23206
-44.65884
-45.08211
-45.50693
-45.93187
-46.35712
-46.78236
-47.20408
-47.62169
-48.03739
-48.45072
-48.86283
-49.27401
-49.68521
-50.09407
-50.50355
-50.91313
-51.32308
-51.73151
-52.14024
-52.54827
-52.95654
-53.36476
-53.77247
-54.18048
-54.59106
-55.00303
-55.41756
-55.83403
-56.25249
-56.67184
-57.09408
-57.51580
-57.93949
-58.36061
-58.78413
-59.20836
-59.58606
-59.88078
-60.09864
-60.24557
-60.32685
-60.37907
-60.43688
-60.50058
-60.56907
-60.71503
-61.00120
-61.40855
-61.96756
-62.67722
-63.47949
-64.32812
-65.18714
-66.02952
-66.83342
-67.56427
-68.17927
-68.66013
-69.01360
-69.24555
-69.36662
-69.38987
-69.32743
-69.18968
-68.96097
-68.63881
-68.24499
-67.79065
-67.27279
-66.69487
-66.06120
-65.38395
-64.68459
-63.98318
-63.29751
-62.64526
-62.03486
-61.45698
-60.90116
-60.41644
-60.02230
-59.71563
-59.48216
-59.31220
-59.20420
-59.15750
-59.21289
-59.39373
-59.67487
-60.03036
-60.44986
-60.93282
-61.47845
-62.06300
-62.67876
-63.30037
-63.91670
-64.54084
-65.17655
-65.81830
-66.40021
-66.89059
-67.28679
-67.59318
-67.82030
-67.97989
-68.07679
-68.11059
-68.04589
-67.86299
-67.58654
-67.23819
-66.82305
-66.34302
-65.79673
-65.20523
-64.57698
-63.94343
-63.32480
-62.72754
-62.13804
-61.55409
-61.03175
-60.59416
-60.23950
-59.95161
-59.72124
-59.54759
-59.43374
-59.42565
-59.54732
-59.77367
-60.08043
-60.45499
-60.89710
-61.40746
-61.96444
-62.55891
-63.16568
-63.77076
-64.38778
-65.02065
-65.66526
-66.25401
-66.75472
-67.16031
-67.47798
-67.71733
-67.89162
-68.00313
-68.05194
-68.00055
-67.82785
-67.56106
-67.22019
-66.80927
-66.33017
-65.78914
-65.20186
-64.57656
-63.94525
-63.32866
-62.73364
-62.14715
-61.56346
-61.04216
-60.60512
-60.25085
-59.96227
-59.73284
-59.55874
-59.44266
-59.43103
-59.54990
-59.77494
-60.08315
-60.46008
-60.90121
-61.41124
-61.96798
-62.56243
-63.16941
-63.77004
-64.38643
-65.02130
-65.66354
-66.25290
-66.75305
-67.16016
-67.47759
-67.71666
-67.89041
-68.00160
-68.05005
-67.99843
-67.82627
-67.55969
-67.22044
-66.81211
-66.33486
-65.79454
-65.21154
-64.58758
-63.95642
-63.34042
-62.74616
-62.15935
-61.57623
-61.05381
-60.61896
-60.26464
-59.97655
-59.74592
-59.57191
-59.45583
-59.44422
-59.56367
-59.78871
-60.09613
-60.47065
-60.91176
-61.42070
-61.97530
-62.56871
-63.17561
-63.77498
-64.38993
-65.02250
-65.66712
-66.25585
-66.75537
-67.16227
-67.48015
-67.71881
-67.89249
-68.00377
-68.05247
-68.00101
-67.82886
-67.56215
-67.22255
-66.81461
-66.33830
-65.79939
-65.21377
-64.58996
-63.95960
-63.34408
-62.74927
-62.16535
-61.58205
-61.06084
-60.62363
-60.26858
-59.97932
-59.74765
-59.57258
-59.45625
-59.44376
-59.56182
-59.78618
-60.09254
-60.46606
-60.91671
-61.42652
-61.97930
-62.57756
-63.18815
-63.79378
-64.41170
-65.04541
-65.69047
-66.35652
-66.95788
-67.45619
-67.84810
-68.13816
-68.33562
-68.45288
-68.49851
-68.47464
-68.38468
-68.22320
-67.98610
-67.67755
-67.30263
-66.86302
-66.36158
-65.80335
-65.19539
-64.52630
-63.83395
-63.10905
-62.35539
-61.58111
-60.78671
-59.97461
-59.15776
-58.34283
-57.53993
-56.74947
-55.96539
-55.18865
-54.41617
-53.64850
-52.88962
-52.12904
-51.36910
-50.60989
-49.85196
-49.09316
-48.33489
-47.57529
-46.81755
-46.06381
-45.31398
-44.56551
-43.81829
-43.07139
-42.32425
-41.57615
-40.83020
-40.08321
-39.33688
-38.58835
-37.83952
-37.09318
-36.34613
-35.59861
-34.85234
-34.10554
-33.35834
-32.56891
-31.70565
-30.79626
-29.85911
-28.94713
-28.13300
-27.47410
-27.01636
-26.70302
-26.49824
-26.44236
-26.55184
-26.82884
-27.23481
-27.73757
-28.31017
-28.92779
-29.57209
-30.23730
-30.92816
-31.62374
-32.30351
-32.95566
-33.56882
-34.14073
-34.70251
-35.24463
-35.75001
-36.23185
-36.63649
-36.94886
-37.17410
-37.32275
-37.40269
-37.41582
-37.36435
-37.21770
-36.95798
-36.60768
-36.18982
-35.71949
-35.19305
-34.61633
-33.99011
-33.34264
-32.69121
-32.04689
-31.41477
-30.78537
-30.15556
-29.52845
-28.91550
-28.37322
-27.93666
-27.59875
-27.35472
-27.19385
-27.10531
-27.08515
-27.13111
-27.24232
-27.43976
-27.73948
-28.11756
-28.55518
-29.04996
-29.60098
-30.21423
-30.87035
-31.54031
-32.22238
-32.88997
-33.52700
-34.12325
-34.69782
-35.25195
-35.78191
-36.27658
-36.69717
-37.02349
-37.26197
-37.42297
-37.51534
-37.54093
-37.49990
-37.36441
-37.11676
-36.78235
-36.38120
-35.91847
-35.39598
-34.81859
-34.18652
-33.53785
-32.87536
-32.21866
-31.58202
-30.94560
-30.30630
-29.67050
-29.04533
-28.49087
-28.03880
-27.67789
-27.42208
-27.25198
-27.15392
-27.12460
-27.16274
-27.26605
-27.45739
-27.75183
-28.12650
-28.56166
-29.05487
-29.60389
-30.20970
-30.85729
-31.53072
-32.21266
-32.87978
-33.51632
-34.11243
-34.68685
-35.24145
-35.74867
-36.18203
-36.52252
-36.77644
-36.95990
-37.07913
-37.13456
-37.12724
-37.02356
-36.80358
-36.49239
-36.11086
-35.66850
-35.16225
-34.59412
-33.98934
-33.35997
-32.72204
-32.09568
-31.46174
-30.81612
-30.16815
-29.58103
-29.08373
-28.68687
-28.38136
-28.15548
-27.99594
-27.89992
-27.86838
-27.93675
-28.12422
-28.40363
-28.75442
-29.17280
-29.66054
-30.20993
-30.80528
-31.43706
-32.07549
-32.69451
-33.28783
-33.87552
-34.45966
-34.98145
-35.41919
-35.77372
-36.06215
-36.29117
-36.46490
-36.57806
-36.58551
-36.46289
-36.23649
-35.92914
-35.55328
-35.11035
-34.59924
-34.04332
-33.44793
-32.84124
-32.23618
-31.61944
-30.98449
-30.34229
-29.75320
-29.25298
-28.84604
-28.52882
-28.28970
-28.11537
-28.00362
-27.95505
-28.00639
-28.17838
-28.44513
-28.78405
-29.19203
-29.66867
-30.20814
-30.79306
-31.41716
-32.04713
-32.66319
-33.25789
-33.84404
-34.42667
-34.94832
-35.38468
-35.73844
-36.02629
-36.25703
-36.43085
-36.54693
-36.60934
-36.55619
-36.34966
-36.02440
-35.60973
-35.13241
-34.60236
-34.01276
-33.35681
-32.64169
-31.87889
-31.06125
-30.21065
-29.32129
-28.40150
-27.45828
-26.48977
-25.51115
-24.54073
-23.57722
-22.62112
-21.68292
-20.75539
-19.83293
-18.91168
-17.98914
-17.07274
-16.14883
-15.22769
-14.30565
-13.38070
-12.45257
-11.52890
-10.60372
-9.67757
-8.73299
-7.79748
-6.88595
-6.02753
-5.26943
-4.63589
-4.13458
-3.77163
-3.53894
-3.47373
-3.59844
-3.87876
-4.28071
-4.77342
-5.33310
-5.93614
-6.56775
-7.22213
-7.88405
-8.53456
-9.16356
-9.79125
-10.42058
-11.04166
-11.65540
-12.19550
-12.62909
-12.96048
-13.19733
-13.35177
-13.43610
-13.45374
-13.40614
-13.26308
-13.00902
-12.66052
-12.25519
-11.78550
-11.25312
-10.66304
-10.03994
-9.39032
-8.74246
-8.11587
-7.52153
-6.93738
-6.36434
-5.85771
-5.43658
-5.09814
-4.82507
-4.61006
-4.45259
-4.35540
-4.36250
-4.49713
-4.73445
-5.05193
-5.43702
-5.88879
-6.40338
-6.96279
-7.56103
-8.16830
-8.77046
-9.38741
-10.02177
-10.66836
-11.25782
-11.75872
-12.16683
-12.48292
-12.72227
-12.89606
-13.00725
-13.05584
-13.00412
-12.83178
-12.56299
-12.22223
-11.81235
-11.33353
-10.79307
-10.20598
-9.58110
-8.94995
-8.33192
-7.73950
-7.15319
-6.56678
-6.04578
-5.60894
-5.25511
-4.96683
-4.73592
-4.56228
-4.44649
-4.43507
-4.55448
-4.78026
-5.08920
-5.46485
-5.90954
-6.41793
-6.97431
-7.56926
-8.17618
-8.77716
-9.39297
-10.02642
-10.67332
-11.25974
-11.75979
-12.16755
-12.48537
-12.72470
-12.89865
-13.00980
-13.05835
-13.00664
-12.83453
-12.56810
-12.22896
-11.82057
-11.34289
-10.80231
-10.21486
-9.58877
-8.95865
-8.34256
-7.74915
-7.16236
-6.57937
-6.05843
-5.62070
-5.26701
-4.97912
-4.74826
-4.57423
-4.45833
-4.44726
-4.56698
-4.79312
-5.10227
-5.47888
-5.92324
-6.43444
-6.99149
-7.58750
-8.19505
-8.79704
-9.41293
-10.04647
-10.69193
-11.28114
-11.78123
-12.18715
-12.50284
-12.74107
-12.91360
-13.02405
-13.07184
-13.01948
-12.84649
-12.57766
-12.23594
-11.82503
-11.34539
-10.80579
-10.21801
-9.59251
-8.95958
-8.34175
-7.74584
-7.15786
-6.57450
-6.05286
-5.61527
-5.26112
-4.97323
-4.74262
-4.56888
-4.45291
-4.44153
-4.56076
-4.78645
-5.09510
-5.47174
-5.91553
-6.42652
-6.98413
-7.57714
-8.18384
-8.78505
-9.40110
-10.03481
-10.67812
-11.26764
-11.76952
-12.17559
-12.49189
-12.73083
-12.90476
-13.01605
-13.06461
-13.01270
-12.84392
-12.58563
-12.25164
-11.84889
-11.37686
-10.84197
-10.26094
-9.64147
-9.01332
-8.40297
-7.79039
-7.19262
-6.60555
-6.03312
-5.53089
-5.11823
-4.79242
-4.54172
-4.35622
-4.23363
-4.21536
-4.32222
-4.52959
-4.81489
-5.17531
-5.60635
-6.10968
-6.66011
-7.25060
-7.85778
-8.46244
-9.08745
-9.73397
-10.39387
-11.06310
-11.66860
-12.17624
-12.58159
-12.88787
-13.10352
-13.24165
-13.30977
-13.30962
-13.24418
-13.12305
-12.96404
-12.77343
-12.55477
-12.31198
-12.05211
-11.77321
-11.47915
-11.17196
-10.85523
-10.53002
-10.19795
-9.85924
-9.51824
-9.17240
-8.82280
-8.47114
-8.11759
-7.76277
-7.40930
-7.05735
-6.70746
-6.35959
-6.01256
-5.66640
-5.32077
-4.97576
-4.63082
-4.28566
-3.94212
-3.59589
-3.25178
-2.91111
-2.57237
-2.23772
-1.90499
-1.57296
-1.24375
-0.91431
-0.58506
-0.25657
0.07182
0.39959
0.72692
1.05545
1.38100
1.70877
2.03588
2.36280
2.74085
3.21645
3.77378
4.39377
5.10666
5.92357
6.79011
7.66695
8.52524
9.34400
10.11174
10.79775
11.35092
11.77206
12.06435
12.23746
12.30206
12.27034
12.15939
11.95081
11.63607
11.23833
10.78180
10.26960
9.69896
9.07580
8.38928
7.68863
6.98927
6.30251
5.64579
5.02333
4.42092
3.88494
3.43635
3.07432
2.78935
2.56446
2.39600
2.27890
2.21404
2.25159
2.42210
2.70058
3.05893
3.48233
3.95999
4.50675
5.08690
5.70239
6.32358
6.93105
7.53307
8.14052
8.75113
9.35809
9.89669
10.33715
10.68585
10.94262
11.11925
11.22508
11.26296
11.19990
11.02012
10.74941
10.40840
9.99487
9.51080
8.96351
8.37520
7.75508
7.12814
6.51207
5.89355
5.26833
4.69738
4.19883
3.78134
3.43898
3.14935
2.90170
2.70927
2.57428
2.54598
2.65100
2.86424
3.16287
3.52746
3.96099
4.47162
5.04512
5.66039
6.31679
6.98083
7.62785
8.24465
8.83253
9.40730
9.97100
10.53233
11.01734
11.39767
11.67640
11.86188
11.96273
11.98478
11.93041
11.78118
11.53273
11.21169
10.81616
10.34800
9.81175
9.22441
8.59171
7.90272
7.19799
6.48896
5.79579
5.13002
4.50069
3.89840
3.35791
2.90931
2.54516
2.26049
2.03922
1.87783
1.77647
1.73573
1.75534
1.83402
2.00491
2.29094
2.66894
3.11743
3.61865
4.16259
4.75325
5.37167
6.00773
6.63626
7.24165
7.84523
8.45091
9.05372
9.64926
10.22327
10.77757
11.25245
11.61593
11.87432
12.03113
12.09629
12.08484
12.00149
11.82220
11.53854
11.17889
10.75632
10.27070
9.72169
9.11341
8.45750
7.76387
7.05664
6.34765
5.65841
5.00053
4.38238
3.79025
3.23150
2.74129
2.34353
2.03418
1.80183
1.63465
1.53011
1.48808
1.50794
1.58927
1.76215
2.04513
2.41409
2.84915
3.33280
3.87235
4.46113
5.09655
5.75369
6.41956
7.07352
7.69955
8.30902
8.91260
9.50068
10.07383
10.62638
11.10053
11.46783
11.73659
11.91366
12.00940
12.03135
11.98287
11.86533
11.65991
11.35590
10.97635
10.53787
10.03833
9.48004
8.86738
8.20714
7.52982
6.84619
6.17473
5.53033
4.90565
4.29491
3.70340
3.17933
2.74613
2.40414
2.14316
1.95376
1.83027
1.76677
1.76458
1.82341
1.97275
2.23973
2.59872
3.02856
3.51592
4.04654
4.62146
5.22765
5.83725
6.43243
7.03490
7.65216
8.27825
8.90090
9.51393
10.05350
10.48718
10.81853
11.05391
11.20223
11.27619
11.27987
11.18373
10.97182
10.66953
10.30090
9.86544
9.36190
8.79262
8.19361
7.56622
6.93750
6.32286
5.71017
5.09721
4.46817
3.82871
3.17603
2.55404
2.01202
1.58458
1.28193
1.09543
1.00825
1.00089
1.06753
1.20611
1.41178
1.67842
1.99662
2.36019
2.75812
3.18353
3.62419
4.07094
4.50971
4.93356
5.33835
5.72117
6.08421
6.41955
6.72586
7.01039
7.27355
7.51940
7.75136
7.96973
8.17610
8.37336
8.56169
8.74467
8.92258
9.09653
9.26701
9.43475
9.59774
9.75602
9.91012
10.06142
10.21017
10.35703
10.50234
10.64641
10.78958
10.93214
11.07362
11.21474
11.35541
11.56236
11.89313
12.33112
12.86226
13.45029
14.06213
14.69350
15.34542
16.02011
16.65267
17.18683
17.62260
17.96344
18.15605
18.15906
17.99876
17.70328
17.30103
16.81662
16.24422
15.60052
14.93661
14.27675
13.64418
13.05147
12.49047
11.95399
11.43898
10.99740
10.64928
10.38679
10.19415
10.06529
9.99925
9.99573
10.09055
10.30491
10.61247
10.99201
11.42982
11.93124
12.49048
13.08532
13.70553
14.33164
14.94797
15.57454
16.21291
16.85813
17.44306
17.93531
18.33165
18.63662
18.86060
19.01907
19.11389
19.14421
19.07478
18.88687
18.60610
18.25386
17.83596
17.34834
16.79636
16.20044
15.56823
14.93087
14.30893
13.71465
13.12789
12.54378
12.02097
11.58295
11.22879
10.94142
10.70641
10.53415
10.42257
10.41646
10.54034
10.76852
11.07810
11.45599
11.90138
12.41451
12.97196
13.56838
14.17607
14.77848
15.39612
16.02939
16.67466
17.26440
17.76388
18.17070
18.48817
18.72734
18.90124
19.01247
19.06123
19.00921
18.83740
18.57071
18.23142
17.82349
17.34648
16.80782
16.22284
15.59817
14.96858
14.35458
13.76116
13.17036
12.58528
12.06235
11.62289
11.26480
10.97645
10.74419
10.56871
10.45126
10.43856
10.55131
10.76241
11.05257
11.40477
11.82632
12.31414
12.84953
13.42264
14.00740
14.60834
15.23600
15.88592
16.53137
17.17517
17.75655
18.24201
18.62856
18.92393
19.14378
19.29727
19.38769
19.41394
19.37632
19.24397
18.99821
18.66214
18.25657
17.79688
17.27587
16.69956
16.07439
15.42418
14.76062
14.11176
13.49211
12.90767
12.33828
11.78704
11.26010
10.75959
10.33457
10.00494
9.76358
9.59896
9.50340
9.47533
9.51319
9.64562
9.89063
10.22478
10.62711
11.08661
11.60695
12.18324
12.80693
13.45345
14.11141
14.76186
15.40162
16.03847
16.67821
17.31211
17.93632
18.49036
18.94252
19.29499
19.55374
19.72742
19.82974
19.86400
19.83130
19.73278
19.54523
19.25387
18.88186
18.45123
17.96052
17.41382
16.81164
16.16332
15.49311
14.81296
14.14575
13.50973
12.91239
12.33858
11.78564
11.25373
10.74983
10.32245
9.98991
9.74687
9.58271
9.48783
9.46011
9.49907
9.63237
9.87683
10.20969
10.60836
11.06870
11.58931
12.16539
12.79457
13.44526
14.10796
14.76541
15.40367
16.04181
16.68202
17.32089
17.94715
18.50649
18.96035
19.31466
19.57362
19.74650
19.84680
19.87950
19.84545
19.74561
19.55727
19.26492
18.89308
18.46012
17.96856
17.42111
16.81831
16.16932
15.49800
14.81597
14.15264
13.51604
12.91827
12.34448
11.79186
11.25986
10.75645
10.27081
9.83368
9.43970
9.08480
8.76565
8.47893
8.22136
7.99041
7.78270
7.59675
7.42975
7.27953
7.14481
7.02381
6.91496
6.81612
6.72980
6.65280
6.58248
6.51725
6.45658
6.40001
6.34710
6.29747
6.25075
6.20689
6.16549
6.12637
6.08933
6.05415
6.02068
5.98876
5.95817
5.92904
5.90095
5.87389
5.84779
5.82259
5.79815
5.77442
5.75125
5.72881
5.70679
5.68526
5.66414
5.64344
5.62310
5.60306
5.58323
5.56383
5.54456
5.52559
5.50672
5.48809
5.46959
5.45123
5.43287
5.41477
5.39676
5.37886
5.36104
5.34329
5.32562
5.30799
5.29040
5.27291
5.25545
5.23803
5.22065
5.20330
5.18601
5.16872
5.15140
5.13421
5.11697
5.09972
5.08248
5.06525
5.04802
5.03081
5.01356
4.99636
4.97912
4.96187
4.94464
4.92739
4.91013
4.89285
4.87554
4.85826
4.84097
4.82365
4.80632
4.78899
4.77164
4.75429
4.73689
4.71952
4.70213
4.68472
4.66731
4.64987
4.63242
4.61497
4.59746
4.58007
4.56259
4.54509
4.52759
4.51009
4.49257
4.47504
4.45750
4.43998
4.42244
4.40488
4.38733
4.36979
4.35223
4.33467
4.31709
4.29953
4.28195
4.26438
4.24683
4.22925
4.21167
4.19412
4.17654
4.15897
4.14140
4.12382
4.10626
4.08871
4.07115
4.05358
4.03600
4.01846
4.00091
3.98335
3.96578
3.94820
3.93063
3.91306
3.89548
3.87793
3.86038
3.84284
3.82529
3.80775
3.79019
3.77264
3.75507
3.73753
3.71950
3.70195
3.68440
3.66684
3.64919
3.63166
3.61409
3.59655
3.57901
3.56146
3.54391
3.52636
3.50882
3.49127
3.47367
3.45614
3.43857
3.42102
3.40347
3.38593
3.36837
3.35084
3.33331
3.31583
3.29828
3.28073
3.26320
3.24566
3.22813
3.21056
3.19297
3.17540
3.15783
3.14028
3.12273
3.10518
3.08767
3.07012
3.05254
3.03502
3.01748
2.99993
2.98241
2.96488
2.94735
2.92982
2.91226
2.89471
2.87716
2.85960
2.84206
2.82453
2.80699
2.78945
2.77188
2.75441
2.73686
2.71930
2.70174
2.68411
2.66657
2.64902
2.63145
2.61393
2.59640
2.57886
2.56128
2.54371
2.52616
2.50862
2.49104
2.47352
2.45596
2.43841
2.42087
2.40333
2.38578
2.36823
2.35065
2.33312
2.31558
2.29801
2.28047
2.26294
2.24539
2.22786
2.21027
2.19281
2.17527
2.15772
2.14018
2.12263
2.10510
2.08755
2.06998
2.05245
2.03490
2.01737
1.99982
1.98203
1.96448
1.94696
1.92937
1.91181
1.89424
1.87665
1.85909
1.84156
1.82402
1.80649
1.78894
1.77142
1.75389
1.73634
1.71880
1.70126
1.68374
1.66620
1.64863
1.63111
1.61356
1.59604
1.57850
1.56097
1.54341
1.52589
1.50829
1.49082
1.47326
1.45572
1.43817
1.42065
1.40311
1.38555
1.36799
1.35052
1.33296
1.31540
1.29785
1.28029
1.26274
1.24519
1.22762
1.21017
1.19264
1.17510
1.15757
1.14007
1.12254
1.10500
1.08743
1.06990
1.05235
1.03482
1.01728
0.99974
0.98218
0.96463
0.94705
0.92952
0.91196
0.89441
0.87685
0.85930
0.84177
0.82424
0.80667
0.78913
0.77159
0.75405
0.73650
0.71897
0.70143
0.68389
0.66631
0.64879
0.63124
0.61367
0.59611
0.57855
0.56100
0.54345
0.52586
0.50839
0.49084
0.47327
0.45571
0.43811
0.42022
0.40154
0.38205
0.36201
0.34125
0.31992
0.29806
0.27572
0.25296
0.22981
0.20626
0.18243
0.15830
0.13394
0.10935
0.08451
0.06037
0.03703
0.03703
0.01444
-0.00732
-0.02830
-0.04852
-0.06795
-0.08662
-0.10447
-0.12155
-0.13790
-0.15333
-0.16804
-0.18197
-0.19508
-0.20759
-0.21915
-0.22995
-0.23996
-0.24916
-0.25759
-0.26524
-0.27210
-0.27816
-0.28345
-0.28795
-0.29167
-0.29459
-0.29673
-0.29809
-0.29877
-0.29911
-0.29928
-0.29937
-0.29941
-0.29943
-0.29944
-0.29945
-0.29945
-0.29945
-0.29945
-0.29945
-0.29945
-0.29945
-0.29945
-0.29945
-0.29945
-0.29945
-0.29945
-0.29945
-0.29945
-0.29945
-0.29945
-0.29945
-0.29945
-0.29945
-0.29945
-0.29945
-0.29945
-0.29945
-0.29945
-0.29945
-0.29945
-0.29945
-0.29945
-0.29945
-0.29945
-0.29945
-0.29945
-0.29945
-0.29945
-0.29945
-0.29945
-0.29945
-0.29945
-0.29945
-0.29945
-0.29945
-0.29945
-0.29945
-0.29945
-0.29945
-0.29945
-0.29945
-0.29945
-0.29945
-0.29945
-0.29945
-0.29945
-0.29945
-0.29945
-0.29945
-0.29945
-0.29945
-0.29945
-0.29945
-0.29945
-0.29945
-0.29945
-0.29945
-0.29945
-0.29945
-0.29945
-0.29945
-0.29945
-0.29945
-0.29945
-0.29945
-0.29945
-0.29945
-0.29945
-0.29945
-0.29945
-0.29945
-0.29945
-0.29945
-0.29945
-0.29945
-0.29945
-0.29945
-0.29945
-0.29945
-0.29945
-0.29945
-0.29945
-0.29945
-0.29945
-0.29945
-0.29945
-0.29945
-0.29945
-0.29945
-0.29945
-0.29945
-0.29945
-0.29945
-0.29945
-0.29945
-0.29945
-0.29945
-0.29945
-0.29945
-0.29945
-0.29945
-0.29945
-0.29945
-0.29945
-0.29945
-0.29945
-0.29945
-0.29945
-0.29945
-0.29945
-0.29945
-0.29945
-0.29945
-0.29945
-0.29945
-0.29945
-0.29945
-0.29945
-0.29945
-0.29945
-0.29945
-0.29945
-0.29945
-0.29945
-0.29945
-0.29945
-0.29945
-0.29945
-0.29945
-0.29945
-0.29945
-0.29945
-0.29945
-0.29945
-0.29945
-0.29945
-0.29945
-0.29945
-0.29945
-0.29945
-0.29945
-0.29945
-0.29945
-0.29945
-0.29945
-0.29945
-0.29945
-0.29945
-0.29945
-0.29945
-0.29945
-0.29945
-0.29945
-0.29945
-0.29945
-0.29945
-0.29945
-0.29945
-0.29945
-0.29945
-0.29945
-0.29945
-0.29945
-0.29945
-0.29945
-0.29945
-0.29945
-0.29945
-0.29945
-0.29945
-0.29945
-0.29945
-0.29945
-0.29945
-0.29945
-0.29945
-0.29945
-0.29945
-0.29945
-0.29945
-0.29945
-0.29945
-0.29945
-0.29945
-0.29945
-0.29945
-0.29945
-0.29945
-0.29945
-0.29945
-0.29945
-0.29945
-0.29945
-0.29945
-0.29945
-0.29945
-0.29945
-0.29945
-0.29945
-0.29945
-0.29945
-0.29945
-0.29945
-0.29945
-0.29945
-0.29945
-0.29945
-0.29945
-0.29945
-0.29945
-0.29945
-0.29945
-0.29945
-0.29945
-0.29945
-0.29945
-0.29945
-0.29945
-0.29945
-0.29945
-0.29945
-0.29945
-0.29945
-0.29945
-0.29945
-80.00000
-80.00000
-80.00000
-80.00000
-80.00000
-80.00000
-80.00000
-80.00000
-80.00000
-80.00000
-80.00000
-80.00000
-80.00000
-80.00000
-80.00000
-80.00000
-80.00000
-80.00000
-80.00000
-80.00000
-80.00000
-80.00000
-80.00000
-80.00000
-80.00000
-80.00000
-80.00000
-80.00000
-80.00000
-80.00000
-80.00000
-80.00000
-80.00000
-80.00000
-80.00000
-80.00000
-80.00000
-80.00000
-80.00000
-80.00000
-80.00000
-80.00000
-80.00000
-80.00000
-80.00000
-80.00000
-80.00000
-80.00000
-80.00000
-80.00000
-80.00000
-80.00000
-80.00000
-80.00000
-80.00000
-80.00000
-80.00000
-80.00000
-80.00000
-80.00000
-80.00000
-80.00000
-80.00000
-80.00000
-80.00000
-80.00000
-80.00000
-80.00000
-80.00000
-80.00000
-80.00000
-80.00000
-80.00000
-80.00000
-80.00000
-80.00000
-80.00000
-80.00000
-80.00000
-80.00000
-80.00000
-80.00000
-80.00000
-80.00000
-80.00000
-80.00000
-80.00000
-80.00000
-80.00000
-80.00000
-80.00000
-80.00000
-80.00000
-80.00000
-80.00000
-80.00000
-80.00000
-80.00000
-80.00000
-80.00000
-80.00000
-80.00000
-80.00000
-80.00000
-80.00000
-80.00000
-80.00000
-80.00000
-80.00000
-80.00000
-80.00000
-80.00000
-80.00000
-80.00000
-80.00000
-80.00000
-80.00000
-80.00000
-80.00000
-80.00000
-80.00000
-80.00000
-80.00000
-80.00000
-80.00000
-80.00000
-80.00000
-80.00000
-80.00000
-80.00000
-80.00000
-80.00000
-80.00000
-80.00000
-80.00000
-80.00000
-80.00000
-80.00000
-80.00000
-80.00000
-80.00000
-80.00000
-80.00000
-80.00000
-80.00000
-80.00000
-80.00000
-80.00000
-80.00000
-80.00000
-80.00000
-80.00000
-80.00000
-80.00000
-80.00000
-80.00000
-80.00000
-80.00000
-80.00000
-80.00000
-80.00000
-80.00000
-80.00000
-80.00000
-80.00000
-80.00000
-80.00000
-80.00000
-80.00000
-80.00000
-80.00000
-80.00000
-80.00000
-80.00000
-80.00000
-80.00000
-80.00000
-80.00000
-80.00000
-80.00000
-80.00000
-80.00000
-80.00000
-80.00000
-80.00000
-80.00000
-80.00000
-80.00000
-80.00000
-80.00000
-80.00000
-80.00000
-80.00000
-80.00000
-80.00000
-80.00000
-80.00000
-80.00000
-80.00000
-80.00000
-80.00000
-80.00000
-80.00000
-80.00000
-80.00000
-80.00000
-80.00000
-80.00000
-80.00000
-80.00000
-80.00000
-80.00000
-80.00000
-80.00000
-80.00000
-80.00000
-80.00000
-80.00000
-80.00000
-80.00000
-80.00000
-80.00000
-80.00000
-80.00000
-80.00000
-80.00000
-80.00000
-80.00000
-80.00000
-80.00000
-80.00000
-80.00000
-80.00000
-80.00000
-80.00000
-80.00000
-80.00000
-80.00000
-80.00000
-80.00000
-80.00000
-80.00000
-80.00000
-80.00000
-80.00000
-80.00000
-80.00000
-80.00000
-80.00000
-80.00000
-80.00000
-80.00000
-80.00000
-80.00000
-80.00000
-80.00000
-80.00000
-80.00000
-80.00000
-80.00000
-80.00000
-80.00000
-80.00000
-80.00000
-80.00000
-80.00000
-80.00000
-80.00000
-80.00000
-80.00000
-80.00000
-80.00000
-80.00000
-80.00000
-80.00000
-80.00000
-80.00000
-80.00000
-80.00000
-80.00000
-80.00000
-80.00000
-80.00000
-80.00000
-80.00000
-80.00000
-80.00000
-80.00000
-80.00000
-80.00000
-80.00000
-80.00000
-80.00000
-80.00000
-80.00000
-80.00000
-80.00000
-80.00000
-80.00000
-80.00000
-80.00000
-80.00000
-80.00000
-80.00000
-80.00000
-80.00000
-80.00000
-80.00000
-80.00000
-80.00000
-80.00000
-80.00000
-80.00000
-80.00000
-80.00000
-80.00000
-80.00000
-80.00000
-80.00000
-80.00000
-80.00000
-80.00000
-80.00000
-80.00000
-80.00000
-80.00000
-80.00000
-80.00000
-80.00000
-80.00000
-80.00000
-80.00000
-80.00000
-80.00000
-80.00000
-80.00000
-80.00000
-80.00000
-80.00000
-80.00000
-80.00000
-80.00000
-80.00000
-80.00000
-80.00000
-80.00000
-80.00000
-80.00000
-80.00000
-80.00000
-80.00000
-80.00000
-80.00000
-80.00000
-80.00000
-80.00000
-80.00000
-80.00000
-80.00000
-80.00000
-80.00000
-80.00000
-80.00000
-80.00000
-80.00000
-80.00000
-80.00000
-80.00000
-80.00000
-80.00000
-80.00000
-80.00000
-80.00000
-80.00000
-80.00000
-80.00000
-80.00000
-80.00000
-80.00000
-80.00000
-80.00000
-80.00000
-80.00000
-80.00000
-80.00000
-80.00000
-80.00000
-80.00000
-80.00000
-80.00000
-80.00000
-80.00000
-80.00000
-80.00000
-80.00000
-80.00000
-80.00000
-80.00000
-80.00000
-80.00000
-80.00000
-80.00000
-80.00000
-80.00000
-80.00000
-80.00000
-80.00000
-80.00000
-80.00000
-80.00000
-80.00000
-80.00000
-80.00000
-80.00000
-80.00000
-80.00000
-80.00000
-80.00000
-80.00000
-80.00000
-80.00000
-80.00000
-80.00000
-80.00000
-80.00000
-80.00000
-80.00000
-80.00000
-80.00000
-80.00000
-80.00000
-80.00000
-80.00000
-80.00000
-80.00000
-80.00000
-80.00000
-80.00000
-80.00000
-80.00000
-80.00000
-80.00000
-80.00000
-80.00000
-80.00000
-80.00000
-80.00000
-80.00000
-80.00000
-80.00000
-80.00000
-80.00000
-80.00000
-80.00000
-80.00000
-80.00000
-80.00000
-80.00000
-80.00000
-80.00000
-80.00000
-80.00000
-80.00000
-80.00000
-80.00000
-80.00000
-80.00000
-80.00000
-80.00000
-80.00000
-80.00000
-80.00000
-80.00000
-80.00000
-80.00000
-80.00000
-80.00000
-80.00000
-80.00000
-80.00000
-80.00000
-80.00000
-80.00000
-80.00000
-80.00000
-80.00000
-80.00000
-80.00000
-80.00000
-80.00000
-80.00000
-80.00000
-80.00000
-80.00000
-80.00000
-80.00000
-80.00000
-80.00000
-80.00000
-80.00000
-80.00000
-80.00000
-80.00000
-80.00000
-80.00000
-80.00000
-80.00000
-80.00000
-80.00000
-80.00000
-80.00000
-80.00000
-80.00000
-80.00000
-80.00000
-80.00000
-80.00000
-80.00000
-80.00000
-80.00000
-80.00000
-80.00000
-80.00000
-80.00000
-80.00000
-80.00000
-80.00000
-80.00000
-80.00000
-80.00000
-80.00000
-80.00000
-80.00000
-80.00000
-80.00000
-80.00000
-80.00000
-80.00000
-80.00000
-80.00000
-80.00000
-80.00000
-80.00000
-80.00000
-80.00000
-80.00000
-80.00000
-80.00000
-80.00000
-80.00000
-80.00000
-80.00000
-80.00000
-80.00000
-80.00000
-80.00000
-80.00000
-80.00000
-80.00000
-80.00000
-80.00000
-80.00000
-80.00000
-80.00000
-80.00000
-80.00000
-80.00000
-80.00000
-80.00000
-80.00000
-80.00000
-80.00000
-80.00000
-80.00000
-80.00000
-80.00000
-80.00000
-80.00000
-80.00000
-80.00000
-80.00000
-80.00000
-80.00000
-80.00000
-80.00000
-80.00000
-80.00000
-80.00000
-80.00000
-80.00000
-80.00000
-80.00000
-80.00000
-80.00000
-80.00000
-80.00000
-80.00000
-80.00000
-80.00000
-80.00000
-80.00000
-80.00000
-80.00000
-80.00000
-80.00000
-80.00000
-80.00000
-80.00000
-80.00000
-80.00000
-80.00000
-80.00000
-80.00000
-80.00000
-80.00000
-80.00000
-80.00000
-80.00000
-80.00000
-80.00000
-80.00000
-80.00000
-80.00000
-80.00000
-80.00000
-80.00000
-80.00000
-80.00000
-80.00000
-80.00000
-80.00000
-80.00000
-80.00000
-80.00000
-80.00000
-80.00000
-80.00000
-80.00000
-80.00000
-80.00000
-80.00000
-80.00000
-80.00000
-80.00000
-80.00000
-80.00000
-80.00000
-80.00000
-80.00000
-80.00000
-80.00000
-80.00000
-80.00000
-80.00000
-80.00000
-80.00000
-80.00000
-80.00000
-80.00000
-80.00000
-80.00000
-80.00000
-80.00000
-80.00000
-80.00000
-80.00000
-80.00000
-80.00000
-80.00000
-80.00000
-80.00000
-80.00000
-80.00000
-80.00000
-80.00000
-80.00000
-80.00000
-80.00000
-80.00000
-80.00000
-80.00000
-80.00000
-80.00000
-80.00000
-80.00000
-80.00000
-80.00000
-80.00000
-80.00000
-80.00000
-80.00000
-80.00000
-80.00000
-80.00000
-80.00000
-80.00000
-80.00000
-80.00000
-80.00000
-80.00000
-80.00000
-80.00000
-80.00000
-80.00000
-80.00000
-80.00000
-80.00000
-80.00000
-80.00000
-80.00000
-80.00000
-80.00000
-80.00000
-80.00000
-80.00000
-80.00000
-80.00000
-80.00000
-80.00000
-80.00000
-80.00000
-80.00000
-80.00000
-80.00000
-80.00000
-80.00000
-80.00000
-80.00000
-80.00000
-80.00000
-80.00000
-80.00000
-80.00000
-80.00000
-80.00000
-80.00000
-80.00000
-80.00000
-80.00000
-80.00000
-80.00000
-80.00000
-80.00000
-80.00000
-80.00000
-80.00000
-80.00000
-80.00000
-80.00000
-80.00000
-80.00000
-80.00000
-80.00000
-80.00000
-80.00000
-80.00000
-80.00000
-80.00000
-80.00000
-80.00000
-80.00000
-80.00000
-80.00000
-80.00000
-80.00000
-80.00000
-80.00000
-80.00000
-80.00000
-80.00000
-80.00000
-80.00000
-80.00000
-80.00000
-80.00000
-80.00000
-80.00000
-80.00000
-80.00000
-80.00000
-80.00000
-80.00000
-80.00000
-80.00000
-80.00000
-80.00000
-80.00000
-80.00000
-80.00000
-80.00000
-80.00000
-80.00000
-80.00000
-80.00000
-80.00000
-80.00000
-80.00000
-80.00000
-80.00000
-80.00000
-80.00000
-80.00000
-80.00000
-80.00000
-80.00000
-80.00000
-80.00000
-80.00000
-80.00000
-80.00000
-80.00000
-80.00000
-80.00000
-80.00000
-80.00000
-80.00000
-80.00000
-80.00000
-80.00000
-80.00000
-80.00000
-80.00000
-80.00000
-80.00000
-80.00000
-80.00000
-80.00000
-80.00000
-80.00000
-80.00000
-80.00000
-80.00000
-80.00000
-80.00000
-80.00000
-80.00000
-80.00000
-80.00000
-80.00000
-80.00000
-80.00000
-80.00000
-80.00000
-80.00000
-80.00000
-80.00000
-80.00000
-80.00000
-80.00000
-80.00000
-80.00000
-80.00000
-80.00000
-80.00000
-80.00000
-80.00000
-80.00000
-80.00000
-80.00000
-80.00000
-80.00000
-80.00000
-80.00000
-80.00000
-80.00000
-80.00000
-80.00000
-80.00000
-80.00000
-80.00000
-80.00000
-80.00000
-80.00000
-80.00000
-80.00000
-80.00000
-80.00000
-80.00000
-80.00000
-80.00000
-80.00000
-80.00000
-80.00000
-80.00000
-80.00000
-80.00000
-80.00000
-80.00000
-80.00000
-80.00000
-80.00000
-80.00000
-80.00000
-80.00000
-80.00000
-80.00000
-80.00000
-80.00000
-80.00000
-80.00000
-80.00000
-80.00000
-80.00000
-80.00000
-80.00000
-80.00000
-80.00000
-80.00000
-80.00000
-80.00000
-80.00000
-80.00000
-80.00000
-80.00000
-80.00000
-80.00000
-80.00000
-80.00000
-80.00000
-80.00000
-80.00000
-80.00000
-80.00000
-80.00000
-80.00000
-80.00000
-80.00000
-80.00000
-80.00000
-80.00000
-80.00000
-80.00000
-80.00000
-80.00000
-80.00000
-80.00000
-80.00000
-80.00000
-80.00000
-80.00000
-80.00000
-80.00000
-80.00000
-80.00000
-80.00000
-80.00000
-80.00000
-80.00000
-80.00000
-80.00000
-80.00000
-80.00000
-80.00000
-80.00000
-80.00000
-80.00000
-80.00000
-80.00000
-80.00000
-80.00000
-80.00000
-80.00000
-80.00000
-80.00000
-80.00000
-80.00000
-80.00000
-80.00000
-80.00000
-80.00000
-80.00000
-80.00000
-80.00000
-80.00000
-80.00000
-80.00000
-80.00000
-80.00000
-80.00000
-80.00000
-80.00000
-80.00000
-80.00000
-80.00000
-80.00000
-80.00000
-80.00000
-80.00000
-80.00000
-80.00000
-80.00000
-80.00000
-80.00000
-80.00000
-80.00000
-80.00000
-79.98943
-79.94299
-79.94299
-79.82834
-79.60385
-79.25915
-78.80260
-78.26372
-77.65077
-76.98214
-76.26835
-75.51713
-74.73994
-73.94223
-73.12329
-72.28641
-71.43423
-70.57282
-69.69403
-68.80125
-67.89749
-66.99313
-66.08953
-65.19242
-64.29709
-63.40141
-62.50315
-61.59762
-60.68170
-59.76458
-58.83980
-57.90897
-56.97211
-56.02952
-55.08250
-54.13243
-53.17692
-52.22443
-51.26613
-50.30453
-49.34315
-48.38007
-47.41494
-46.45023
-45.48319
-44.52221
-43.55757
-42.59334
-41.62691
-40.66052
-39.69361
-38.72610
-37.75581
-36.79229
-35.82445
-34.85524
-33.88678
-32.91948
-31.95098
-30.98848
-30.02507
-29.06734
-28.10309
-27.13688
-26.17015
-25.20220
-24.23380
-23.26521
-22.29347
-21.32733
-20.35595
-19.38228
-18.41516
-17.45095
-16.48830
-15.52534
-14.55990
-13.60024
-12.63606
-11.67137
-10.70588
-9.74040
-8.77404
-7.80606
-6.83845
-5.87600
-4.91010
-3.94368
-2.97591
-2.01022
-1.04243
-0.07962
0.88889
1.85348
2.82019
3.78360
4.74617
5.70792
6.66987
7.63386
8.58899
9.52814
10.46112
11.39456
12.33074
13.25973
14.17519
14.17519
15.06935
15.93465
16.75861
17.51838
18.17375
18.69735
19.10622
19.38298
19.54948
19.61440
19.55113
19.34377
19.02246
18.61468
18.14262
17.62459
17.05664
16.43980
15.80368
15.15335
14.51859
13.91320
13.32849
12.75528
12.19670
11.65585
11.19070
10.81663
10.53035
10.53035
10.32059
10.17708
10.09698
10.11883
10.26421
10.50610
10.82546
11.21456
11.67371
12.19620
12.76357
13.36777
13.98583
14.59786
15.22801
15.87572
16.53584
17.14038
17.65709
18.08017
18.41288
18.65973
18.84014
18.95702
19.01080
18.96405
18.79721
18.53448
18.19750
17.79305
17.31720
16.77933
16.19464
15.57154
14.94225
14.32813
13.73283
13.14967
12.56626
12.04545
11.60844
11.25387
10.96606
10.73541
10.56116
10.44574
10.43413
10.55326
10.77835
11.08565
11.46011
11.90119
12.41053
12.96501
13.55885
14.16433
14.76461
15.37969
16.01225
16.65712
17.24685
17.74445
18.15141
18.46888
18.70752
18.88179
18.99295
19.04202
18.99042
18.81918
18.55294
18.21422
17.80642
17.32978
16.79126
16.20572
15.58066
14.95336
14.33793
13.74421
13.15828
12.57542
12.05443
11.61769
11.26314
10.97654
10.74580
10.57164
10.45540
10.44361
10.55694
10.77260
11.07443
11.44163
11.87786
12.38279
12.93344
13.52318
14.12404
14.72355
15.33715
15.96321
16.62118
17.27524
17.86485
18.35452
18.74074
19.02930
19.23507
19.36446
19.42304
19.41260
19.30450
19.08390
18.77725
18.40547
17.96330
17.44184
16.85627
16.21323
15.54236
14.85022
14.16250
13.49910
12.87032
12.27870
11.71634
11.18090
10.71783
10.34644
10.06118
9.84805
9.69908
9.62039
9.60663
9.65570
9.79791
10.05208
10.39421
10.80359
11.26971
11.78955
12.36650
12.99159
13.63693
14.29232
14.93894
15.56991
16.20251
16.83147
17.45766
18.06895
18.60878
19.04660
19.38436
19.62855
19.79050
19.87946
19.90060
19.85537
19.74520
19.54713
19.24762
18.86914
18.42995
17.93621
17.38467
16.77772
16.12604
15.45238
14.76940
14.10023
13.46091
12.86286
12.28535
11.73056
11.20191
10.70498
10.28438
9.95827
9.71941
9.55933
9.46867
9.44501
9.48737
9.62522
9.87341
10.20923
10.61205
11.07100
11.59353
12.17325
12.80581
13.46039
14.12645
14.78437
15.42376
16.05885
16.69973
17.33407
17.95957
18.51446
18.96701
19.31944
19.57813
19.74995
19.84952
19.88012
19.84329
19.74057
19.54951
19.25667
18.87756
18.44631
17.95423
17.40527
16.80093
16.15067
15.47893
14.79746
14.12816
13.49326
12.89492
12.31992
11.76638
11.23829
10.74158
10.26428
10.26428
9.90222
9.73251
9.75856
9.96970
10.33146
10.79558
11.32424
11.88718
12.48280
13.12483
13.82102
14.56723
15.35583
16.18250
17.04316
17.93820
18.86196
19.80336
20.75324
21.69568
22.63118
23.56132
24.48784
25.41156
26.32739
27.24046
28.15161
29.06750
29.99318
30.92865
31.87455
32.82458
33.78134
34.73754
35.70346
36.67292
37.64626
38.62539
39.60506
40.58709
41.57259
42.55272
43.53804
44.52379
45.51027
46.49712
47.48491
48.47317
49.46326
50.45202
51.44187
52.43145
53.42191
54.41195
55.40189
56.39129
57.38283
58.37196
59.36170
60.35143
61.34151
62.33175
63.32147
64.31111
65.30317
66.28894
67.27887
68.26892
69.25930
70.24899
71.23706
72.22716
73.22098
74.20666
75.19723
76.18827
77.17851
78.16902
79.15726
80.14334
81.13026
82.11503
83.10103
84.08817
85.07653
86.06503
87.05384
88.04379
89.03696
90.02741
91.01946
92.01118
93.00292
93.99475
94.98765
95.97989
96.97384
97.96572
98.95295
99.93777
100.92223
101.90670
102.87704
103.83639
104.79826
105.76447
106.72485
107.67236
108.59806
109.48613
110.32658
111.11045
111.80803
112.38206
112.83074
113.15616
113.36559
113.46626
113.42611
113.22676
112.90021
112.47938
111.98453
111.43836
110.85699
110.24396
109.60801
108.97703
108.35481
107.72132
107.07729
106.42988
105.78619
105.21058
104.73609
104.36274
104.08405
103.89366
103.77400
103.72095
103.73261
103.84158
104.06676
104.38213
104.76648
105.21303
105.72098
106.28943
106.89786
107.53543
108.17375
108.79185
109.40020
109.98763
110.56608
111.07926
111.50791
111.85296
112.13175
112.34926
112.50914
112.60988
112.60679
112.47438
112.23846
111.92105
111.53915
111.08834
110.57275
110.01381
109.41796
108.81135
108.20826
107.59126
106.95700
106.31065
105.72009
105.21967
104.81313
104.49722
104.25974
104.08686
103.97664
103.93052
103.98508
104.15786
104.42464
104.76328
105.17157
105.64945
106.18949
106.77531
107.40058
108.03030
108.64651
109.24080
109.83303
110.41830
110.94158
111.38019
111.73656
112.02500
112.25629
112.43031
112.54682
112.55887
112.43986
112.21554
111.90722
111.53128
111.08786
110.57741
110.02098
109.42621
108.81864
108.21754
107.60008
106.96940
106.32396
105.73484
105.23435
104.82888
104.51143
104.27230
104.09805
103.98716
103.93821
103.98960
104.16150
104.42797
104.76647
105.17462
105.65285
106.18906
106.77406
107.39763
108.02784
108.64343
109.23723
109.82883
110.41613
110.93697
111.37678
111.73416
112.02413
112.25616
112.43153
112.54885
112.56137
112.44377
112.22000
111.91407
111.54068
111.10043
110.59249
110.03857
109.44421
108.84174
108.23708
107.62052
106.98640
106.34108
105.75255
105.25315
104.84434
104.52886
104.28964
104.11557
104.00403
103.95536
104.00693
104.17920
104.44686
104.78528
105.19408
105.67165
106.21430
106.79824
107.42234
108.05336
108.67081
109.26253
109.84914
110.43194
110.95313
111.39008
111.74408
112.03188
112.26304
112.43629
112.55256
112.56419
112.44501
112.21967
111.91142
111.53548
111.09165
110.58132
110.02476
109.42970
108.82237
108.22169
107.60606
106.97327
106.32574
105.73927
105.23899
104.83188
104.51449
104.27565
104.10122
103.98983
103.94108
103.99282
104.16513
104.43256
104.77264
105.18140
105.65895
106.19881
106.78573
107.40910
108.03930
108.65527
109.24992
109.83651
110.41986
110.94096
111.37941
111.73458
112.02319
112.25436
112.42872
112.54539
112.55795
112.43968
112.21496
111.90875
111.53557
111.09448
110.58820
110.03424
109.44107
108.83628
108.23002
107.61628
106.98265
106.33797
105.67381
104.90236
104.07258
103.21114
102.33259
101.45431
100.57383
99.69237
98.80863
97.92626
97.04137
96.15610
95.26869
94.38381
93.49769
92.61077
91.72435
90.83783
89.95106
89.06406
88.17482
87.28834
86.40033
85.51353
84.62821
83.74118
82.85420
81.96695
81.07793
80.19029
79.30699
78.42331
77.50474
76.61628
75.72202
74.82556
73.93417
73.04319
72.15079
71.25661
70.36652
69.47240
68.57711
67.68179
66.78667
65.89178
64.99593
64.09944
63.20303
62.30679
61.41032
60.51432
59.61650
58.72437
57.82826
56.93231
56.04119
55.15312
54.26720
53.38205
52.49504
51.61029
50.72459
49.83802
48.95180
48.06548
47.17908
46.29263
45.40415
44.52142
43.63460
42.74915
41.86214
40.97515
40.08804
39.20463
38.31997
37.43557
36.55052
35.66317
34.77382
33.88327
32.99215
32.09998
31.20641
30.31358
29.41885
28.52493
27.62995
26.73542
25.84058
24.94556
24.04908
23.15426
22.25858
21.36139
20.46558
19.56930
18.67293
17.77643
16.87809
15.98606
15.09566
14.20865
13.32294
12.43875
11.55354
10.66811
9.77982
8.89732
8.00799
7.12173
6.23455
5.34757
4.46064
3.57216
2.68306
1.79954
0.91203
0.02485
-0.86242
-1.75028
-2.63502
-3.51847
-4.40469
-5.29004
-6.17738
-7.09002
-7.98093
-8.89004
-9.78280
-10.67370
-11.56968
-12.45996
-13.35471
-14.25006
-15.14527
-16.04152
-16.93772
-17.83346
-18.73102
-19.62674
-20.52365
-21.41576
-22.30339
-23.18991
-24.07528
-24.96095
-25.84990
-26.77372
-27.73976
-28.68150
-29.55314
-30.32452
-30.97626
-31.60039
-32.24213
-32.94253
-33.76825
-34.67478
-35.59063
-36.44331
-37.17092
-37.88305
-38.72096
-39.47652
-40.04654
-40.39272
-40.49572
-40.35637
-39.99445
-39.44647
-38.78655
-38.08026
-37.34931
-36.60893
-35.86900
-35.12073
-34.36149
-33.62322
-32.91406
-32.23132
-31.55789
-30.89565
-30.24729
-29.61376
-29.05493
-28.60638
-28.26268
-28.02054
-27.86914
-27.80071
-27.84325
-28.01408
-28.28633
-28.63658
-29.05131
-29.53156
-30.07373
-30.65510
-31.26658
-31.88291
-32.48795
-33.09959
-33.71834
-34.33733
-34.90071
-35.37831
-35.76918
-36.07608
-36.31676
-36.49462
-36.56444
-36.50453
-36.33900
-36.09085
-35.76465
-35.36065
-34.88537
-34.36016
-33.78985
-33.20739
-32.61597
-32.00258
-31.36004
-30.70388
-30.04134
-29.43890
-28.93202
-28.52921
-28.22396
-28.01199
-27.88181
-27.86159
-27.96680
-28.17113
-28.45198
-28.80979
-29.24696
-29.75711
-30.33290
-30.94286
-31.57893
-32.21724
-32.84098
-33.45807
-34.07304
-34.63450
-35.11698
-35.51710
-35.84100
-36.10374
-36.30965
-36.45488
-36.49330
-36.40059
-36.20224
-35.92105
-35.56860
-35.14173
-34.64610
-34.10594
-33.52757
-32.93748
-32.34080
-31.72311
-31.08545
-30.43426
-29.78241
-29.19604
-28.70941
-28.32579
-28.04168
-27.85026
-27.74120
-27.74085
-27.86237
-28.07877
-28.37772
-28.74886
-29.19527
-29.71232
-30.29345
-30.90900
-31.55128
-32.18997
-32.81787
-33.42954
-34.04057
-34.59747
-35.07633
-35.47356
-35.80835
-36.09105
-36.31129
-36.47005
-36.57419
-36.54998
-36.34016
-35.96906
-35.47294
-34.89709
-34.29103
-33.70257
-33.17270
-32.72873
-32.37534
-32.10902
-31.90642
-31.75845
-31.66323
-31.61895
-31.62196
-31.66695
-31.74527
-31.84704
-31.96533
-32.08878
-32.20865
-32.31774
-32.40914
-32.47871
-32.52835
-32.55508
-32.55291
-32.52046
-32.45891
-32.36969
-32.25669
-32.12246
-31.96865
-31.79844
-31.61400
-31.41900
-31.21134
-30.98583
-30.75977
-30.52721
-30.28935
-30.04696
-29.80019
-29.55232
-29.30096
-29.04740
-28.79261
-28.53638
-28.27943
-28.02170
-27.76263
-27.50374
-27.24435
-26.98456
-26.72440
-26.46445
-26.20385
-25.94333
-25.68200
-25.42527
-25.17088
-24.91918
-24.66952
-24.42140
-24.17494
-23.92888
-23.68300
-23.43850
-23.19439
-22.95029
-22.70682
-22.46370
-22.22078
-21.97799
-21.73505
-21.49334
-21.25087
-21.00880
-20.76627
-20.52391
-20.28140
-20.03896
-19.79597
-19.55460
-19.31193
-19.06937
-18.82669
-18.58417
-18.34154
-18.09882
-17.85589
-17.61346
-17.37076
-17.12801
-16.88549
-16.63956
-16.39669
-16.15071
-15.90721
-15.66529
-15.42237
-15.17919
-14.93558
-14.68323
-14.41389
-14.12820
-13.82514
-13.54912
-13.33659
-13.17948
-13.06973
-13.00467
-13.04552
-13.24014
-13.56469
-13.99607
-14.51453
-15.12860
-15.82237
-16.54588
-17.27242
-17.98109
-18.65935
-19.29581
-19.89620
-20.46655
-20.95925
-21.34148
-21.62756
-21.81865
-21.93435
-21.97980
-21.95741
-21.86788
-21.71221
-21.46642
-21.11963
-20.70140
-20.22721
-19.69401
-19.10824
-18.47145
-17.79391
-17.10464
-16.41463
-15.74209
-15.09962
-14.49225
-13.90660
-13.34222
-12.84904
-12.44912
-12.13886
-11.90665
-11.74204
-11.64454
-11.61172
-11.64416
-11.77283
-12.01624
-12.34982
-12.75186
-13.21128
-13.72880
-14.30599
-14.93308
-15.58008
-16.23641
-16.88385
-17.50925
-18.12721
-18.73645
-19.33975
-19.87481
-20.31258
-20.65507
-20.90682
-21.08227
-21.19026
-21.23090
-21.17155
-20.99579
-20.72849
-20.39045
-19.97930
-19.49665
-18.94698
-18.35821
-17.73497
-17.10477
-16.48447
-15.86363
-15.23997
-14.66571
-14.16590
-13.74917
-13.40582
-13.11880
-12.88774
-12.71328
-12.64767
-12.71760
-12.89764
-13.16350
-13.50126
-13.91093
-14.39254
-14.92208
-15.49196
-16.07447
-16.66577
-17.27736
-17.91087
-18.55896
-19.20829
-19.79348
-20.27912
-20.66171
-20.94665
-21.13804
-21.24882
-21.25187
-21.13421
-20.92215
-20.63132
-20.26131
-19.81207
-19.29458
-18.71549
-18.10210
-17.46172
-16.81870
-16.19090
-15.57194
-14.95533
-14.39561
-13.91247
-13.51213
-13.18782
-12.92157
-12.71291
-12.56280
-12.52054
-12.61080
-12.80815
-13.08927
-13.44067
-13.86586
-14.35987
-14.89936
-15.47858
-16.06566
-16.66140
-17.27778
-17.91543
-18.56598
-19.21642
-19.80311
-20.29052
-20.67361
-20.95737
-21.14867
-21.25770
-21.25913
-21.13970
-20.92450
-20.63112
-20.26112
-19.81146
-19.28971
-18.70566
-18.08718
-17.44208
-16.79808
-16.16603
-15.54779
-14.93052
-14.36711
-13.88282
-13.48181
-13.15745
-12.89442
-12.68823
-12.54253
-12.50438
-12.59758
-12.79645
-13.07785
-13.43026
-13.85690
-14.35340
-14.89395
-15.47293
-16.06333
-16.65990
-17.27768
-17.91531
-18.56108
-19.21082
-19.79267
-20.27740
-20.65955
-20.94272
-21.13474
-21.24678
-21.25134
-21.13302
-20.91911
-20.62733
-20.25707
-19.80947
-19.29002
-18.70681
-18.09019
-17.44694
-16.80330
-16.17518
-15.55629
-14.94041
-14.37801
-13.89451
-13.49373
-13.16890
-12.90626
-12.70043
-12.55438
-12.51610
-12.60922
-12.80819
-13.08966
-13.44341
-13.86876
-14.36395
-14.90527
-15.48397
-16.07445
-16.67111
-17.28906
-17.92839
-18.57410
-19.22313
-19.80772
-20.29492
-20.67642
-20.95841
-21.14830
-21.25659
-21.29563
-21.22342
-21.01872
-20.71299
-20.33395
-19.88896
-19.37301
-18.78318
-18.12794
-17.40983
-16.63788
-15.82060
-14.96195
-14.07065
-13.15205
-12.20613
-11.24814
-10.26975
-9.29271
-8.32145
-7.36171
-6.41495
-5.47760
-4.54281
-3.61958
-2.69144
-1.75983
-0.83070
0.10000
1.03342
1.96962
2.90959
3.84404
4.77792
5.71347
6.65050
7.58870
8.51612
9.43730
10.35254
11.25986
12.17536
13.08710
13.99148
14.87898
15.73819
16.56463
17.33220
17.98837
18.52589
18.93707
19.22515
19.35574
19.30691
19.10934
18.79195
18.38609
17.91087
17.38723
16.82221
16.22400
15.60560
14.99023
14.39191
13.79215
13.18221
12.57549
12.03240
11.57624
11.20680
10.91603
10.68749
10.52189
10.41682
10.41839
10.55114
10.78843
11.10670
11.49294
11.94581
12.46507
13.02651
13.62056
14.22017
14.82108
15.43856
16.07219
16.71779
17.30431
17.80053
18.20346
18.51456
18.74663
18.90182
18.98940
18.97259
18.83172
18.59669
18.28700
17.90105
17.44044
16.91293
16.34392
15.74048
15.12844
14.52066
13.90619
13.28424
12.71182
12.21482
11.79620
11.45458
11.16884
10.93482
10.75810
10.68986
10.75702
10.93486
11.19946
11.53818
11.94884
12.42807
12.95657
13.52579
14.10879
14.69824
15.30857
15.94250
16.58036
17.22626
17.80830
18.29157
18.67196
18.95389
19.14414
19.25319
19.25478
19.13612
18.92356
18.63315
18.26296
17.81515
17.29572
16.71561
16.10219
15.46188
14.81732
14.18947
13.57176
12.95719
12.39614
11.91211
11.51374
11.18941
10.92316
10.71447
10.56420
10.52167
10.61226
10.81054
11.09120
11.44304
11.86851
12.36265
12.90251
13.48010
14.06981
14.66764
15.28214
15.92055
16.57213
17.22379
17.81083
18.29739
18.68096
18.96543
19.15577
19.26503
19.26423
19.14036
18.92102
18.62525
18.24825
17.79335
17.26455
16.67585
16.05022
15.40338
14.75339
14.11931
13.50321
12.88444
12.32453
11.84125
11.44101
11.12070
10.86077
10.65972
10.51800
10.48331
10.57999
10.78335
11.06886
11.42597
11.85676
12.35585
12.90113
13.48459
14.07502
14.67358
15.29230
15.92562
16.57010
17.21921
17.80364
18.28862
18.66921
18.95117
19.14085
19.24880
19.24928
19.12903
18.91305
18.61858
18.24779
17.79823
17.27368
16.68836
16.06855
15.42366
14.77746
14.14486
13.52597
12.90811
12.34478
11.86066
11.45939
11.13841
10.87788
10.67307
10.52866
10.49150
10.58561
10.78519
11.06709
11.42000
11.84685
12.34285
12.88346
13.46235
14.05258
14.64940
15.26668
15.90444
16.55775
17.20963
17.79468
18.28174
18.66557
18.94980
19.14135
19.25047
19.25188
19.13214
18.91488
18.62180
18.24983
17.80039
17.27601
16.69116
16.07252
15.42601
14.78150
14.15096
13.52994
12.91257
12.28133
11.72493
11.30701
11.05235
10.97412
11.06843
11.31672
11.68188
12.12227
12.60449
13.14276
13.74862
14.41601
15.15011
15.93487
16.76430
17.63273
18.53709
19.47481
20.44302
21.41356
22.37924
23.33531
24.28294
25.22355
26.16275
27.09253
28.01690
28.93263
29.85506
30.78041
31.71339
32.65655
33.60686
34.56324
35.52195
36.48045
37.44303
38.40907
39.37861
40.35060
41.32464
42.30000
43.27804
44.25631
45.23437
46.21502
47.19561
48.17690
49.15885
50.14039
51.12475
52.10706
53.08912
54.07113
55.05331
56.03402
57.01799
58.00136
58.98703
59.96727
60.95096
61.93474
62.91805
63.90133
64.88042
65.85779
66.83660
67.81422
68.79455
69.77627
70.75955
71.74326
72.72795
73.71076
74.69822
75.68284
76.66782
77.65342
78.63925
79.62639
80.61447
81.60180
82.59081
83.57872
84.56030
85.53940
86.50468
87.45862
88.41232
89.36523
90.32051
91.26230
92.19018
93.09229
93.96607
94.80210
95.57095
96.22399
96.75316
97.15357
97.43171
97.59544
97.65317
97.57446
97.34884
97.01323
96.59161
96.10546
95.57006
94.99309
94.37357
93.73224
93.08354
92.45228
91.85170
91.27547
90.71190
90.16275
89.63133
89.17340
88.80759
88.52864
88.32355
88.18498
88.10869
88.13422
88.28249
88.52875
88.85093
89.24054
89.70080
90.22616
90.79382
91.40139
92.02163
92.63712
93.26646
93.92865
94.59057
95.19287
95.71118
96.13534
96.46721
96.71451
96.89465
97.01134
97.07003
97.02876
96.86258
96.59672
96.25384
95.84551
95.36967
94.83225
94.24827
93.63193
93.00606
92.39575
91.80385
91.21823
90.63525
90.05920
89.48006
88.97416
88.55982
88.24094
88.01654
87.87868
87.81619
87.85915
88.01914
88.26605
88.58681
88.98321
89.44085
89.96428
90.54570
91.15630
91.78741
92.41459
93.04845
93.68115
94.31502
94.95032
95.52323
96.00310
96.38801
96.68517
96.91696
97.08876
97.19268
97.22937
97.16638
96.98607
96.71240
96.36816
95.94593
95.45426
94.90252
94.30236
93.65882
93.00519
92.36436
91.75297
91.15897
90.57776
89.99303
89.41737
88.91119
88.49979
88.17979
87.95143
87.81001
87.74428
87.78421
87.94095
88.18605
88.50664
88.89447
89.35115
89.88415
90.47129
91.08718
91.72209
92.35653
92.99678
93.64757
94.30394
94.94771
95.53012
96.01862
96.41174
96.71279
96.93254
97.09186
97.19160
97.23126
97.21070
97.09033
96.84958
96.51469
96.10788
95.64534
95.12734
94.55511
93.93465
93.28568
92.61994
91.96403
91.33610
90.74739
90.18310
89.63925
89.12045
88.63292
88.22174
87.90584
87.67832
87.52421
87.43996
87.42150
87.46853
87.61032
87.86343
88.20294
88.60826
89.07564
89.60034
90.18091
90.81392
91.46769
92.13373
92.79280
93.42984
94.07174
94.71433
95.35225
95.98002
96.53666
96.99057
97.34378
97.60231
97.77454
97.87122
97.89850
97.85798
97.75080
97.55481
97.25398
96.87527
96.43737
95.94490
95.39070
94.78381
94.13220
93.46115
92.78235
92.11700
91.48319
90.89026
90.31831
89.76531
89.23752
88.74095
88.32061
87.99439
87.75583
87.59528
87.50315
87.47777
87.51888
87.65467
87.90142
88.23975
88.64847
89.11632
89.64529
90.22964
90.86782
91.52516
92.19352
92.85431
93.49637
94.13200
94.76875
95.40183
96.02127
96.56992
97.01669
97.36200
97.61382
97.78070
97.87705
97.90489
97.86551
97.76036
97.56722
97.27224
96.89736
96.46569
95.97300
95.42407
94.81959
94.16842
93.49625
92.81473
92.14595
91.50864
90.91045
90.33478
89.78175
89.24931
88.74571
88.25933
87.81088
87.38572
86.98075
86.59492
86.22697
85.87541
85.54016
85.21869
84.90973
84.61640
84.33378
84.06311
83.80333
83.55431
83.31514
83.08312
82.85474
82.63059
82.40701
82.18474
81.96358
81.74339
81.52399
81.30510
81.08651
80.86984
80.65294
80.43636
80.22014
80.00451
79.78904
79.57401
79.35832
79.14460
78.93011
78.71576
78.50191
78.28801
78.07447
77.86101
77.64743
77.43536
77.22158
77.00855
76.79556
76.58277
76.37010
76.15759
75.94473
75.73242
75.52004
75.30760
75.09502
74.88240
74.66981
74.45740
74.24469
74.03250
73.82020
73.60791
73.39600
73.18372
72.97145
72.75918
72.54669
72.33466
72.12254
71.91054
71.69834
71.48598
71.27377
71.06157
70.84896
70.63573
70.42325
70.20216
69.98947
69.77700
69.56432
69.35196
69.13955
68.92802
68.71531
68.50274
68.29032
68.07760
67.86511
67.65267
67.44013
67.22789
67.01561
66.80339
66.59107
66.37865
66.16625
65.95373
65.74080
65.52937
65.31695
65.10426
64.89133
64.67853
64.46560
64.25261
64.03943
63.82793
63.61526
63.40235
63.18946
62.97669
62.76400
62.55099
62.33758
62.12610
61.91381
61.70125
61.48851
61.27603
61.06348
60.85085
60.63734
60.42505
60.21222
59.99971
59.78689
59.57437
59.36183
59.14902
58.93608
58.72453
58.51202
58.29950
58.08699
57.87454
57.66218
57.44977
57.23732
57.02502
56.81256
56.59993
56.38738
56.17481
55.96224
55.74961
55.53646
55.32496
55.11247
54.90000
54.68720
54.47468
54.26212
54.04957
53.83645
53.62495
53.41211
53.19935
52.98680
52.77434
52.56198
52.34953
52.13651
51.92499
51.71247
51.49997
51.28743
51.07498
50.86257
50.65003
50.43746
50.22518
50.01431
49.80459
49.59554
49.38772
49.17986
48.97224
48.76451
48.55850
48.35187
48.14565
47.93945
47.73352
47.52768
47.32204
47.11601
46.91167
46.70659
46.50146
46.29645
46.09146
45.88667
45.68207
45.47688
45.27240
45.06792
44.86343
44.65881
44.45445
44.25009
44.04578
43.84093
43.63752
43.43322
43.22896
43.02461
42.82024
42.61594
42.41161
42.20704
42.00404
41.79982
41.59517
41.39083
41.18650
40.98201
40.77747
40.57286
40.36889
40.16480
39.96057
39.75621
39.55161
39.34707
39.14263
38.93786
38.73444
38.53022
38.32597
38.12149
37.91672
37.71254
37.50898
37.30402
37.09922
36.89478
36.69045
36.48587
36.28135
36.07661
35.87211
35.66694
35.46337
35.25886
35.05437
34.85022
34.64554
34.44075
34.23613
34.03129
33.82774
33.62307
33.41845
33.21379
33.00916
32.80459
32.60010
32.39511
32.19068
31.98612
31.78181
31.57731
31.37271
31.16794
30.96337
30.75833
30.55466
30.35006
30.14539
29.94082
29.73619
29.53146
29.32694
29.12183
28.91784
28.71313
28.50844
28.30401
28.09968
27.89519
27.69083
27.48600
27.28169
27.07712
26.87219
26.66765
26.46306
26.25842
26.05385
25.84872
25.64502
25.44045
25.23578
25.03135
24.82688
24.62298
24.41880
24.21351
24.00900
23.80279
23.59608
23.38883
23.18107
22.97259
22.76374
22.55407
22.34549
22.13563
21.92538
21.71471
21.50404
21.29310
21.08184
20.87021
20.65893
20.44746
20.23546
20.02322
19.81187
19.59957
19.38729
19.17458
18.96318
18.75115
18.53873
18.32646
18.11441
17.90237
17.68677
17.47334
17.26102
17.04816
16.83550
16.62263
16.40989
16.19681
15.98408
15.77074
15.55890
15.34608
15.13329
14.92066
14.70790
14.49492
14.28316
14.06986
13.85793
13.64508
13.43224
13.21961
13.00694
12.79432
12.58186
12.36896
12.15723
11.94457
11.73181
11.51906
11.30689
11.09424
10.88168
10.66921
10.45826
10.24856
10.03909
9.83134
9.62330
9.41571
9.20844
9.00098
8.79522
8.58882
8.38243
8.17640
7.97060
7.76502
7.55958
7.35386
7.14969
6.94474
6.73970
6.53448
6.32950
6.12470
5.91998
5.71506
5.51056
5.30621
5.10181
4.89760
4.69292
4.48852
4.28418
4.07932
3.87572
3.66695
3.46266
3.25853
3.05450
2.85058
2.64670
2.44149
2.23730
2.03154
1.82505
1.61805
1.41060
1.20262
0.99404
0.78462
0.57616
0.57616
0.37290
0.17634
-0.01335
-0.19629
-0.37285
-0.54276
-0.70658
-0.86283
-1.01297
-1.15631
-1.29304
-1.42328
-1.54682
-1.66386
-1.77442
-1.87766
-1.97489
-2.06540
-2.14924
-2.22650
-2.29708
-2.36118
-2.41865
-2.46939
-2.51361
-2.55115
-2.58210
-2.60641
-2.62413
-2.63524
-2.64079
-2.64357
-2.64495
-2.64564
-2.64599
-2.64617
-2.64625
-2.64630
-2.64632
-2.64633
-2.64633
-2.64634
-2.64634
-2.64634
-2.64634
-2.64634
-2.64634
-2.64634
-2.64634
-2.64634
-2.64634
-2.64634
-2.64634
-2.64634
-2.64634
-2.64634
-2.64634
-2.64634
-2.64634
-2.64634
-2.64634
-2.64634
-2.64634
-2.64634
-2.64634
-2.64634
-2.64634
-2.64634
-2.64634
-2.64634
-2.64634
-2.64634
-2.64634
-2.64634
-2.64634
-2.64634
-2.64634
-2.64634
-2.64634
-2.64634
-2.64634
-2.64634
-2.64634
-2.64634
-2.64634
-2.64634
-2.64634
-2.64634
-2.64634
-2.64634
-2.64634
-2.64634
-2.64634
-2.64634
-2.64634
-2.64634
-2.64634
-2.64634
-2.64634
-2.64634
-2.64634
-2.64634
-2.64634
-2.64634
-2.64634
-2.64634
-2.64634
-2.64634
-2.64634
-2.64634
-2.64634
-2.64634
-2.64634
-2.64634
-2.64634
-2.64634
-2.64634
-2.64634
-2.64634
-2.64634
-2.64634
-2.64634
-2.64634
-2.64634
-2.64634
-2.64634
-2.64634
-2.64634
-2.64634
-2.64634
-2.64634
-2.64634
-2.64634
-2.64634
-2.64634
-2.64634
-2.64634
-2.64634
-2.64634
-2.64634
-2.64634
-2.64634
-2.64634
-2.64634
-2.64634
-2.64634
-2.64634
-2.64634
-2.64634
-2.64634
-2.64634
-2.64634
-2.64634
-2.64634
-2.64634
-2.64634
-2.64634
-2.64634
-2.64634
-2.64634
-2.64634
-2.64634
-2.64634
-2.64634
-2.64634
-2.64634
-2.64634
-2.64634
-2.64634
-2.64634
-2.64634
-2.64634
-2.64634
-2.64634
-2.64634
-2.64634
-2.64634
-2.64634
-2.64634
-2.64634
-2.64634
-2.64634
-2.64634
-2.64634
-2.64634
-2.64634
-2.64634
-2.64634
-2.64634
-2.64634
-2.64634
-2.64634
-2.64634
-2.64634
-2.64634
-2.64634
-2.64634
-2.64634
-2.64634
-2.64634
-2.64634
-2.64634
-2.64634
-2.64634
-2.64634
-2.64634
-2.64634
-2.64634
-2.64634
-2.64634
-2.64634
-2.64634
-2.64634
-2.64634
-2.64634
-2.64634
-2.64634
-2.64634
-2.64634
-2.64634
-2.64634
-2.64634
-2.64634
-2.64634
-2.64634
-2.64634
-2.64634
-2.64634
-2.64634
-2.64634
-2.64634
-2.64634
-2.64634
-2.64634
-2.64634
-2.64634
-2.64634
-2.64634
-2.64634
-2.64634
-2.64634
-2.64634
-2.64634
-2.64634
-2.64634
-2.64634
-2.64634
-2.64634
-2.64634
-2.64634
-2.64634
-2.64634
-2.64634
-2.64634
-2.64634
-2.64634
-2.64634
-2.64634
-2.64634
-2.64634
-2.64634
-2.64634
-2.64634
-2.64634
-2.64634
-2.64634
-2.64634
-2.64634
-2.64634
-2.64634
-2.64634
-2.64634
-2.64634
-2.64634
-2.64634
-2.64634
-2.64634
-2.64634
-2.64634
-2.64634
-2.64634
-2.64634
-2.64634
-2.64634
-2.64634
-2.64634
-2.64634
-2.64634
-2.64634
-2.64634
-2.64634
-2.64634
-2.64634
-2.64634
-2.64634
-2.64634
-2.64634
-2.64634
-2.64634
-2.64634
-2.64634
-2.64634
-2.64634
-2.64634
-80.00000
-80.00000
-80.00000
-80.00000
-80.00000
-80.00000
-80.00000
-80.00000
-80.00000
-80.00000
-80.00000
-80.00000
-80.00000
-80.00000
-80.00000
-80.00000
-80.00000
-80.00000
-80.00000
-80.00000
-80.00000
-80.00000
-80.00000
-80.00000
-80.00000
-80.00000
-80.00000
-80.00000
-80.00000
-80.00000
-80.00000
-80.00000
-80.00000
-80.00000
-80.00000
-80.00000
-80.00000
-80.00000
-80.00000
-80.00000
-80.00000
-80.00000
-80.00000
-80.00000
-80.00000
-80.00000
-80.00000
-80.00000
-80.00000
-80.00000
-80.00000
-80.00000
-80.00000
-80.00000
-80.00000
-80.00000
-80.00000
-80.00000
-80.00000
-80.00000
-80.00000
-80.00000
-80.00000
-80.00000
-80.00000
-80.00000
-80.00000
-80.00000
-80.00000
-80.00000
-80.00000
-80.00000
-80.00000
-80.00000
-80.00000
-80.00000
-80.00000
-80.00000
-80.00000
-80.00000
-80.00000
-80.00000
-80.00000
-80.00000
-80.00000
-80.00000
-80.00000
-80.00000
-80.00000
-80.00000
-80.00000
-80.00000
-80.00000
-80.00000
-80.00000
-80.00000
-80.00000
-80.00000
-80.00000
-80.00000
-80.00000
-80.00000
-80.00000
-80.00000
-80.00000
-80.00000
-80.00000
-80.00000
-80.00000
-80.00000
-80.00000
-80.00000
-80.00000
-80.00000
-80.00000
-80.00000
-80.00000
-80.00000
-80.00000
-80.00000
-80.00000
-80.00000
-80.00000
-80.00000
-80.00000
-80.00000
-80.00000
-80.00000
-80.00000
-80.00000
-80.00000
-80.00000
-80.00000
-80.00000
-80.00000
-80.00000
-80.00000
-80.00000
-80.00000
-80.00000
-80.00000
-80.00000
-80.00000
-80.00000
-80.00000
-80.00000
-80.00000
-80.00000
-80.00000
-80.00000
-80.00000
-80.00000
-80.00000
-80.00000
-80.00000
-80.00000
-80.00000
-80.00000
-80.00000
-80.00000
-80.00000
-80.00000
-80.00000
-80.00000
-80.00000
-80.00000
-80.00000
-80.00000
-80.00000
-80.00000
-80.00000
-80.00000
-80.00000
-80.00000
-80.00000
-80.00000
-80.00000
-80.00000
-80.00000
-80.00000
-80.00000
-80.00000
-80.00000
-80.00000
-80.00000
-80.00000
-80.00000
-80.00000
-80.00000
-80.00000
-80.00000
-80.00000
-80.00000
-80.00000
-80.00000
-80.00000
-80.00000
-80.00000
-80.00000
-80.00000
-80.00000
-80.00000
-80.00000
-80.00000
-80.00000
-80.00000
-80.00000
-80.00000
-80.00000
-80.00000
-80.00000
-80.00000
-80.00000
-80.00000
-80.00000
-80.00000
-80.00000
-80.00000
-80.00000
-80.00000
-80.00000
-80.00000
-80.00000
-80.00000
-80.00000
-80.00000
-80.00000
-80.00000
-80.00000
-80.00000
-80.00000
-80.00000
-80.00000
-80.00000
-80.00000
-80.00000
-80.00000
-80.00000
-80.00000
-80.00000
-80.00000
-80.00000
-80.00000
-80.00000
-80.00000
-80.00000
-80.00000
-80.00000
-80.00000
-80.00000
-80.00000
-80.00000
-80.00000
-80.00000
-80.00000
-80.00000
-80.00000
-80.00000
-80.00000
-80.00000
-80.00000
-80.00000
-80.00000
-80.00000
-80.00000
-80.00000
-80.00000
-80.00000
-80.00000
-80.00000
-80.00000
-80.00000
-80.00000
-80.00000
-80.00000
-80.00000
-80.00000
-80.00000
-80.00000
-80.00000
-80.00000
-80.00000
-80.00000
-80.00000
-80.00000
-80.00000
-80.00000
-80.00000
-80.00000
-80.00000
-80.00000
-80.00000
-80.00000
-80.00000
-80.00000
-80.00000
-80.00000
-80.00000
-80.00000
-80.00000
-80.00000
-80.00000
-80.00000
-80.00000
-80.00000
-80.00000
-80.00000
-80.00000
-80.00000
-80.00000
-80.00000
-80.00000
-80.00000
-80.00000
-80.00000
-80.00000
-80.00000
-80.00000
-80.00000
-80.00000
-80.00000
-80.00000
-80.00000
-80.00000
-80.00000
-80.00000
-80.00000
-80.00000
-80.00000
-80.00000
-80.00000
-80.00000
-80.00000
-80.00000
-80.00000
-80.00000
-80.00000
-80.00000
-80.00000
-80.00000
-80.00000
-80.00000
-80.00000
-80.00000
-80.00000
-80.00000
-80.00000
-80.00000
-80.00000
-80.00000
-80.00000
-80.00000
-80.00000
-80.00000
-80.00000
-80.00000
-80.00000
-80.00000
-80.00000
-80.00000
-80.00000
-80.00000
-80.00000
-80.00000
-80.00000
-80.00000
-80.00000
-80.00000
-80.00000
-80.00000
-80.00000
-80.00000
-80.00000
-80.00000
-80.00000
-80.00000
-80.00000
-80.00000
-80.00000
-80.00000
-80.00000
-80.00000
-80.00000
-80.00000
-80.00000
-80.00000
-80.00000
-80.00000
-80.00000
-80.00000
-80.00000
-80.00000
-80.00000
-80.00000
-80.00000
-80.00000
-80.00000
-80.00000
-80.00000
-80.00000
-80.00000
-80.00000
-80.00000
-80.00000
-80.00000
-80.00000
-80.00000
-80.00000
-80.00000
-80.00000
-80.00000
-80.00000
-80.00000
-80.00000
-80.00000
-80.00000
-80.00000
-80.00000
-80.00000
-80.00000
-80.00000
-80.00000
-80.00000
-80.00000
-80.00000
-80.00000
-80.00000
-80.00000
-80.00000
-80.00000
-80.00000
-80.00000
-80.00000
-80.00000
-80.00000
-80.00000
-80.00000
-80.00000
-80.00000
-80.00000
-80.00000
-80.00000
-80.00000
-80.00000
-80.00000
-80.00000
-80.00000
-80.00000
-80.00000
-80.00000
-80.00000
-80.00000
-80.00000
-80.00000
-80.00000
-80.00000
-80.00000
-80.00000
-80.00000
-80.00000
-80.00000
-80.00000
-80.00000
-80.00000
-80.00000
-80.00000
-80.00000
-80.00000
-80.00000
-80.00000
-80.00000
-80.00000
-80.00000
-80.00000
-80.00000
-80.00000
-80.00000
-80.00000
-80.00000
-80.00000
-80.00000
-80.00000
-80.00000
-80.00000
-80.00000
-80.00000
-80.00000
-80.00000
-80.00000
-80.00000
-80.00000
-80.00000
-80.00000
-80.00000
-80.00000
-80.00000
-80.00000
-80.00000
-80.00000
-80.00000
-80.00000
-80.00000
-80.00000
-80.00000
-80.00000
-80.00000
-80.00000
-80.00000
-80.00000
-80.00000
-80.00000
-80.00000
-80.00000
-80.00000
-80.00000
-80.00000
-80.00000
-80.00000
-80.00000
-80.00000
-80.00000
-80.00000
-80.00000
-80.00000
-80.00000
-80.00000
-80.00000
-80.00000
-80.00000
-80.00000
-80.00000
-80.00000
-80.00000
-80.00000
-80.00000
-80.00000
-80.00000
-80.00000
-80.00000
-80.00000
-80.00000
-80.00000
-80.00000
-80.00000
-80.00000
-80.00000
-80.00000
-80.00000
-80.00000
-80.00000
-80.00000
-80.00000
-80.00000
-80.00000
-80.00000
-80.00000
-80.00000
-80.00000
-80.00000
-80.00000
-80.00000
-80.00000
-80.00000
-80.00000
-80.00000
-80.00000
-80.00000
-80.00000
-80.00000
-80.00000
-80.00000
-80.00000
-80.00000
-80.00000
-80.00000
-80.00000
-80.00000
-80.00000
-80.00000
-80.00000
-80.00000
-80.00000
-80.00000
-80.00000
-80.00000
-80.00000
-80.00000
-80.00000
-80.00000
-80.00000
-80.00000
-80.00000
-80.00000
-80.00000
-80.00000
-80.00000
-80.00000
-80.00000
-80.00000
-80.00000
-80.00000
-80.00000
-80.00000
-80.00000
-80.00000
-80.00000
-80.00000
-80.00000
-80.00000
-80.00000
-80.00000
-80.00000
-80.00000
-80.00000
-80.00000
-80.00000
-80.00000
-80.00000
-80.00000
-80.00000
-80.00000
-80.00000
-80.00000
-80.00000
-80.00000
-80.00000
-80.00000
-80.00000
-80.00000
-80.00000
-80.00000
-80.00000
-80.00000
-80.00000
-80.00000
-80.00000
-80.00000
-80.00000
-80.00000
-80.00000
-80.00000
-80.00000
-80.00000
-80.00000
-80.00000
-80.00000
-80.00000
-80.00000
-80.00000
-80.00000
-80.00000
-80.00000
-80.00000
-80.00000
-80.00000
-80.00000
-80.00000
-80.00000
-80.00000
-80.00000
-80.00000
-80.00000
-80.00000
-80.00000
-80.00000
-80.00000
-80.00000
-80.00000
-80.00000
-80.00000
-80.00000
-80.00000
-80.00000
-80.00000
-80.00000
-80.00000
-80.00000
-80.00000
-80.00000
-80.00000
-80.00000
-80.00000
-80.00000
-80.00000
-80.00000
-80.00000
-80.00000
-80.00000
-80.00000
-80.00000
-80.00000
-80.00000
-80.00000
-80.00000
-80.00000
-80.00000
-80.00000
-80.00000
-80.00000
-80.00000
-80.00000
-80.00000
-80.00000
-80.00000
-80.00000
-80.00000
-80.00000
-80.00000
-80.00000
-80.00000
-80.00000
-80.00000
-80.00000
-80.00000
-80.00000
-80.00000
-80.00000
-80.00000
-80.00000
-80.00000
-80.00000
-80.00000
-80.00000
-80.00000
-80.00000
-80.00000
-80.00000
-80.00000
-80.00000
-80.00000
-80.00000
-80.00000
-80.00000
-80.00000
-80.00000
-80.00000
-80.00000
-80.00000
-80.00000
-80.00000
-80.00000
-80.00000
-80.00000
-80.00000
-80.00000
-80.00000
-80.00000
-80.00000
-80.00000
-80.00000
-80.00000
-80.00000
-80.00000
-80.00000
-80.00000
-80.00000
-80.00000
-80.00000
-80.00000
-80.00000
-80.00000
-80.00000
-80.00000
-80.00000
-80.00000
-80.00000
-80.00000
-80.00000
-80.00000
-80.00000
-80.00000
-80.00000
-80.00000
-80.00000
-80.00000
-80.00000
-80.00000
-80.00000
-80.00000
-80.00000
-80.00000
-80.00000
-80.00000
-80.00000
-80.00000
-80.00000
-80.00000
-80.00000
-80.00000
-80.00000
-80.00000
-80.00000
-80.00000
-80.00000
-80.00000
-80.00000
-80.00000
-80.00000
-80.00000
-80.00000
-80.00000
-80.00000
-80.00000
-80.00000
-80.00000
-80.00000
-80.00000
-80.00000
-80.00000
-80.00000
-80.00000
-80.00000
-80.00000
-80.00000
-80.00000
-80.00000
-80.00000
-80.00000
-80.00000
-80.00000
-80.00000
-80.00000
-80.00000
-80.00000
-80.00000
-80.00000
-80.00000
-80.00000
-80.00000
-80.00000
-80.00000
-80.00000
-80.00000
-80.00000
-80.00000
-80.00000
-80.00000
-80.00000
-80.00000
-80.00000
-80.00000
-80.00000
-80.00000
-80.00000
-80.00000
-80.00000
-80.00000
-80.00000
-80.00000
-80.00000
-80.00000
-80.00000
-80.00000
-80.00000
-80.00000
-80.00000
-80.00000
-80.00000
-80.00000
-80.00000
-80.00000
-80.00000
-80.00000
-80.00000
-80.00000
-80.00000
-80.00000
-80.00000
-80.00000
-80.00000
-80.00000
-80.00000
-80.00000
-80.00000
-80.00000
-80.00000
-80.00000
-80.00000
-80.00000
-80.00000
-80.00000
-80.00000
-80.00000
-80.00000
-80.00000
-80.00000
-80.00000
-80.00000
-80.00000
-80.00000
-80.00000
-80.00000
-80.00000
-80.00000
-80.00000
-80.00000
-80.00000
-80.00000
-80.00000
-80.00000
-80.00000
-80.00000
-80.00000
-80.00000
-80.00000
-80.00000
-79.98943
-79.94309
-79.85780
-79.71277
-79.71277
-79.46342
-79.09771
-78.63900
-78.11251
-77.53595
-76.92071
-76.28123
-75.62524
-74.96070
-74.28761
-73.60915
-72.92411
-72.23491
-71.53914
-70.83589
-70.12198
-69.40530
-68.68305
-67.96338
-67.24400
-66.51937
-65.78755
-65.04520
-64.29015
-63.52814
-62.75794
-61.97682
-61.18770
-60.39274
-59.59242
-58.78722
-57.97991
-57.17354
-56.36068
-55.54383
-54.72323
-53.89947
-53.07380
-52.24722
-51.41784
-50.58974
-49.75915
-48.92785
-48.09557
-47.26325
-46.42939
-45.59548
-44.75983
-43.92980
-43.09589
-42.26105
-41.42737
-40.59396
-39.75948
-38.92548
-38.08878
-37.25761
-36.42309
-35.59108
-34.75737
-33.92299
-33.08806
-32.25419
-31.41865
-30.58750
-29.75257
-28.91762
-28.08407
-27.24925
-26.41391
-25.57782
-24.74111
-23.90582
-23.07063
-22.23700
-21.40322
-20.56941
-19.73970
-18.91485
-18.08811
-17.26570
-16.44294
-15.62017
-14.79769
-13.97443
-13.15196
-12.32821
-11.50275
-10.68283
-9.85977
-9.03679
-8.21344
-7.38937
-6.56864
-5.74840
-4.92421
-4.10364
-3.27791
-2.45076
-1.62240
-0.79279
0.03777
0.86889
1.70251
2.53093
3.36346
4.22273
5.05575
5.88952
6.72337
7.56157
8.40141
9.23232
10.06711
10.90431
11.74105
12.57624
13.41098
14.24541
15.08050
15.91425
16.74837
17.58387
18.41854
19.25475
20.08411
20.90951
21.73238
22.55479
23.37787
24.20205
25.02572
25.85028
26.76034
27.58419
28.41183
29.23216
30.05696
30.88051
31.70408
32.52784
33.35051
34.16799
34.99284
35.81564
36.64202
37.46962
38.29675
39.12699
39.95764
40.78821
41.62029
42.44842
43.28258
44.11706
44.95105
45.80043
46.63525
47.46970
48.30679
49.13654
49.97143
50.80671
51.64282
52.47881
53.31341
54.14900
54.98708
55.81900
56.65293
57.48666
58.32159
59.15167
59.97730
60.80156
61.62822
62.44806
63.27029
64.09381
64.91841
65.74235
66.56680
67.38787
68.21315
69.03421
69.85916
70.68362
71.50820
72.32991
73.15069
73.97296
74.80151
75.62344
76.45172
77.28353
78.11259
78.94281
79.77347
80.60812
81.44006
82.27081
83.10234
83.93573
84.76857
85.60192
86.43571
87.26948
88.10622
88.93756
89.77118
90.60493
91.43883
92.27288
93.10640
93.93524
94.76191
95.58478
96.40804
97.23115
98.05450
98.87838
99.70168
100.52578
101.35073
102.17030
102.99749
103.84092
104.69514
105.55539
106.41815
107.29467
108.18330
109.06325
109.06325
109.91340
110.70949
111.40914
111.99860
112.47048
112.82562
113.06953
113.16577
113.09284
112.87942
112.55501
112.14504
111.67198
111.15356
110.58760
109.99504
109.38121
108.77009
108.15843
107.53400
106.89450
106.24788
105.60823
105.04221
104.57768
104.21753
103.95666
103.95666
103.78657
103.69624
103.71384
103.85382
104.08747
104.39658
104.78227
105.24264
105.77200
106.36391
106.98937
107.64147
108.28946
108.92428
109.54306
110.15637
110.71449
111.19151
111.58510
111.90274
112.15942
112.35867
112.49877
112.53184
112.43392
112.23107
111.94587
111.58897
111.16093
110.66289
110.12128
109.54074
108.94759
108.34942
107.73022
107.09082
106.43913
105.78681
105.19986
104.71286
104.32912
104.04511
103.85376
103.74469
103.74464
103.86623
104.08312
104.37744
104.75079
105.20106
105.72258
106.30929
106.92494
107.56825
108.21391
108.84439
109.46520
110.08270
110.64625
111.13098
111.53200
111.85277
112.11338
112.31767
112.46233
112.49916
112.40396
112.20294
111.92065
111.56700
111.13952
110.64390
110.10172
109.52177
108.93022
108.33118
107.71622
107.08355
106.43965
105.79102
105.20681
104.72252
104.34125
104.05869
103.86898
103.75698
103.75343
103.87226
104.08800
104.38110
104.75211
105.20174
105.71983
106.30392
106.92174
107.56452
108.20951
108.83814
109.45876
110.07699
110.63845
111.12227
111.52400
111.84848
112.11148
112.31720
112.46306
112.50104
112.40774
112.20885
111.92736
111.57455
111.14745
110.65233
110.11130
109.53126
108.94353
108.34702
107.72953
107.09129
106.44007
105.78897
105.20209
104.71437
104.33258
104.04831
103.85676
103.74762
103.74618
103.86553
104.07948
104.37050
104.73957
105.18637
105.70810
106.29162
106.90919
107.55287
108.19806
108.82892
109.44728
110.06406
110.62606
111.10967
111.51030
111.83474
112.09812
112.30458
112.45037
112.48870
112.39524
112.19644
111.91502
111.56262
111.13567
110.63860
110.09960
109.52028
108.92961
108.33295
107.71613
107.07783
106.42649
105.77418
105.18791
104.70071
104.31668
104.03274
103.84148
103.73259
103.73261
103.85484
104.07073
104.36483
104.73793
105.18842
105.70996
106.29520
106.91407
107.55955
108.20227
108.83535
109.45682
110.07508
110.63872
111.12328
111.52878
111.85714
112.12197
112.33077
112.47950
112.52005
112.42801
112.22452
111.94319
111.58882
111.16259
110.66643
110.12485
109.54576
108.95489
108.35874
107.74030
107.09987
106.45084
105.79951
105.13933
104.46180
104.46180
103.75264
103.06573
102.43045
101.88032
101.41310
101.01828
100.67753
100.37517
100.10766
99.87203
99.66367
99.47666
99.30641
99.14747
98.99520
98.84538
98.69923
98.55779
98.50571
98.61731
98.87505
99.24134
99.68138
100.18115
100.72703
101.31133
101.92724
102.51479
103.00975
103.41942
103.68956
103.77162
103.68866
103.46795
103.13457
102.71193
102.19240
101.58875
100.95048
100.31185
99.69455
99.11297
98.55806
98.01591
97.54219
97.15534
96.84710
96.59993
96.40984
96.27814
96.20604
96.23421
96.38553
96.63559
96.96196
97.35590
97.81445
98.33936
98.90957
99.51947
100.14043
100.75706
101.38269
102.02483
102.67633
103.27118
103.77926
104.19319
104.51484
104.75608
104.92893
105.03723
105.08171
105.02679
104.85374
104.58598
104.24937
103.84040
103.36480
102.82316
102.23644
101.61242
100.98267
100.36580
99.77430
99.18246
98.59689
98.07387
97.63417
97.26985
96.97413
96.73685
96.55882
96.43805
96.42195
96.53631
96.75240
97.04548
97.41079
97.84776
98.33256
98.87066
99.45145
100.04644
100.64160
101.27113
101.92700
102.59527
103.26357
103.87128
104.37808
104.78030
105.08185
105.29449
105.43563
105.51013
105.51930
105.42805
105.21605
104.90944
104.53159
104.08999
103.58552
103.01824
102.38739
101.70284
100.99608
100.28056
99.58368
98.92402
98.31266
97.74012
97.20176
96.73486
96.35933
96.07045
95.86444
95.72932
95.66049
95.65857
95.72027
95.87092
96.13085
96.48116
96.90281
97.37571
97.91659
98.51853
99.16370
99.83171
100.51185
101.18511
101.83128
102.45485
103.08559
103.71153
104.32449
104.86471
105.29788
105.62689
105.85473
105.98754
106.03766
106.01332
105.91814
105.75293
105.50792
105.16643
104.74903
104.27204
103.73881
103.15019
102.51451
101.83866
101.14579
100.44937
99.77280
99.13334
98.53911
97.97459
97.43383
96.92023
96.48286
96.13794
95.87981
95.70459
95.60082
95.56027
95.58186
95.66668
95.84330
96.13129
96.50631
96.95372
97.45286
97.99767
98.59171
99.20420
99.82803
100.44271
101.06898
101.69407
102.32235
102.95242
103.57217
104.19608
104.74649
105.18846
105.52418
105.75569
105.88824
105.93846
105.91711
105.82707
105.64637
105.36142
104.99684
104.57325
104.09949
103.56432
102.96249
102.30708
101.63181
100.94838
100.27972
99.64004
99.03690
98.46890
97.93170
97.40097
96.89332
96.46065
96.12218
95.87179
95.70029
95.59720
95.56656
95.63940
95.82978
96.11257
96.46261
96.88471
97.36498
97.90861
98.50967
99.17515
99.86053
100.55625
101.24552
101.91005
102.55897
103.19737
103.82124
104.37844
104.83537
105.18785
105.44590
105.62717
105.73931
105.78492
105.76529
105.68115
105.53335
105.29862
104.96174
104.54607
104.07199
103.55003
102.98286
102.36656
101.72495
101.07142
100.43143
99.82024
99.23000
98.64835
98.08313
97.53484
97.01342
96.50887
95.97637
95.36055
94.69904
94.02088
93.34713
92.67309
91.98582
91.27394
90.54214
89.79196
89.02551
88.24090
87.44100
86.62525
85.79422
84.94579
84.08950
83.24297
82.38846
81.53314
80.66491
79.81246
78.95398
78.08995
77.18631
76.29814
75.39589
74.48550
73.56834
72.64325
71.70890
70.76714
69.82030
68.86874
67.91302
66.95202
65.99523
65.03194
64.06759
63.10194
62.13554
61.16712
60.19859
59.22745
58.26198
57.29245
56.32217
55.35211
54.38176
53.41089
52.44317
51.47587
50.50995
49.54260
48.57367
47.60418
46.63362
45.72100
44.95992
44.36875
43.93276
43.65159
43.52255
43.52992
43.65059
43.86469
44.16185
44.44304
44.69522
45.06221
45.63284
46.35550
47.16238
47.99436
48.81169
49.55993
50.17924
50.63390
50.91496
51.03997
51.03619
50.92932
50.73470
50.46617
50.12875
49.72143
49.25122
48.72313
48.14663
47.51802
46.84812
46.23816
45.80020
45.37051
44.78583
44.09744
43.37080
42.64375
41.96380
41.37807
40.90858
40.52521
40.26383
40.18035
40.25576
40.45295
40.74137
41.10169
41.53832
42.04850
42.62755
43.26870
43.96314
44.70143
45.47579
46.27495
47.09357
47.88752
48.60661
49.19077
49.59966
49.80858
49.93293
50.06676
50.06897
49.81968
49.34534
48.69157
47.92067
47.13017
46.32960
45.52255
44.71602
43.90473
43.09317
42.28101
41.46835
40.65616
39.84322
39.02876
38.21590
37.40821
36.60477
35.80120
34.99758
34.19489
33.39221
32.58807
31.78358
30.98129
30.17788
29.37510
28.57200
27.76887
26.96647
26.16309
25.36141
24.55879
23.75615
22.95635
22.15600
21.35410
20.54957
19.74289
18.93968
18.13128
17.32107
16.51016
15.69784
14.88600
14.07369
13.25910
12.45040
11.63716
10.82360
10.00997
9.19591
8.38287
7.56918
6.75284
5.94191
5.12664
4.31131
3.49691
2.68255
1.86804
1.05677
0.23973
-0.57070
-1.38413
-2.19759
-3.01189
-3.82547
-4.63964
-5.44787
-6.25369
-7.05606
-7.85953
-8.66223
-9.46534
-10.26711
-11.07000
-11.87259
-12.67611
-13.48041
-14.28373
-15.08593
-15.88802
-16.68987
-17.49197
-18.29520
-19.09628
-19.89516
-20.69679
-21.49780
-22.30057
-23.10506
-23.91163
-24.72010
-25.53128
-26.33777
-27.14848
-27.89724
-28.52465
-29.02415
-29.42907
-29.77858
-30.07629
-30.32308
-30.52103
-30.74215
-31.04991
-31.43550
-31.94087
-32.57573
-33.29215
-34.03783
-34.78757
-35.51257
-36.18295
-36.76171
-37.23557
-37.60343
-37.86921
-38.03894
-38.12433
-38.13412
-38.07158
-37.93878
-37.71937
-37.40524
-37.01825
-36.57674
-36.07601
-35.51386
-34.89395
-34.25638
-33.61139
-32.97592
-32.33477
-31.68537
-31.02342
-30.35775
-29.70102
-29.11142
-28.62753
-28.25357
-27.98180
-27.80596
-27.71527
-27.73604
-27.88203
-28.12586
-28.44389
-28.83344
-29.29759
-29.82768
-30.42236
-31.04787
-31.69427
-32.33889
-32.96522
-33.57966
-34.19111
-34.73985
-35.21158
-35.59972
-35.91296
-36.16749
-36.36334
-36.49987
-36.52942
-36.42841
-36.22150
-35.93179
-35.57218
-35.13956
-34.64000
-34.09469
-33.51047
-32.91409
-32.31385
-31.69801
-31.06563
-30.42050
-29.77149
-29.18745
-28.70317
-28.32567
-28.04432
-27.85548
-27.74853
-27.75025
-27.87391
-28.09249
-28.38883
-28.76326
-29.21512
-29.73853
-30.34008
-30.96053
-31.60581
-32.25199
-32.89782
-33.51425
-34.12580
-34.68278
-35.16081
-35.55654
-35.87459
-36.13336
-36.33648
-36.47924
-36.51527
-36.41908
-36.21623
-35.93001
-35.57287
-35.14133
-34.64041
-34.09834
-33.51554
-32.92424
-32.32602
-31.70792
-31.07464
-30.43037
-29.78111
-29.19571
-28.71328
-28.33176
-28.04973
-27.86001
-27.75195
-27.75149
-27.87215
-28.08616
-28.37712
-28.74734
-29.19788
-29.71770
-30.30014
-30.91676
-31.56100
-32.20221
-32.83087
-33.45063
-34.06798
-34.63140
-35.11463
-35.51573
-35.84115
-36.10312
-36.30883
-36.45460
-36.49267
-36.39942
-36.20063
-35.91915
-35.56574
-35.13934
-34.64410
-34.10274
-33.52392
-32.93343
-32.33658
-31.71926
-31.08032
-30.43450
-29.78559
-29.20078
-28.71580
-28.33432
-28.05185
-27.86053
-27.75027
-27.74782
-27.86611
-28.07932
-28.36896
-28.73768
-29.18660
-29.70817
-30.29133
-30.90519
-31.54805
-32.19276
-32.82233
-33.44159
-34.05767
-34.62059
-35.10498
-35.50384
-35.82834
-36.09147
-36.29744
-36.44586
-36.48670
-36.39473
-36.19538
-35.91294
-35.55974
-35.13296
-34.63786
-34.09715
-33.51885
-32.92831
-32.32819
-31.71270
-31.08004
-30.43537
-29.78905
-29.20509
-28.72136
-28.33994
-28.05548
-27.86599
-27.75655
-27.75498
-27.87465
-28.08880
-28.37947
-28.74888
-29.20063
-29.71856
-30.30178
-30.91800
-31.56253
-32.20678
-32.83518
-33.45585
-34.07493
-34.63558
-35.12058
-35.52069
-35.84541
-36.10848
-36.31423
-36.45991
-36.55039
-36.51328
-36.29122
-35.91030
-35.41164
-34.84440
-34.24943
-33.65350
-33.05365
-32.43269
-31.77679
-31.09284
-30.38566
-29.65737
-28.90807
-28.13776
-27.34682
-26.54034
-25.71722
-24.89308
-24.06504
-23.24475
-22.42388
-21.59526
-20.76613
-19.93367
-19.09215
-18.23568
-17.36657
-16.48428
-15.58828
-14.68043
-13.75890
-12.83923
-11.91037
-10.97587
-10.03564
-9.09051
-8.13975
-7.18754
-6.23008
-5.27719
-4.31671
-3.35594
-2.39375
-1.43120
-0.46753
0.49654
1.46433
2.42829
3.39375
4.36029
5.32587
6.29196
7.25843
8.22495
9.19444
10.15714
11.12367
12.08998
13.05614
14.01677
14.97451
15.93148
16.89074
17.84799
18.80617
19.76523
20.72392
21.68378
22.64358
23.60323
24.55428
25.49506
26.42679
27.35371
28.27983
29.18366
30.04996
30.87574
31.65985
32.39465
33.06105
33.62028
34.07189
34.41814
34.66281
34.76492
34.69549
34.48513
34.16005
33.74694
33.26776
32.74045
32.16566
31.55592
30.93642
30.33049
29.71671
29.09140
28.45866
27.82585
27.25934
26.79112
26.42120
26.14475
25.94820
25.81970
25.75618
25.75775
25.85707
26.07198
26.37833
26.75261
27.19330
27.69873
28.26417
28.86900
29.50805
30.14961
30.77620
31.36408
31.94929
32.53095
33.04749
33.47967
33.82735
34.10656
34.32729
34.48871
34.59212
34.59106
34.46059
34.22697
33.91279
33.52982
33.07943
32.56460
32.00138
31.40232
30.79103
30.18529
29.56604
28.92987
28.28062
27.69267
27.19102
26.78349
26.46687
26.22856
26.05807
25.95236
25.91063
25.96797
26.14342
26.41298
26.75397
27.16521
27.64590
28.18806
28.77799
29.40171
30.03498
30.65331
31.24884
31.84095
32.42679
32.94932
33.39001
33.74438
34.03368
34.26544
34.43973
34.55703
34.56704
34.44237
34.21251
33.90303
33.52487
33.07890
32.56904
32.01422
31.41908
30.81581
30.21399
29.60047
28.96524
28.31834
27.72775
27.22755
26.82003
26.50287
26.26362
26.09102
25.98015
25.93187
25.98400
26.15757
26.42620
26.76804
27.17963
27.65713
28.19805
28.78537
29.41039
30.04198
30.65885
31.25451
31.84354
32.42499
32.94680
33.38415
33.73873
34.02654
34.25699
34.43106
34.54713
34.55858
34.43973
34.21467
33.90647
33.53036
33.08706
32.57638
32.01886
31.42422
30.81067
30.20866
29.59130
28.95682
28.31049
27.72062
27.21895
26.81344
26.49868
26.26088
26.08806
25.97787
25.93020
25.98268
26.15631
26.42412
26.76553
27.17624
27.65250
28.19383
28.78041
29.40433
30.03506
30.65003
31.24446
31.83062
32.41449
32.93582
33.37405
33.72967
34.01889
34.24980
34.42436
34.54068
34.55285
34.43424
34.20959
33.90275
33.52773
33.08874
32.57992
32.02555
31.43140
30.82721
30.22737
29.61194
28.97859
28.33411
27.74576
27.24595
26.83927
26.52178
26.28274
26.10892
25.99759
25.94903
26.00049
26.17246
26.43910
26.77841
27.18674
27.66415
28.20489
28.78863
29.41244
30.04254
30.65870
31.25273
31.83865
32.42203
32.94364
33.38000
33.73405
34.02196
34.25277
34.42663
34.54262
34.55418
34.43467
34.21041
33.90216
33.52603
33.08400
32.57376
32.01742
31.42268
30.81403
30.21545
29.59929
28.96595
28.32066
27.65573
27.06588
26.61519
26.33462
26.23830
26.31307
26.52537
26.83863
27.22244
27.67756
28.21199
28.82514
29.50234
30.24602
31.04339
31.88518
32.76707
33.68218
34.62043
35.56031
36.48917
37.40467
38.30178
39.18555
40.04658
40.88876
41.72496
42.55716
43.37872
44.20181
45.01984
45.83612
46.64715
47.45145
48.25191
49.06378
49.87453
50.69323
51.52068
52.36395
53.21713
54.05886
54.87352
55.65399
56.38436
57.04319
57.58738
58.01221
58.32162
58.52382
58.62722
58.64202
58.54721
58.33122
58.02135
57.64127
57.19921
56.69120
56.12038
55.49201
54.84261
54.17980
53.52687
52.89744
52.28197
51.67586
51.13009
50.66798
50.29124
49.98598
49.73879
49.54843
49.41577
49.34167
49.36972
49.52538
49.78101
50.11750
50.51802
50.98069
51.50881
52.08404
52.69946
53.32622
53.93813
54.54372
55.15404
55.76283
56.36781
56.90309
57.33894
57.67822
57.92644
58.09864
58.20125
58.24105
58.18064
57.99808
57.71928
57.36742
56.94825
56.46363
55.91489
55.32791
54.70925
54.08488
53.47229
52.85587
52.23761
51.66964
51.17740
50.76521
50.42550
50.13795
49.90131
49.71763
49.59066
49.56831
49.67872
49.89668
50.19960
50.56785
51.00457
51.50596
52.05951
52.65770
53.26836
53.87048
54.46705
55.06993
55.67858
56.28871
56.82919
57.27231
57.61842
57.87293
58.04940
58.15785
58.19914
58.13876
57.96066
57.69115
57.35118
56.93924
56.45623
55.90714
55.31817
54.69663
54.07169
53.45423
52.83881
52.21629
51.64420
51.14817
50.73296
50.39096
50.10716
49.87521
49.69562
49.57022
49.54991
49.65708
49.86850
50.16701
50.53034
50.96021
51.45784
52.00861
52.60362
53.22853
53.82720
54.42185
55.02280
55.63382
56.24298
56.78400
57.22699
57.57296
57.82877
58.00697
58.11636
58.15998
58.10245
57.92608
57.65726
57.31817
56.90979
56.42976
55.88427
55.29873
54.68075
54.05543
53.44143
52.82703
52.21046
51.64378
51.15422
50.74415
50.40519
50.12130
49.88702
49.70544
49.57907
49.55759
49.66834
49.88663
50.18975
50.55873
50.99623
51.49750
52.05168
52.65156
53.26293
53.86504
54.46112
55.06385
55.67292
56.28186
56.82306
57.26760
57.61202
57.86747
58.04560
58.15539
58.19792
58.13858
57.96198
57.69385
57.35523
56.94398
56.46458
55.91966
55.33497
54.71793
54.09494
53.48026
52.86856
52.24874
51.67845
51.18375
50.76884
50.42730
50.13822
49.89971
49.71508
49.58595
49.56178
49.67004
49.88580
50.18650
50.55244
50.98856
51.48802
52.04030
52.63688
53.24700
53.84858
54.44260
55.04390
55.65238
56.25973
56.79962
57.24219
57.58788
57.84329
58.02181
58.13193
58.17470
58.11614
57.94340
57.68130
57.34804
56.94059
56.46513
55.92362
55.34100
54.72699
54.10553
53.48416
52.85281
52.21289
51.57172
50.96905
50.40486
49.88517
49.40259
48.95762
48.54796
48.17128
47.82528
47.50803
47.21647
46.94934
46.70372
46.47781
46.26989
46.07689
45.89374
45.71768
45.54718
45.38195
45.22108
45.06444
44.91156
44.76216
44.61596
44.47385
44.33528
44.20073
44.06845
43.93869
43.81128
43.68600
43.56259
43.44110
43.32090
43.20273
43.08586
42.97015
42.85553
42.74190
42.62924
42.51730
42.40576
42.29565
42.18583
42.07654
41.96776
41.85939
41.75139
41.64379
41.53623
41.42976
41.32313
41.21671
41.11055
41.00458
40.89870
40.79303
40.68737
40.58249
40.47723
40.37208
40.26703
40.16215
40.05740
39.95272
39.84796
39.74347
39.63894
39.53438
39.42986
39.32539
39.22103
39.11669
39.01222
38.90802
38.80375
38.69951
38.59530
38.49111
38.38676
38.28283
38.17847
38.07470
37.97036
37.86606
37.76172
37.65748
37.55320
37.44897
37.34452
37.24075
37.13652
37.03225
36.92791
36.82360
36.71927
36.61492
36.51047
36.40623
36.30195
36.19754
36.09316
35.98875
35.88434
35.77997
35.67541
35.57113
35.46675
35.36224
35.25764
35.15301
35.04841
34.94364
34.83884
34.73435
34.62986
34.52533
34.42076
34.31623
34.21164
34.10701
34.00203
33.89788
33.79331
33.68882
33.58426
33.47966
33.37497
33.27045
33.16554
33.06142
32.95696
32.85248
32.74784
32.64327
32.53860
32.43396
32.32910
32.22502
32.12049
32.01594
31.91141
31.80550
31.70099
31.59634
31.49129
31.38688
31.28241
31.17793
31.07339
30.96892
30.86430
30.75977
30.65505
30.55063
30.44618
30.34173
30.23721
30.13280
30.02835
29.92388
29.81906
29.71502
29.61055
29.50609
29.40163
29.29717
29.19270
29.08806
28.98336
28.87893
28.77427
28.66955
28.56528
28.46080
28.35630
28.25186
28.14725
28.04285
27.93827
27.83370
27.72906
27.62452
27.52000
27.41545
27.31080
27.20634
27.10173
26.99735
26.89284
26.78829
26.68366
26.57914
26.47450
26.37044
26.26601
26.16137
26.05673
25.95212
25.84750
25.74292
25.63807
25.53402
25.42957
25.32508
25.22061
25.11573
25.01123
24.90658
24.80186
24.69502
24.59032
24.48573
24.38128
24.27682
24.17234
24.06781
23.96305
23.85903
23.75452
23.64995
23.54545
23.43877
23.33418
23.22972
23.12499
23.02049
22.91598
22.81152
22.70705
22.60243
22.49800
22.39346
22.28869
22.18458
22.08004
21.97538
21.87085
21.76634
21.66178
21.55726
21.45251
21.34850
21.24406
21.13962
21.03515
20.93057
20.82610
20.72165
20.61704
20.51265
20.40816
20.30371
20.19921
20.09473
19.99029
19.88577
19.78107
19.67639
19.57186
19.46751
19.36294
19.25800
19.15347
19.04861
18.94397
18.83972
18.73519
18.63066
18.52601
18.42132
18.31677
18.21224
18.10746
18.00337
17.89875
17.79399
17.68952
17.58500
17.48048
17.37583
17.27117
17.16671
17.06221
16.95758
16.85302
16.74834
16.64376
16.53926
16.43476
16.33035
16.22588
16.12148
16.01700
15.91244
15.80796
15.70356
15.59836
15.49314
15.38674
15.27962
15.17193
15.06373
14.95507
14.84586
14.73590
14.62647
14.51614
14.40550
14.29460
14.18340
14.07202
13.96043
13.84851
13.73574
13.62359
13.51130
13.39882
13.28620
13.17362
13.06082
12.94786
12.83512
12.72209
12.60895
12.49586
12.38272
12.26947
12.15622
12.04287
11.92967
11.81653
11.70320
11.58973
11.47627
11.36288
11.24947
11.13570
11.02280
10.90927
10.79593
10.68256
10.56912
10.45572
10.34240
10.22885
10.11556
10.00226
9.88888
9.77549
9.66214
9.54886
9.43559
9.32197
9.20922
9.09601
8.98277
8.86952
8.75628
8.64312
8.52936
8.41589
8.30302
8.18984
8.07646
7.96334
7.84998
7.73672
7.62343
7.50991
7.39712
7.28403
7.17108
7.05797
6.94593
6.83498
6.72477
6.61506
6.50611
6.39757
6.28941
6.18159
6.07422
5.96717
5.86039
5.75377
5.64802
5.54200
5.43621
5.33058
5.22492
5.11950
5.01426
4.90903
4.80411
4.69918
4.59442
4.48966
4.38504
4.28058
4.17597
4.07110
3.96708
3.86268
3.75836
3.65405
3.54966
3.44530
3.34101
3.23656
3.13276
3.02843
2.92422
2.82007
2.71583
2.61164
2.50731
2.40287
2.29850
2.19294
2.08704
1.98018
1.87219
1.76415
1.65570
1.54641
1.43707
1.32710
1.21702
1.10621
0.99520
0.88397
0.77234
0.66056
0.54916
0.43711
0.32488
0.21620
0.11110
0.00955
0.00955
-0.08866
-0.18412
-0.27469
-0.36232
-0.44604
-0.52643
-0.60320
-0.67652
-0.74629
-0.81270
-0.87515
-0.93431
-0.98993
-1.04208
-1.09067
-1.13573
-1.17723
-1.21527
-1.24972
-1.28066
-1.30804
-1.33188
-1.35219
-1.36897
-1.38222
-1.39195
-1.39813
-1.40123
-1.40277
-1.40355
-1.40393
-1.40413
-1.40422
-1.40427
-1.40430
-1.40431
-1.40431
-1.40432
-1.40432
-1.40432
-1.40432
-1.40432
-1.40432
-1.40432
-1.40432
-1.40432
-1.40432
-1.40432
-1.40432
-1.40432
-1.40432
-1.40432
-1.40432
-1.40432
-1.40432
-1.40432
-1.40432
-1.40432
-1.40432
-1.40432
-1.40432
-1.40432
-1.40432
-1.40432
-1.40432
-1.40432
-1.40432
-1.40432
-1.40432
-1.40432
-1.40432
-1.40432
-1.40432
-1.40432
-1.40432
-1.40432
-1.40432
-1.40432
-1.40432
-1.40432
-1.40432
-1.40432
-1.40432
-1.40432
-1.40432
-1.40432
-1.40432
-1.40432
-1.40432
-1.40432
-1.40432
-1.40432
-1.40432
-1.40432
-1.40432
-1.40432
-1.40432
-1.40432
-1.40432
-1.40432
-1.40432
-1.40432
-1.40432
-1.40432
-1.40432
-1.40432
-1.40432
-1.40432
-1.40432
-1.40432
-1.40432
-1.40432
-1.40432
-1.40432
-1.40432
-1.40432
-1.40432
-1.40432
-1.40432
-1.40432
-1.40432
-1.40432
-1.40432
-1.40432
-1.40432
-1.40432
-1.40432
-1.40432
-1.40432
-1.40432
-1.40432
-1.40432
-1.40432
-1.40432
-1.40432
-1.40432
-1.40432
-1.40432
-1.40432
-1.40432
-1.40432
-1.40432
-1.40432
-1.40432
-1.40432
-1.40432
-1.40432
-1.40432
-1.40432
-1.40432
-1.40432
-1.40432
-1.40432
-1.40432
-1.40432
-1.40432
-1.40432
-1.40432
-1.40432
-1.40432
-1.40432
-1.40432
-1.40432
-1.40432
-1.40432
-1.40432
-1.40432
-1.40432
-1.40432
-1.40432
-1.40432
-1.40432
-1.40432
-1.40432
-1.40432
-1.40432
-1.40432
-1.40432
-1.40432
-1.40432
-1.40432
-1.40432
-1.40432
-1.40432
-1.40432
-1.40432
-1.40432
-1.40432
-1.40432
-1.40432
-1.40432
-1.40432
-1.40432
-1.40432
-1.40432
-1.40432
-1.40432
-1.40432
-1.40432
-1.40432
-1.40432
-1.40432
-1.40432
-1.40432
-1.40432
-1.40432
-1.40432
-1.40432
-1.40432
-1.40432
-1.40432
-1.40432
-1.40432
-1.40432
-1.40432
-1.40432
-1.40432
-1.40432
-1.40432
-1.40432
-1.40432
-1.40432
-1.40432
-1.40432
-1.40432
-1.40432
-1.40432
-1.40432
-1.40432
-1.40432
-1.40432
-1.40432
-1.40432
-1.40432
-1.40432
-1.40432
-1.40432
-1.40432
-1.40432
-1.40432
-1.40432
-1.40432
-1.40432
-1.40432
-1.40432
-1.40432
-1.40432
-1.40432
-1.40432
-1.40432
-1.40432
-1.40432
-1.40432
-1.40432
-1.40432
-1.40432
-1.40432
-1.40432
-1.40432
-1.40432
-1.40432
-1.40432
-1.40432
-1.40432
-1.40432
-1.40432
-1.40432
-1.40432
-1.40432
-1.40432
-1.40432
-1.40432
-1.40432
-1.40432
-1.40432
-1.40432
-1.40432
-1.40432
-1.40432
-1.40432
-1.40432
-1.40432
-1.40432
-1.40432
-1.40432
-1.40432
-1.40432
-1.40432
-1.40432
-1.40432
-1.40432
-1.40432
-1.40432
-1.40432
-1.40432
-1.40432
-1.40432
-1.40432
-1.40432
-1.40432
-1.40432
-1.40432
-1.40432
-1.40432
-1.40432
-1.40432
-1.40432
-1.40432
-1.40432
-1.40432
-1.40432
-1.40432
-1.40432
-1.40432
-1.40432
-1.40432
-1.40432
-1.40432
-1.40432
-1.40432
-1.40432
-1.40432
-1.40432
-1.40432
-1.40432
-1.40432
-1.40432
-1.40432
-1.40432
-1.40432
-1.40432
-1.40432
-1.40432
-1.40432
-1.40432
-1.40432
-1.40432
-1.40432
-1.40432
-1.40432
-1.40432
-1.40432
-1.40432
-1.40432
-1.40432
-1.40432
-1.40432
-1.40432
-1.40432
-1.40432
-1.40432
-1.40432
-1.40432
-1.40432
-1.40432
-1.40432
-1.40432
-1.40432
-1.40432
-1.40432
-1.40432
-1.40432
-1.40432
-1.40432
-1.40432
-1.40432
-1.40432
-1.40432
-1.40432
-1.40432
-1.40432
-1.40432
-1.40432
-1.40432
-1.40432
-1.40432
-1.40432
-1.40432
-1.40432
-1.40432
-1.40432
-1.40432
-1.40432
-1.40432
-1.40432
-1.40432
-1.40432
-1.40432
-1.40432
-1.40432
-1.40432
-1.40432
-1.40432
-1.40432
-1.40432
-1.40432
-1.40432
-1.40432
-1.40432
-1.40432
-1.40432
-1.40432
-1.40432
-1.40432
-1.40432
-1.40432
-1.40432
-1.40432
-1.40432
-1.40432
-1.40432
-1.40432
-1.40432
-1.40432
-1.40432
-1.40432
-1.40432
-1.40432
-1.40432
-1.40432
-1.40432
-1.40432
-1.40432
-1.40432
-1.40432
-1.40432
-1.40432
-1.40432
-1.40432
-1.40432
-1.40432
-1.40432
-1.40432
-1.40432
-1.40432
-1.40432
-1.40432
-1.40432
-1.40432
-1.40432
-1.40432
-1.40432
-1.40432
-1.40432
-1.40432
-1.40432
-1.40432
-1.40432
-1.40432
-1.40432
-1.40432
-1.40432
-1.40432
-1.40432
-1.40432
-1.40432
-1.40432
-1.40432
-1.40432
-1.40432
-1.40432
-1.40432
-1.40432
-1.40432
-1.40432
-1.40432
-1.40432
-1.40432
-1.40432
-1.40432
-1.40432
-1.40432
-1.40432
-1.40432
-1.40432
-1.40432
-1.40432
-1.40432
-1.40432
-1.40432
-1.40432
-1.40432
-1.40432
-1.40432
-1.40432
-1.40432
-1.40432
-1.40432
-1.40432
-1.40432
-1.40432
-1.40432
-1.40432
-1.40432
-1.40432
-1.40432
-1.40432
-1.40432
-1.40432
-1.40432
-1.40432
-1.40432
-1.40432
-1.40432
-1.40432
-1.40432
-1.40432
-1.40432
-1.40432
-1.40432
-1.40432
-1.40432
-1.40432
-1.40432
-1.40432
-1.40432
-1.40432
-1.40432
-1.40432
-1.40432
-1.40432
-1.40432
-1.40432
-1.40432
-1.40432
-1.40432
-1.40432
-1.40432
-1.40432
-1.40432
-1.40432
-1.40432
-1.40432
-1.40432
-1.40432
-1.40432
-1.40432
-1.40432
-1.40432
-1.40432
-1.40432
-1.40432
-1.40432
-1.40432
-1.40432
-1.40432
-1.40432
-1.40432
-1.40432
-1.40432
-1.40432
-1.40432
-1.40432
-1.40432
-1.40432
-1.40432
-1.40432
-1.40432
-1.40432
-1.40432
-1.40432
-1.40432
-1.40432
-1.40432
-1.40432
-1.40432
-1.40432
-1.40432
-1.40432
-1.40432
-1.40432
-1.40432
-1.40432
-1.40432
-1.40432
-1.40432
-1.40432
-1.40432
-1.40432
-1.40432
-1.40432
-1.40432
-1.40432
-1.40432
-1.40432
-1.40432
-1.40432
-1.40432
-1.40432
-1.40432
-1.40432
-1.40432
-1.40432
-1.40432
-1.40432
-1.40432
-1.40432
-1.40432
-1.40432
-1.40432
-1.40432
-1.40432
-1.40432
-1.40432
-1.40432
-1.40432
-1.40432
-1.40432
-1.40432
-1.40432
-1.40432
-1.40432
-1.40432
-1.40432
-1.40432
-1.40432
-1.40432
-1.40432
-1.40432
-1.40432
-1.40432
-1.40432
-1.40432
-1.40432
-1.40432
-1.40432
-1.40432
-1.40432
-1.40432
-1.40432
-1.40432
-1.40432
-1.40432
-1.40432
-1.40432
-1.40432
-1.40432
-1.40432
-1.40432
-1.40432
-1.40432
-1.40432
-1.40432
-1.40432
-1.40432
-1.40432
-1.40432
-1.40432
-1.40432
-1.40432
-1.40432
-1.40432
-1.40432
-1.40432
-1.40432
-1.40432
-1.40432
-1.40432
-1.40432
-1.40432
-1.40432
-1.40432
-1.40432
-1.40432
-1.40432
-1.40432
-1.40432
-1.40432
-1.40432
-1.40432
-1.40432
-1.40432
-1.40432
-1.40432
-1.40432
-1.40432
-1.40432
-1.40432
-1.40432
-1.40432
-1.40432
-1.40432
-1.40432
-1.40432
-1.40432
-1.40432
-1.40432
-1.40432
-1.40432
-1.40432
-1.40432
-1.40432
-1.40432
-1.40432
-1.40432
-1.40432
-1.40432
-1.40432
-1.40432
-1.40432
-1.40432
-1.40432
-1.40432
-1.40432
-1.40432
-1.40432
-1.40432
-1.40432
-1.40432
-1.40432
-1.40432
-1.40432
-1.40432
-1.40432
-1.40432
-1.40432
-1.40432
-1.40432
-1.40432
-1.40432
-1.40432
-1.40432
-1.40432
-1.40432
-1.40432
-1.40432
-1.40432
-1.40432
-1.40432
-1.40432
-1.40432
-1.40432
-1.40432
-1.40432
-1.40432
-1.40432
-1.40432
-1.40432
-1.40432
-1.40432
-1.40432
-1.40432
-1.40432
-1.40432
-1.40432
-1.40432
-1.40432
-1.40432
-1.40432
-1.40432
-1.40432
-1.40432
-1.40432
-1.40432
-1.40432
-1.40432
-1.40432
-1.40432
-1.40432
-1.40432
-1.40432
-1.40432
-1.40432
-1.40432
-1.40432
-1.40432
-1.40432
-1.40432
-1.40432
-1.40432
-1.40432
-1.40432
-1.40432
-1.40432
-1.40432
-1.40432
-1.40432
-1.40432
-1.40432
-1.40432
-1.40432
-1.40432
-1.40432
-1.40432
-1.40432
-1.40432
-1.40432
-1.40432
-1.40432
-1.40432
-1.40432
-1.40432
-1.40432
-1.40432
-1.40432
-1.40432
-1.40432
-1.40432
-1.40432
-1.40432
-1.40432
-1.40432
-1.40432
-1.40432
-1.40432
-1.40432
-1.40432
-1.40432
-1.40432
-1.40432
-1.40432
-1.40432
-1.40432
-1.40432
-1.40432
-1.40432
-1.40432
-1.40432
-1.40432
-1.40432
-1.40432
-1.40432
-1.40432
-1.40432
-1.40432
-1.40432
-1.40432
-1.40432
-1.40432
-1.40432
-1.40432
-1.40432
-1.40432
-1.40432
-1.40432
-1.40432
-1.40432
-1.40432
-1.40432
-1.40432
-1.40432
-1.40432
-1.40432
-1.40432
-1.40432
-1.40432
-1.40432
-1.40432
-1.40432
-1.40432
-1.40432
-1.40432
-1.40432
-1.40432
-1.40432
-1.40432
-1.40432
-1.40432
-1.40432
-1.40432
-1.40432
-1.40432
-1.40432
-1.40432
-1.40432
-1.40432
-1.40432
-1.40432
-1.40432
-1.40432
-1.40432
-1.40432
-1.40432
-1.40432
-1.40432
-1.40432
-1.40432
-1.40432
-1.40432
-1.40432
-1.40432
-1.40432
-1.40432
-1.40432
-1.40432
-1.40432
-1.40432
-1.40432
-1.40432
-1.40432
-1.40432
-1.40432
-1.40432
-1.40432
-1.40432
-1.40432
-1.40432
-1.40432
-1.40432
-1.40432
-1.40432
-1.40432
-1.40432
-1.40432
-1.40432
-1.40432
-1.40432
-1.40432
-1.40432
-1.40432
-1.40432
-1.40432
-1.40432
-1.40432
-1.40432
-1.40432
-1.40432
-1.40432
-1.40432
-1.40432
-1.40432
-1.40432
-1.40432
-1.40432
-1.40432
-1.40432
-1.40432
-1.40432
-1.40432
-1.40432
-1.40432
-1.40432
-1.40432
-1.40432
-1.40432
-1.40432
-1.40432
-1.40432
-1.40432
-1.40432
-1.40432
-1.40432
-1.40432
-1.40432
-1.40432
-1.40432
-1.40432
-1.40432
-1.40432
-1.40432
-1.40432
-1.40432
-1.40432
-1.40432
-1.40432
-1.40432
-1.40432
-1.40432
-1.40432
-1.40432
-1.40432
-1.40432
-1.40432
-1.40432
-1.40432
-1.40432
-1.40432
-1.40432
-1.40432
-1.40432
-1.40432
-1.40432
-1.40432
-1.40432
-1.40432
-1.40432
-1.40432
-1.40432
-1.40432
-1.40432
-1.40432
-1.40432
-1.40432
-1.40432
-1.40432
-1.40432
-1.40432
-1.40432
-1.40432
-1.40432
-1.40432
-1.40432
-1.40432
-1.40432
-1.40432
-1.40432
-1.40432
-1.40432
-1.40432
-1.40432
-1.40432
-1.40432
-1.40432
-1.40432
-1.40432
-1.40432
-1.40432
-1.40432
-1.40432
-1.40432
-1.40432
-1.40432
-1.40432
-1.40432
-1.40432
-1.40432
-1.40432
-1.40432
-1.40432
-1.40432
-1.40432
-1.40432
-1.40432
-1.40432
-1.40432
-1.40432
-1.40432
-1.40432
-1.40432
-1.40432
-1.40432
-1.40432
-1.40432
-1.40432
-1.40432
-1.40432
-1.40432
-1.40432
-1.40432
-1.40432
-1.40432
-1.40432
-1.40432
-1.40432
-1.40432
-1.40432
-1.40432
-1.40432
-1.40432
-1.40432
-1.40432
-1.40432
-1.40432
-1.40432
-1.40432
-1.40432
-1.40432
-1.40432
-1.40432
-1.40432
-1.40432
-1.40432
-1.40432
-1.40432
-1.40432
-1.40432
-1.40432
-1.40432
-1.40432
-1.40432
-1.40432
-1.40432
-1.40432
-1.40432
-1.40432
-1.40432
-1.40432
-1.40432
-1.40432
-1.40432
-1.40432
-1.40432
-1.40432
-1.40432
-1.40432
-1.40432
-1.40432
-1.40432
-1.40432
-1.40432
-1.40432
-1.40432
-1.40432
-1.40432
-1.40432
-1.40432
-1.40432
-1.40432
-1.40432
-1.40432
-1.40432
-1.40432
-1.40432
-1.40432
-1.40432
-1.40432
-1.40432
-1.40432
-1.40432
-1.40432
-1.40432
-1.40432
-1.40432
-1.40432
-1.40432
-1.40432
-1.40432
-1.40432
-1.40432
-1.40432
-1.40432
-1.40432
-1.40432
-1.40432
-1.40432
-1.40432
-1.40432
-1.40432
-1.40432
-1.40432
-1.40432
-1.40432
-1.40432
-1.40432
-1.40432
-1.40432
-1.40432
-1.40432
-1.40432
-1.40432
-1.40432
-1.40432
-1.40432
-1.40432
-1.40432
-1.40432
-1.40432
-1.40432
-1.40432
-1.40432
-1.40432
-1.40432
-1.40432
-1.40432
-1.40432
-1.40432
-1.40432
-1.40432
-1.40432
-1.40432
-1.40432
-1.40432
-1.40432
-1.40432
-1.40432
-1.40432
-1.40432
-1.40432
-1.40432
-1.40432
-1.40432
-1.40432
-1.40432
-1.40432
-1.40432
-1.40432
-1.40432
-1.40432
-1.40432
-1.40432
-1.40432
-1.40432
-1.40432
-1.40432
-1.40432
-1.40432
-1.40432
-1.40432
-1.40432
-1.40432
-1.40432
-1.40432
-1.40432
-1.40432
-1.40432
-1.40432
-1.40432
-1.40432
-1.40432
-1.40432
-1.40432
-1.40432
-1.40432
-1.40432
-1.40432
-1.40432
-1.40432
-1.40432
-1.40432
-1.40432
-1.40432
-1.40432
-1.40432
-1.40432
-1.40432
-1.40432
-1.40432
-1.40432
-1.40432
-1.40432
-1.40432
-1.40432
-1.40432
-1.40432
-1.40432
-1.40432
-1.40432
-1.40432
-1.40432
-1.40432
-1.40432
-1.40432
-1.40432
-1.40432
-1.40432
-1.40432
-1.40432
-1.40432
-1.40432
-1.40432
-1.40432
-1.40432
-1.40432
-1.40432
-1.40432
-1.40432
-1.40432
-1.40432
-1.40432
-1.40432
-1.40432
-1.40432
-1.40432
-1.40432
-1.40432
-1.40432
-1.40432
-1.40432
-1.40432
-1.40432
-1.40432
-1.40432
-1.40432
-1.40432
-1.40432
-1.40432
-1.40432
-1.40432
-1.40432
-1.40432
-1.40432
-1.40432
-1.40432
-1.40432
-1.40432
-1.40432
-1.40432
-1.40432
-1.40432
-1.40432
-1.40432
-1.40432
-1.40432
-1.40432
-1.40432
-1.40432
-1.40432
-1.40432
-1.40432
-1.40432
-1.40432
-1.40432
-1.40432
-1.40432
-1.40432
-1.40432
-1.40432
-1.40432
-1.40432
-1.40432
-1.40432
-1.40432
-1.40432
-1.40432
-1.40432
-1.40432
-1.40432
-1.40432
-1.40432
-1.40432
-1.40432
-1.40432
-1.40432
-1.40432
-1.40432
-1.40432
-1.40432
-1.40432
-1.40432
-1.40432
-1.40432
-1.40432
-1.40432
-1.40432
-1.40432
-1.40432
-1.40432
-1.40432
-1.40432
-1.40432
-1.40432
-1.40432
-1.40432
-1.40432
-1.40432
-1.40432
-1.40432
-1.40432
-1.40432
-1.40432
-1.40432
-1.40432
-1.40432
-1.40432
-1.40432
-1.40432
-1.40432
-1.40432
-1.40432
-1.40432
-1.40432
-1.40432
-1.40432
-1.40432
-1.40432
-1.40432
-1.40432
-1.40432
-1.40432
-1.40432
-1.40432
-1.40432
-1.40432
-1.40432
-1.40432
-1.40432
-1.40432
-1.40432
-1.40432
-1.40432
-1.40432
-1.40432
-1.40432
-1.40432
-1.40432
-1.40432
-1.40432
-1.40432
-1.40432
-1.40432
-1.40432
-1.40432
-1.40432
-1.40432
-1.40432
-1.40432
-1.40432
-1.40432
-1.40432
-1.40432
-1.40432
-1.40432
-1.40432
-1.40432
-1.40432
-1.40432
-1.40432
-1.40432
-1.40432
-1.40432
-1.40432
-1.40432
-1.40432
-1.40432
-1.40432
-1.40432
-1.40432
-1.40432
-1.40432
-1.40432
-1.40432
-1.40432
-1.40432
-1.40432
-1.40432
-1.40432
-1.40432
-1.40432
-1.40432
-1.40432
-1.40432
-1.40432
-1.40432
-1.40432
-1.40432
-1.40432
-1.40432
-1.40432
-1.40432
-1.40432
-1.40432
-1.40432
-1.40432
-1.40432
-1.40432
-1.40432
-1.40432
-1.40432
-1.40432
-1.40432
-1.40432
-1.40432
-1.40432
-1.40432
-1.40432
-1.40432
-1.40432
-1.40432
-1.40432
-1.40432
-1.40432
-1.40432
-1.40432
-1.40432
-1.40432
-1.40432
-1.40432
-1.40432
-1.40432
-1.40432
-1.40432
-1.40432
-1.40432
-1.40432
-1.40432
-1.40432
-1.40432
-1.40432
-1.40432
-1.40432
-1.40432
-1.40432
-1.40432
-1.40432
-1.40432
-1.40432
-1.40432
-1.40432
-1.40432
-1.40432
-1.40432
-1.40432
-1.40432
-1.40432
-1.40432
-1.40432
-1.40432
-1.40432
-1.40432
-1.40432
-1.40432
-1.40432
-1.40432
-1.40432
-1.40432
-1.40432
-1.40432
-1.40432
-1.40432
-1.40432
-1.40432
-1.40432
-1.40432
-1.40432
-1.40432
-1.40432
-1.40432
-1.40432
-1.40432
-1.40432
-1.40432
-1.40432
-1.40432
-1.40432
-1.40432
-1.40432
-1.40432
-1.40432
-1.40432
-1.40432
-1.40432
-1.40432
-1.40432
-1.40432
-1.40432
-1.40432
-1.40432
-1.40432
-1.40432
-1.40432
-1.40432
-1.40432
-1.40432
-1.40432
-1.40432
-1.40432
-1.40432
-1.40432
-1.40432
-1.40432
-1.40432
-1.40432
-1.40432
-1.40432
-1.40432
-1.40432
-1.40432
-1.40432
-1.40432
-1.40432
-1.40432
-1.40432
-1.40432
-1.40432
-1.40432
-1.40432
-1.40432
-1.40432
-1.40432
-1.40432
-1.40432
-1.40432
-1.40432
-1.40432
-1.40432
-1.40432
-1.40432
-1.40432
-1.40432
-1.40432
-1.40432
-1.40432
-1.40432
-1.40432
-1.40432
-1.40432
-1.40432
-1.40432
-1.40432
-1.40432
-1.40432
-1.40432
-1.40432
-1.40432
-1.40432
-1.40432
-1.40432
-1.40432
-1.40432
-1.40432
-1.40432
-1.40432
-1.40432
-1.40432
-1.40432
-1.40432
-1.40432
-1.40432
-1.40432
-1.40432
-1.40432
-1.40432
-1.40432
-1.40432
-1.40432
-1.40432
-1.40432
-1.40432
-1.40432
-1.40432
-1.40432
-1.40432
-1.40432
-1.40432
-1.40432
-1.40432
-1.40432
-1.40432
-1.40432
-1.40432
-1.40432
-1.40432
-1.40432
-1.40432
-1.40432
-1.40432
-1.40432
-1.40432
-1.40432
-1.40432
-1.40432
-1.40432
-1.40432
-1.40432
-1.40432
-1.40432
-1.40432
-1.40432
-1.40432
-1.40432
-1.40432
-1.40432
-1.40432
-1.40432
-1.40432
-1.40432
-1.40432
-1.40432
-1.40432
-1.40432
-1.40432
-1.40432
-1.40432
-1.40432
-1.40432
-1.40432
-1.40432
-1.40432
-1.40432
-1.40432
-1.40432
-1.40432
-1.40432
-1.40432
-1.40432
-1.40432
-1.40432
-1.40432
-1.40432
-1.40432
-1.40432
-1.40432
-1.40432
-1.40432
-1.40432
-1.40432
-1.40432
-1.40432
-1.40432
-1.40432
-1.40432
-1.40432
-1.40432
-1.40432
-1.40432
-1.40432
-1.40432
-1.40432
-1.40432
-1.40432
-1.40432
-1.40432
-1.40432
-1.40432
-1.40432
-1.40432
-1.40432
-1.40432
-1.40432
-1.40432
-1.40432
-1.40432
-1.40432
-1.40432
-1.40432
-1.40432
-1.40432
-1.40432
-1.40432
-1.40432
-1.40432
-1.40432
-1.40432
-1.40432
-1.40432
-1.40432
-1.40432
-1.40432
-1.40432
-1.40432
-1.40432
-1.40432
-1.40432
-1.40432
-1.40432
-1.40432
-1.40432
-1.40432
-1.40432
-1.40432
-1.40432
-1.40432
-1.40432
-1.40432
-1.40432
-1.40432
-1.40432
-1.40432
-1.40432
-1.40432
-1.40432
-1.40432
-1.40432
-1.40432
-1.40432
-1.40432
-1.40432
-1.40432
-1.40432
-1.40432
-1.40432
-1.40432
-1.40432
-1.40432
-1.40432
-1.40432
-1.40432
-1.40432
-1.40432
-1.40432
-1.40432
-1.40432
-1.40432
-1.40432
-1.40432
-1.40432
-1.40432
-1.40432
-1.40432
-1.40432
-1.40432
-1.40432
-1.40432
-1.40432
-1.40432
-1.40432
-1.40432
-1.40432
-1.40432
-1.40432
-1.40432
-1.40432
-1.40432
-1.40432
-1.40432
-1.40432
-1.40432
-1.40432
-1.40432
-1.40432
-1.40432
-1.40432
-1.40432
-1.40432
-1.40432
-1.40432
-1.40432
-1.40432
-1.40432
-1.40432
-1.40432
-1.40432
-1.40432
-1.40432
-1.40432
-1.40432
-1.40432
-1.40432
-1.40432
-1.40432
-1.40432
-1.40432
-1.40432
-1.40432
-1.40432
-1.40432
-1.40432
-1.40432
-1.40432
-1.40432
-1.40432
-1.40432
-1.40432
-1.40432
-1.40432
-1.40432
-1.40432
-1.40432
-1.40432
-1.40432
-1.40432
-1.40432
-1.40432
-1.40432
-1.40432
-1.40432
-1.40432
-1.40432
-1.40432
-1.40432
-1.40432
-1.40432
-1.40432
-1.40432
-1.40432
-1.40432
-1.40432
-1.40432
-1.40432
-1.40432
-1.40432
-1.40432
-1.40432
-1.40432
-1.40432
-1.40432
-1.40432
-1.40432
-1.40432
-1.40432
-1.40432
-1.40432
-1.40432
-1.40432
-1.40432
-1.40432
-1.40432
-1.40432
-1.40432
-1.40432
-1.40432
-1.40432
-1.40432
-1.40432
-1.40432
-1.40432
-1.40432
-1.40432
-1.40432
-1.40432
-1.40432
-1.40432
-1.40432
-1.40432
-1.40432
-1.40432
-1.40432
-1.40432
-1.40432
-1.40432
-1.40432
-1.40432
-1.40432
-1.40432
-1.40432
-1.40432
-1.40432
-1.40432
-1.40432
-1.40432
-1.40432
-1.40432
-1.40432
-1.40432
-1.40432
-1.40432
-1.40432
-1.40432
-1.40432
-1.40432
-1.40432
-1.40432
-1.40432
-1.40432
-1.40432
-1.40432
-1.40432
-1.40432
-1.40432
-1.40432
-1.40432
-1.40432
-1.40432
-1.40432
-1.40432
-1.40432
-1.40432
-80.00000
-80.00000
-80.00000
-80.00000
-80.00000
-80.00000
-80.00000
-80.00000
-80.00000
-80.00000
-80.00000
-80.00000
-80.00000
-80.00000
-80.00000
-80.00000
-80.00000
-80.00000
-80.00000
-80.00000
-80.00000
-80.00000
-80.00000
-80.00000
-80.00000
-80.00000
-80.00000
-80.00000
-80.00000
-80.00000
-80.00000
-80.00000
-80.00000
-80.00000
-80.00000
-80.00000
-80.00000
-80.00000
-80.00000
-80.00000
-80.00000
-80.00000
-80.00000
-80.00000
-80.00000
-80.00000
-80.00000
-80.00000
-80.00000
-80.00000
-80.00000
-80.00000
-80.00000
-80.00000
-80.00000
-80.00000
-80.00000
-80.00000
-80.00000
-80.00000
-80.00000
-80.00000
-80.00000
-80.00000
-80.00000
-80.00000
-80.00000
-80.00000
-80.00000
-80.00000
-80.00000
-80.00000
-80.00000
-80.00000
-80.00000
-80.00000
-80.00000
-80.00000
-80.00000
-80.00000
-80.00000
-80.00000
-80.00000
-80.00000
-80.00000
-80.00000
-80.00000
-80.00000
-80.00000
-80.00000
-80.00000
-80.00000
-80.00000
-80.00000
-80.00000
-80.00000
-80.00000
-80.00000
-80.00000
-80.00000
-80.00000
-80.00000
-80.00000
-80.00000
-80.00000
-80.00000
-80.00000
-80.00000
-80.00000
-80.00000
-80.00000
-80.00000
-80.00000
-80.00000
-80.00000
-80.00000
-80.00000
-80.00000
-80.00000
-80.00000
-80.00000
-80.00000
-80.00000
-80.00000
-80.00000
-80.00000
-80.00000
-80.00000
-80.00000
-80.00000
-80.00000
-80.00000
-80.00000
-80.00000
-80.00000
-80.00000
-80.00000
-80.00000
-80.00000
-80.00000
-80.00000
-80.00000
-80.00000
-80.00000
-80.00000
-80.00000
-80.00000
-80.00000
-80.00000
-80.00000
-80.00000
-80.00000
-80.00000
-80.00000
-80.00000
-80.00000
-80.00000
-80.00000
-80.00000
-80.00000
-80.00000
-80.00000
-80.00000
-80.00000
-80.00000
-80.00000
-80.00000
-80.00000
-80.00000
-80.00000
-80.00000
-80.00000
-80.00000
-80.00000
-80.00000
-80.00000
-80.00000
-80.00000
-80.00000
-80.00000
-80.00000
-80.00000
-80.00000
-80.00000
-80.00000
-80.00000
-80.00000
-80.00000
-80.00000
-80.00000
-80.00000
-80.00000
-80.00000
-80.00000
-80.00000
-80.00000
-80.00000
-80.00000
-80.00000
-80.00000
-80.00000
-80.00000
-80.00000
-80.00000
-80.00000
-80.00000
-80.00000
-80.00000
-80.00000
-80.00000
-80.00000
-80.00000
-80.00000
-80.00000
-80.00000
-80.00000
-80.00000
-80.00000
-80.00000
-80.00000
-80.00000
-80.00000
-80.00000
-80.00000
-80.00000
-80.00000
-80.00000
-80.00000
-80.00000
-80.00000
-80.00000
-80.00000
-80.00000
-80.00000
-80.00000
-80.00000
-80.00000
-80.00000
-80.00000
-80.00000
-80.00000
-80.00000
-80.00000
-80.00000
-80.00000
-80.00000
-80.00000
-80.00000
-80.00000
-80.00000
-80.00000
-80.00000
-80.00000
-80.00000
-80.00000
-80.00000
-80.00000
-80.00000
-80.00000
-80.00000
-80.00000
-80.00000
-80.00000
-80.00000
-80.00000
-80.00000
-80.00000
-80.00000
-80.00000
-80.00000
-80.00000
-80.00000
-80.00000
-80.00000
-80.00000
-80.00000
-80.00000
-80.00000
-80.00000
-80.00000
-80.00000
-80.00000
-80.00000
-80.00000
-80.00000
-80.00000
-80.00000
-80.00000
-80.00000
-80.00000
-80.00000
-80.00000
-80.00000
-80.00000
-80.00000
-80.00000
-80.00000
-80.00000
-80.00000
-80.00000
-80.00000
-80.00000
-80.00000
-80.00000
-80.00000
-80.00000
-80.00000
-80.00000
-80.00000
-80.00000
-80.00000
-80.00000
-80.00000
-80.00000
-80.00000
-80.00000
-80.00000
-80.00000
-80.00000
-80.00000
-80.00000
-80.00000
-80.00000
-80.00000
-80.00000
-80.00000
-80.00000
-80.00000
-80.00000
-80.00000
-80.00000
-80.00000
-80.00000
-80.00000
-80.00000
-80.00000
-80.00000
-80.00000
-80.00000
-80.00000
-80.00000
-80.00000
-80.00000
-80.00000
-80.00000
-80.00000
-80.00000
-80.00000
-80.00000
-80.00000
-80.00000
-80.00000
-80.00000
-80.00000
-80.00000
-80.00000
-80.00000
-80.00000
-80.00000
-80.00000
-80.00000
-80.00000
-80.00000
-80.00000
-80.00000
-80.00000
-80.00000
-80.00000
-80.00000
-80.00000
-80.00000
-80.00000
-80.00000
-80.00000
-80.00000
-80.00000
-80.00000
-80.00000
-80.00000
-80.00000
-80.00000
-80.00000
-80.00000
-80.00000
-80.00000
-80.00000
-80.00000
-80.00000
-80.00000
-80.00000
-80.00000
-80.00000
-80.00000
-80.00000
-80.00000
-80.00000
-80.00000
-80.00000
-80.00000
-80.00000
-80.00000
-80.00000
-80.00000
-80.00000
-80.00000
-80.00000
-80.00000
-80.00000
-80.00000
-80.00000
-80.00000
-80.00000
-80.00000
-80.00000
-80.00000
-80.00000
-80.00000
-80.00000
-80.00000
-80.00000
-80.00000
-80.00000
-80.00000
-80.00000
-80.00000
-80.00000
-80.00000
-80.00000
-80.00000
-80.00000
-80.00000
-80.00000
-80.00000
-80.00000
-80.00000
-80.00000
-80.00000
-80.00000
-80.00000
-80.00000
-80.00000
-80.00000
-80.00000
-80.00000
-80.00000
-80.00000
-80.00000
-80.00000
-80.00000
-80.00000
-80.00000
-80.00000
-80.00000
-80.00000
-80.00000
-80.00000
-80.00000
-80.00000
-80.00000
-80.00000
-80.00000
-80.00000
-80.00000
-80.00000
-80.00000
-80.00000
-80.00000
-80.00000
-80.00000
-80.00000
-80.00000
-80.00000
-80.00000
-80.00000
-80.00000
-80.00000
-80.00000
-80.00000
-80.00000
-80.00000
-80.00000
-80.00000
-80.00000
-80.00000
-80.00000
-80.00000
-80.00000
-80.00000
-80.00000
-80.00000
-80.00000
-80.00000
-80.00000
-80.00000
-80.00000
-80.00000
-80.00000
-80.00000
-80.00000
-80.00000
-80.00000
-80.00000
-80.00000
-80.00000
-80.00000
-80.00000
-80.00000
-80.00000
-80.00000
-80.00000
-80.00000
-80.00000
-80.00000
-80.00000
-80.00000
-80.00000
-80.00000
-80.00000
-80.00000
-80.00000
-80.00000
-80.00000
-80.00000
-80.00000
-80.00000
-80.00000
-80.00000
-80.00000
-80.00000
-80.00000
-80.00000
-80.00000
-80.00000
-80.00000
-80.00000
-80.00000
-80.00000
-80.00000
-80.00000
-80.00000
-80.00000
-80.00000
-80.00000
-80.00000
-80.00000
-80.00000
-80.00000
-80.00000
-80.00000
-80.00000
-80.00000
-80.00000
-80.00000
-80.00000
-80.00000
-80.00000
-80.00000
-80.00000
-80.00000
-80.00000
-80.00000
-80.00000
-80.00000
-80.00000
-80.00000
-80.00000
-80.00000
-80.00000
-80.00000
-80.00000
-80.00000
-80.00000
-80.00000
-80.00000
-80.00000
-80.00000
-80.00000
-80.00000
-80.00000
-80.00000
-80.00000
-80.00000
-80.00000
-80.00000
-80.00000
-80.00000
-80.00000
-80.00000
-80.00000
-80.00000
-80.00000
-80.00000
-80.00000
-80.00000
-80.00000
-80.00000
-80.00000
-80.00000
-80.00000
-80.00000
-80.00000
-80.00000
-80.00000
-80.00000
-80.00000
-80.00000
-80.00000
-80.00000
-80.00000
-80.00000
-80.00000
-80.00000
-80.00000
-80.00000
-80.00000
-80.00000
-80.00000
-80.00000
-80.00000
-80.00000
-80.00000
-80.00000
-80.00000
-80.00000
-80.00000
-80.00000
-80.00000
-80.00000
-80.00000
-80.00000
-80.00000
-80.00000
-80.00000
-80.00000
-80.00000
-80.00000
-80.00000
-80.00000
-80.00000
-80.00000
-80.00000
-80.00000
-80.00000
-80.00000
-80.00000
-80.00000
-80.00000
-80.00000
-80.00000
-80.00000
-80.00000
-80.00000
-80.00000
-80.00000
-80.00000
-80.00000
-80.00000
-80.00000
-80.00000
-80.00000
-80.00000
-80.00000
-80.00000
-80.00000
-80.00000
-80.00000
-80.00000
-80.00000
-80.00000
-80.00000
-80.00000
-80.00000
-80.00000
-80.00000
-80.00000
-80.00000
-80.00000
-80.00000
-80.00000
-80.00000
-80.00000
-80.00000
-80.00000
-80.00000
-80.00000
-80.00000
-80.00000
-80.00000
-80.00000
-80.00000
-80.00000
-80.00000
-80.00000
-80.00000
-80.00000
-80.00000
-80.00000
-80.00000
-80.00000
-80.00000
-80.00000
-80.00000
-80.00000
-80.00000
-80.00000
-80.00000
-80.00000
-80.00000
-80.00000
-80.00000
-80.00000
-80.00000
-80.00000
-80.00000
-80.00000
-80.00000
-80.00000
-80.00000
-80.00000
-80.00000
-80.00000
-80.00000
-80.00000
-80.00000
-80.00000
-80.00000
-80.00000
-80.00000
-80.00000
-80.00000
-80.00000
-80.00000
-80.00000
-80.00000
-80.00000
-80.00000
-80.00000
-80.00000
-80.00000
-80.00000
-80.00000
-80.00000
-80.00000
-80.00000
-80.00000
-80.00000
-80.00000
-80.00000
-80.00000
-80.00000
-80.00000
-80.00000
-80.00000
-80.00000
-80.00000
-80.00000
-80.00000
-80.00000
-80.00000
-80.00000
-80.00000
-80.00000
-80.00000
-80.00000
-80.00000
-80.00000
-80.00000
-80.00000
-80.00000
-80.00000
-80.00000
-80.00000
-80.00000
-80.00000
-80.00000
-80.00000
-80.00000
-80.00000
-80.00000
-80.00000
-80.00000
-80.00000
-80.00000
-80.00000
-80.00000
-80.00000
-80.00000
-80.00000
-80.00000
-80.00000
-80.00000
-80.00000
-80.00000
-80.00000
-80.00000
-80.00000
-80.00000
-80.00000
-80.00000
-80.00000
-80.00000
-80.00000
-80.00000
-80.00000
-80.00000
-80.00000
-80.00000
-80.00000
-80.00000
-80.00000
-80.00000
-80.00000
-80.00000
-80.00000
-80.00000
-80.00000
-80.00000
-80.00000
-80.00000
-80.00000
-80.00000
-80.00000
-80.00000
-80.00000
-80.00000
-80.00000
-80.00000
-80.00000
-80.00000
-80.00000
-80.00000
-80.00000
-80.00000
-80.00000
-80.00000
-80.00000
-80.00000
-80.00000
-80.00000
-80.00000
-80.00000
-80.00000
-80.00000
-80.00000
-80.00000
-80.00000
-80.00000
-80.00000
-80.00000
-80.00000
-80.00000
-80.00000
-80.00000
-80.00000
-80.00000
-80.00000
-80.00000
-80.00000
-80.00000
-80.00000
-80.00000
-80.00000
-80.00000
-80.00000
-80.00000
-80.00000
-80.00000
-80.00000
-80.00000
-80.00000
-80.00000
-80.00000
-79.98944
-79.94321
-79.85805
-79.85805
-79.74037
-79.60104
-79.45261
-79.26291
-79.01748
-78.73129
-78.42462
-78.12295
-77.84521
-77.60012
-77.39070
-77.21905
-77.08382
-76.98104
-76.90703
-76.85602
-76.82341
-76.80636
-76.79898
-76.79644
-76.79449
-76.78623
-76.76635
-76.73087
-76.67805
-76.60933
-76.52633
-76.42951
-76.32163
-76.20325
-76.07439
-75.93691
-75.79221
-75.64183
-75.48667
-75.32763
-75.16557
-75.00088
-74.83325
-74.66123
-74.48529
-74.30638
-74.12474
-73.94075
-73.75536
-73.56842
-73.38037
-73.19156
-73.00179
-72.81145
-72.62059
-72.42901
-72.23760
-72.04527
-71.85308
-71.66081
-71.46849
-71.27589
-71.08603
-70.89931
-70.71652
-70.53492
-70.35493
-70.17614
-69.99840
-69.82145
-69.64531
-69.46907
-69.29445
-69.11947
-68.94459
-68.77018
-68.59585
-68.42169
-68.24762
-68.07306
-67.89971
-67.72630
-67.55245
-67.37854
-67.20452
-67.03061
-66.85691
-66.68230
-66.50916
-66.33518
-66.16098
-65.98687
-65.81190
-65.63408
-65.45356
-65.27040
-65.08692
-64.90079
-64.71306
-64.52440
-64.33496
-64.14496
-63.95445
-63.76321
-63.57205
-63.38036
-63.18827
-62.99604
-62.80366
-62.61368
-62.42810
-62.24411
-62.06282
-61.88300
-61.70441
-61.40104
-60.86358
-60.13555
-59.41993
-59.41993
-58.90789
-58.63439
-58.36549
-57.88090
-57.88090
-57.22577
-56.58184
-56.12358
-55.87925
-55.85855
-56.05408
-56.44326
-56.98858
-57.64008
-58.34284
-59.04131
-59.68561
-60.25361
-60.73211
-61.13016
-61.46404
-61.74767
-61.98662
-62.18261
-62.33729
-62.45256
-62.52949
-62.57154
-62.58082
-62.55967
-62.51019
-62.43437
-62.33388
-62.20896
-62.15253
-62.24729
-62.52958
-63.02121
-63.67665
-64.44001
-65.24590
-66.03321
-66.73394
-67.34921
-67.87785
-68.28747
-68.58278
-68.77272
-68.86857
-68.88222
-68.82217
-68.66751
-68.40763
-68.06774
-67.66278
-67.18976
-66.65129
-66.05189
-65.40879
-64.73991
-64.05823
-63.38541
-62.73626
-62.11613
-61.50813
-60.95976
-60.50082
-60.12552
-59.82914
-59.59242
-59.41232
-59.29034
-59.22745
-59.26678
-59.43175
-59.69802
-60.04272
-60.45046
-60.92005
-61.45403
-62.03431
-62.65580
-63.27895
-63.89242
-64.49987
-65.11200
-65.72832
-66.33657
-66.87627
-67.31848
-67.66223
-67.91469
-68.08882
-68.19285
-68.22937
-68.16537
-67.98382
-67.71008
-67.36922
-66.95604
-66.47167
-65.92085
-65.33056
-64.70899
-64.08011
-63.46238
-62.84872
-62.22722
-61.65661
-61.16013
-60.74409
-60.40235
-60.11670
-59.88053
-59.69779
-59.57023
-59.54745
-59.65870
-59.87650
-60.17870
-60.54602
-60.99202
-61.49431
-62.04922
-62.64836
-63.26156
-63.86421
-64.46103
-65.06422
-65.68035
-66.28645
-66.82798
-67.27107
-67.61698
-67.87210
-68.04843
-68.15658
-68.19761
-68.17508
-68.17508
-68.02776
-67.70535
-67.24083
-66.67695
-66.06490
-65.44869
-64.85399
-64.29643
-63.73988
-63.17208
-62.59371
-62.00875
-61.41713
-60.81877
-60.21265
-59.60028
-58.97465
-58.33642
-57.69440
-57.04957
-56.40018
-55.74225
-55.07615
-54.40565
-53.72351
-53.02456
-52.30721
-51.57143
-50.82051
-50.05282
-49.26923
-48.47509
-47.66946
-46.85686
-46.03462
-45.20610
-44.37675
-43.54284
-42.70273
-41.86292
-41.01722
-40.16799
-39.31608
-38.46195
-37.60729
-36.75067
-35.89170
-35.03401
-34.17505
-33.31475
-32.45281
-31.59408
-30.73195
-29.87468
-29.01798
-28.16850
-27.31611
-26.45915
-25.60689
-24.75483
-23.90359
-23.05177
-22.19873
-21.34736
-20.49575
-19.64429
-18.79240
-17.94004
-17.08764
-16.23599
-15.38246
-14.53422
-13.68199
-12.82992
-11.97795
-11.12555
-10.27333
-9.42132
-8.56535
-7.71371
-6.86143
-6.00868
-5.15574
-4.30263
-3.44935
-2.59668
-1.74292
-0.89118
-0.03877
0.81375
1.66617
2.51920
3.37135
4.22391
5.07869
5.92779
6.78135
7.63455
8.48677
9.33986
10.19323
11.04630
11.90095
12.75563
13.60815
14.46095
15.31386
16.16664
17.01868
17.87048
18.72565
19.57794
20.43078
21.28480
22.13840
22.99206
23.84463
24.69792
25.55308
26.40299
27.25593
28.11022
28.96365
29.81716
30.67029
31.52284
32.37770
33.22633
34.07993
34.93385
35.78742
36.63992
37.49230
38.34469
39.19806
40.04981
40.90271
41.75656
42.61003
43.46385
44.31692
45.16998
46.02452
46.87352
47.72736
48.58097
49.43523
50.28822
51.14197
51.99613
52.85117
53.70389
54.55723
55.41033
56.26255
57.11488
57.96706
58.81904
59.67348
60.52505
61.37778
62.23054
63.08337
63.93716
64.78968
65.64330
66.49425
67.34381
68.19442
69.04540
69.89923
70.75543
71.61253
72.47042
73.33044
74.18988
75.04890
75.91024
76.77163
77.62832
78.48269
79.33455
80.18785
81.03495
81.88652
82.73737
83.59030
84.44271
85.29264
86.14519
86.99911
87.86338
88.73603
89.61008
90.48390
91.34256
92.20359
93.02770
93.84710
94.64857
95.38703
96.00718
96.49957
96.86415
97.05371
97.03393
96.83740
96.50119
96.05302
95.51860
94.92674
94.28177
93.60235
92.92000
92.25366
91.62314
91.02343
90.44086
89.87859
89.38678
88.98751
88.67673
88.44063
88.27238
88.16660
88.16503
88.28861
88.51105
88.81008
89.18306
89.62996
90.14059
90.69819
91.29494
91.90555
92.51632
93.14681
93.79645
94.45633
95.11523
95.71305
96.21344
96.60925
96.90362
97.10456
97.22114
97.22754
97.11091
96.89722
96.60549
96.23488
95.78595
95.26523
94.68452
94.06917
93.42703
92.78823
92.16545
91.55210
90.93788
90.37698
89.89603
89.49679
89.17381
88.91187
88.70675
88.55944
88.51971
88.61273
88.81278
89.09724
89.44956
89.87630
90.37089
90.91158
91.49042
92.08098
92.67821
93.29649
93.93372
94.57936
95.22773
95.81197
96.29675
96.67859
96.96107
97.15161
97.26001
97.26098
97.14120
96.92615
96.63183
96.25921
95.81011
95.28485
94.69986
94.08058
93.43525
92.78854
92.15392
91.53286
90.90199
90.33751
89.85604
89.45479
89.13408
88.87356
88.66985
88.52561
88.48892
88.58532
88.78844
89.07421
89.43104
89.86163
90.35990
90.90421
91.48566
92.07864
92.67441
93.28772
93.91894
94.56291
95.21143
95.79519
96.27914
96.66151
96.94208
97.13300
97.24254
97.24417
97.12458
96.91068
96.62047
96.25068
95.80148
95.28271
94.70029
94.08406
93.44144
92.79737
92.16936
91.54825
90.93421
90.37101
89.88692
89.48584
89.16155
88.89869
88.69276
88.54678
88.50877
88.60177
88.80045
89.08168
89.43319
89.85959
90.35428
90.89647
91.47249
92.06257
92.65880
93.27608
93.91384
94.56009
95.20887
95.79425
96.27821
96.65964
96.94212
97.13350
97.24563
97.24995
97.13186
96.91601
96.62505
96.25477
95.80740
95.28855
94.70552
94.08866
93.44645
92.80133
92.17607
91.55671
90.94025
90.37830
89.89454
89.49376
89.16936
88.90544
88.70054
88.55447
88.51613
88.60908
88.80753
89.08771
89.43984
89.86765
90.36004
90.90026
91.47871
92.06867
92.66491
93.28091
93.91875
94.57161
95.22228
95.80920
96.29641
96.67927
96.96312
97.15424
97.26347
97.26378
97.14245
96.92590
96.63201
96.25942
95.80920
95.28792
94.70291
94.08394
93.44028
92.79492
92.16473
91.54391
90.92624
90.29607
89.59659
88.85609
88.09924
87.33248
86.56113
85.79090
85.02159
84.25350
83.48485
82.71417
81.94835
81.17899
80.40934
79.63950
78.87052
78.10116
77.33127
76.55860
75.78958
75.01520
74.23986
73.46345
72.68633
71.90830
71.12960
70.34814
69.56790
68.78723
68.00797
67.22840
66.44746
65.66481
64.87980
64.09128
63.30745
62.51895
61.72894
60.94102
60.14991
59.35841
58.56692
57.77297
56.98402
56.19099
55.39728
54.60354
53.80997
53.01620
52.22259
51.42789
50.63688
49.84242
49.04937
48.25660
47.46390
46.67111
45.87857
45.08463
44.29508
43.50244
42.70979
41.91686
41.12403
40.32902
39.52926
38.73370
37.94509
37.15307
36.35953
35.56649
34.77272
33.97900
33.18545
32.38814
31.59753
30.80638
30.01270
29.22020
28.42706
27.63461
26.84112
26.04329
25.25352
24.46149
23.66780
22.87529
22.08385
21.29091
20.49674
19.70157
18.91229
18.11857
17.32561
16.53316
15.74063
14.94799
14.15546
13.35945
12.56973
11.77731
10.98429
10.19171
9.39897
8.60645
7.81428
7.01898
6.22993
5.43726
4.64477
3.85106
3.06113
2.26889
1.47625
0.67982
-0.12814
-0.92069
-1.71466
-2.50714
-3.29991
-4.09243
-4.88564
-5.68062
-6.47238
-7.26578
-8.05711
-8.85028
-9.64305
-10.43575
-11.22532
-12.01703
-12.80664
-13.59983
-14.39602
-15.19373
-15.99279
-16.79339
-17.59467
-18.39499
-19.19563
-19.99856
-20.80135
-21.59983
-22.39462
-23.18946
-23.98219
-24.77773
-25.56654
-26.35871
-27.15063
-27.94269
-28.73442
-29.52703
-30.31918
-31.11348
-31.90222
-32.69432
-33.48735
-34.27595
-35.06810
-35.85999
-36.65310
-37.44649
-38.23853
-39.03147
-39.82333
-40.61597
-41.40864
-42.20060
-42.99203
-43.78574
-44.57688
-45.36867
-46.16089
-46.95382
-47.74689
-48.53968
-49.33219
-50.12635
-50.91189
-51.70107
-52.49197
-53.28491
-54.07996
-54.87658
-55.67520
-56.47628
-57.27294
-58.13721
-59.08459
-60.04022
-60.93768
-61.73351
-62.40289
-62.93153
-63.31145
-63.63798
-64.07485
-64.66436
-65.37458
-66.15751
-66.95063
-67.69214
-68.32238
-68.80336
-69.17311
-69.44571
-69.59174
-69.62373
-69.55561
-69.37633
-69.08834
-68.71653
-68.28581
-67.78953
-67.22960
-66.61195
-65.94443
-65.25973
-64.57537
-63.90729
-63.26653
-62.65049
-62.05078
-61.46608
-60.89556
-60.39828
-60.00048
-59.68336
-59.45760
-59.30022
-59.20647
-59.21765
-59.35637
-59.59790
-59.91663
-60.30498
-60.76370
-61.28574
-61.85139
-62.45223
-63.06467
-63.67772
-64.30391
-64.94722
-65.60190
-66.20098
-66.71202
-67.12957
-67.45578
-67.69977
-67.87568
-67.98927
-68.04008
-67.99050
-67.81940
-67.55410
-67.21613
-66.80772
-66.33328
-65.79376
-65.20860
-64.58554
-63.95638
-63.34141
-62.74774
-62.16076
-61.57844
-61.05717
-60.62017
-60.26618
-59.97816
-59.74747
-59.57348
-59.45757
-59.44609
-59.56502
-59.79003
-60.09704
-60.47057
-60.91130
-61.41998
-61.97559
-62.56622
-63.17232
-63.77166
-64.38660
-65.01986
-65.66494
-66.25374
-66.75442
-67.15939
-67.47659
-67.71576
-67.88960
-68.00100
-68.04972
-67.99834
-67.82566
-67.55979
-67.22037
-66.81166
-66.33404
-65.79536
-65.20996
-64.58635
-63.95414
-63.34068
-62.74532
-62.15938
-61.57643
-61.05538
-60.61813
-60.26394
-59.97535
-59.74580
-59.57180
-59.45577
-59.44414
-59.56315
-59.78808
-60.09598
-60.47304
-60.91431
-61.42549
-61.98137
-62.57574
-63.18251
-63.78288
-64.39804
-65.03231
-65.67960
-66.26838
-66.76784
-67.17435
-67.49143
-67.73030
-67.90435
-68.01588
-68.06437
-68.01274
-67.84050
-67.57358
-67.23421
-66.82630
-66.34922
-65.81004
-65.22692
-64.60302
-63.97296
-63.35604
-62.76374
-62.17945
-61.59837
-61.02668
-60.52763
-60.11671
-59.79435
-59.54564
-59.36223
-59.24179
-59.22546
-59.33464
-59.54407
-59.83243
-60.19466
-60.63091
-61.13745
-61.69060
-62.28507
-62.89559
-63.50262
-64.13064
-64.77845
-65.44030
-66.10329
-66.70356
-67.20532
-67.60981
-67.91879
-68.13604
-68.27489
-68.34411
-68.34495
-68.28049
-68.09287
-67.73217
-67.23936
-66.65428
-66.02753
-65.40750
-64.82420
-64.29280
-63.80146
-63.32239
-62.85188
-62.38708
-61.93182
-61.48400
-61.04703
-60.61316
-60.17149
-59.71844
-59.26136
-58.79940
-58.32911
-57.84615
-57.35213
-56.84720
-56.32842
-55.78846
-55.22795
-54.64564
-54.04048
-53.41503
-52.77116
-52.11489
-51.44517
-50.76207
-50.07402
-49.37403
-48.66744
-47.95534
-47.23848
-46.51820
-45.79520
-45.06726
-44.34217
-43.61191
-42.88267
-42.15075
-41.41964
-40.68573
-39.95263
-39.21708
-38.48270
-37.74843
-37.01325
-36.27810
-35.54299
-34.80732
-34.07158
-33.33451
-32.59960
-31.86379
-31.12796
-30.39253
-29.65636
-28.91998
-28.18628
-27.44985
-26.71391
-25.97850
-25.24303
-24.50751
-23.77225
-23.03655
-22.30042
-21.56257
-20.82982
-20.09483
-19.35871
-18.62320
-17.88796
-17.15296
-16.41727
-15.68019
-14.94552
-14.21021
-13.47502
-12.73993
-12.00567
-11.27009
-10.53451
-9.79721
-9.06482
-8.32882
-7.60091
-6.87403
-6.14843
-5.42436
-4.70043
-3.97382
-3.25333
-2.52995
-1.80686
-1.08350
-0.36034
0.36289
1.08620
1.81145
2.53119
3.25400
3.97614
4.69824
5.42080
6.14324
6.86642
7.58822
8.30621
9.02901
9.75407
10.47982
11.20789
11.93919
12.66876
13.40323
14.13302
14.86673
15.60140
16.33626
17.07167
17.80715
18.54272
19.27938
20.01398
20.75041
21.48610
22.22336
22.96012
23.69668
24.42852
25.15860
25.88131
26.60536
27.33017
28.05374
28.77749
29.50156
30.22502
30.94992
31.66967
32.39225
33.12856
33.89520
34.68201
35.48530
36.29839
37.11941
37.92671
38.72611
39.51662
40.24801
40.88533
41.43273
41.88049
42.16340
42.22888
42.10498
41.82243
41.41325
40.91147
40.34390
39.70947
39.01918
38.29875
37.60583
36.94116
36.31505
35.70338
35.12408
34.55605
34.06249
33.67973
33.40338
33.22587
33.13572
33.12145
33.17704
33.29822
33.50753
33.81989
34.21628
34.67313
35.18275
35.77235
36.39211
37.07028
37.76080
38.45470
39.13311
39.77986
40.38580
40.95932
41.46624
41.88663
42.22677
42.50073
42.71831
42.86921
42.95969
42.94604
42.80815
42.57487
42.26575
41.88769
41.43867
40.92530
40.35457
39.74697
39.11140
38.47043
37.83907
37.20809
36.56885
35.92546
35.28779
34.71622
34.24269
33.86930
33.59220
33.40486
33.29588
33.25955
33.29448
33.42429
33.66088
33.97936
34.36313
34.80673
35.31908
35.89503
36.52750
37.17698
37.83403
38.47760
39.09562
39.70480
40.30616
40.84708
41.30398
41.67713
41.97583
42.21437
42.39557
42.51744
42.53417
42.41847
42.19522
41.88931
41.51636
41.07653
40.56666
40.01356
39.42327
38.82257
38.22179
37.60432
36.97015
36.32252
35.73092
35.23221
34.82526
34.50991
34.27899
34.11891
34.02549
34.03675
34.17114
34.40214
34.70767
35.08967
35.54599
36.07024
36.63705
37.23740
37.84705
38.44377
39.05254
39.66979
40.29341
40.85954
41.34099
41.73577
42.04665
42.28900
42.46976
42.54237
42.48423
42.32014
42.07380
41.74851
41.34400
40.87058
40.34589
39.77807
39.19335
38.60111
37.98554
37.34679
36.69042
36.03025
35.42716
34.92176
34.51684
34.21229
34.00101
33.87164
33.85235
33.95849
34.16321
34.44417
34.80427
35.24312
35.75563
36.33088
36.94205
37.57675
38.21576
38.83910
39.45092
40.06403
40.62368
41.10598
41.50457
41.82665
42.08908
42.29440
42.44194
42.48191
42.38906
42.18923
41.90523
41.55148
41.12396
40.62861
40.08762
39.50812
38.91673
38.31966
37.70010
37.06884
36.42516
35.77672
35.19293
34.70928
34.32820
34.04616
33.85563
33.74803
33.74735
33.86740
34.08295
34.37580
34.74733
35.19610
35.72073
36.30486
36.92315
37.56777
38.21434
38.84528
39.46638
40.08355
40.64970
41.13169
41.53271
41.85344
42.11395
42.31807
42.46282
42.50011
42.40562
42.20697
41.92489
41.57170
41.14459
40.64911
40.10765
39.52800
38.93619
38.34193
37.72433
37.08625
36.43967
35.78988
35.12919
34.44727
33.75468
33.06625
32.38003
31.70081
31.03476
30.46934
30.10750
29.98105
29.85593
29.51349
29.01861
28.56460
28.31182
28.27195
28.43935
28.60318
28.56554
28.52866
28.68171
29.00413
29.46277
30.01585
30.61577
31.21395
31.77313
32.26969
32.69700
33.06947
33.44020
33.79485
34.12481
34.42363
34.68793
34.91648
35.11177
35.27166
35.37578
35.41359
35.39397
35.32278
35.20318
35.03816
34.78874
34.42732
33.97695
33.45842
32.88783
32.25878
31.57920
30.88436
30.19300
29.52015
28.86853
28.22796
27.59443
27.02759
26.56178
26.20132
25.93731
25.76298
25.66565
25.67384
25.80108
26.02152
26.32036
26.69714
27.15070
27.67475
28.26142
28.88626
29.53463
30.18503
30.82273
31.44165
32.06276
32.63080
33.11952
33.52508
33.84945
34.11216
34.31823
34.46410
34.50259
34.40872
34.20774
33.92316
33.56627
33.13792
32.63781
32.09581
31.51433
30.92200
30.32900
29.71733
29.08638
28.44253
27.79042
27.20561
26.71669
26.33681
26.04923
25.86322
25.75824
25.76183
25.88699
26.10682
26.40425
26.77987
27.23205
27.75570
28.34384
28.96430
29.61176
30.25763
30.88878
31.50591
32.11848
32.67444
33.15251
33.54818
33.86663
34.12520
34.32832
34.47180
34.50784
34.41257
34.21182
33.92814
33.57359
33.14609
32.65048
32.10844
31.52895
30.93685
30.33926
29.72116
29.08128
28.43300
27.78193
27.12176
26.52811
26.03517
25.64273
25.34625
25.13480
24.98918
24.89967
24.86316
24.87508
24.92996
25.02273
25.14644
25.29568
25.46466
25.64749
25.83791
26.03115
26.21504
26.39074
26.55160
26.69494
26.82101
26.93054
27.02562
27.10716
27.17633
27.23552
27.28671
27.33148
27.37066
27.40566
27.43530
27.45906
27.47805
27.49323
27.50530
27.51488
27.52238
27.52828
27.53286
27.53635
27.53897
27.54090
27.54225
27.54315
27.54367
27.54390
27.54388
27.54368
27.54331
27.54283
27.54226
27.54162
27.54094
27.54023
27.53950
27.53877
27.53804
27.53733
27.53664
27.53597
27.53534
27.53473
27.53415
27.53361
27.53483
27.53928
27.54644
27.55579
27.56690
27.57945
27.59315
27.60779
27.62320
27.63925
27.65574
27.67269
27.68991
27.70739
27.72507
27.74293
27.76092
27.77902
27.79721
27.81547
27.83371
27.85015
27.86337
27.87388
27.88216
27.88866
27.89372
27.89762
27.90056
27.90273
27.90430
27.90536
27.90602
27.90635
27.90643
27.90629
27.90598
27.90554
27.90500
27.90439
27.90545
27.90967
27.91656
27.92570
28.01573
28.25468
28.62405
29.16171
29.87706
30.70319
31.57662
32.45054
33.28041
34.05011
34.72239
35.26632
35.67786
35.96332
36.13376
36.20030
36.17389
36.06674
35.86010
35.54556
35.15041
34.69701
34.18657
33.61698
32.99754
32.35572
31.70030
31.05065
30.40228
29.74503
29.08067
28.41272
27.75326
27.08763
26.49549
26.02036
25.66305
25.41683
25.27108
25.21512
25.23859
25.36268
25.59797
25.91917
26.30525
26.76016
27.28252
27.86843
28.50772
29.17199
29.84933
30.51428
31.15205
31.75196
32.32978
32.89471
33.38791
33.79468
34.11601
34.36837
34.56787
34.70722
34.78293
34.75464
34.60015
34.34403
34.01007
33.61247
33.13797
32.60897
32.03664
31.42677
30.81212
30.20106
29.57728
28.94324
28.28471
27.61786
27.01407
26.50796
26.11229
25.81668
25.61637
25.49863
25.45416
25.47683
25.56288
25.74372
26.03849
26.42080
26.86784
27.36320
27.91428
28.51673
29.14493
29.78907
30.41790
31.01979
31.59812
32.16668
32.72603
33.26673
33.73429
34.11073
34.39828
34.62219
34.78070
34.87519
34.86568
34.73047
34.49432
34.17957
33.79949
33.33727
32.80517
32.22405
31.60385
30.96885
30.33317
29.70022
29.05782
28.40571
27.73417
27.12545
26.61854
26.21683
25.91649
25.70910
25.58601
25.53474
25.55347
25.63925
25.81816
26.10988
26.48766
26.93000
27.42337
27.97326
28.57440
29.20169
29.84328
30.47204
31.07196
31.65225
32.21971
32.78075
33.32178
33.78988
34.16830
34.46235
34.67820
34.82777
34.91344
34.89708
34.75819
34.52127
34.20811
33.82576
33.37224
32.85005
32.28484
31.68060
31.06395
30.45185
29.82446
29.16362
28.49942
27.88860
27.36496
26.93983
26.59669
26.34837
26.16779
26.05067
25.99660
26.04368
26.21107
26.47424
26.81061
27.21687
27.68971
28.22814
28.81244
29.43674
30.06221
30.67538
31.26886
31.85527
32.43923
32.96053
33.39709
33.75132
34.03890
34.26967
34.44334
34.55919
34.57057
34.45139
34.22632
33.91861
33.54509
33.10157
32.59334
32.03813
31.44328
30.83651
30.23507
29.61912
28.98584
28.34110
27.75318
27.25359
26.84522
26.52829
26.28943
26.11537
26.00465
25.95579
26.00712
26.17886
26.44503
26.78363
27.19128
27.66887
28.20721
28.79253
29.41550
30.04565
30.66130
31.26817
31.87802
32.48869
33.03085
33.49116
33.86424
34.15801
34.38951
34.56179
34.67489
34.68396
34.57048
34.35648
34.06002
33.69503
33.25856
32.74413
32.16775
31.55254
30.90710
30.25242
29.60684
28.98201
28.36979
27.75928
27.13627
26.49795
25.90498
25.35088
24.83695
24.36054
23.91921
23.51119
23.13372
22.78454
22.46240
22.16396
21.88737
21.63088
21.39273
21.17150
20.96567
20.77435
20.59698
20.42928
20.26808
20.11210
19.96032
19.81199
19.66691
19.52458
19.38583
19.24860
19.11458
18.98182
18.85110
18.72193
18.59415
18.46759
18.34277
18.21893
18.09614
17.97434
17.85345
17.73332
17.61393
17.49496
17.37692
17.25334
17.13617
17.01952
16.90328
16.78735
16.67168
16.55590
16.44126
16.32628
16.21149
16.09698
15.98271
15.86860
15.75467
15.64068
15.52745
15.41375
15.30023
15.18678
15.07337
14.96011
14.84701
14.73360
14.62062
14.50766
14.39463
14.28167
14.16874
14.05575
13.94278
13.82966
13.71738
13.60438
13.49165
13.37880
13.26557
13.15275
13.03978
12.92651
12.81402
12.70121
12.58839
12.47549
12.36266
12.24948
12.13677
12.02360
11.91126
11.79842
11.68566
11.57260
11.45968
11.34674
11.23375
11.12052
11.00781
10.89475
10.78187
10.66894
10.55607
10.44312
10.33018
10.21700
10.10449
9.99143
9.87836
9.76531
9.65233
9.53924
9.42616
9.31278
9.20021
9.08718
8.97413
8.86110
8.74802
8.63492
8.52184
8.40854
8.29551
8.18249
8.06957
7.95643
7.84337
7.73025
7.61700
7.50371
7.39055
7.27740
7.16432
7.05232
6.94119
6.83102
6.72147
6.61223
6.50428
6.39630
6.28864
6.18133
6.07438
5.96723
5.86007
5.75361
5.64810
5.54240
5.43675
5.33121
5.22592
5.12076
5.01569
4.91062
4.80577
4.70087
4.59617
4.49150
4.38694
4.28244
4.17792
4.07316
3.96941
3.86507
3.76071
3.65640
3.55203
3.44780
3.34360
3.23909
3.13550
3.03116
2.92687
2.82250
2.71819
2.61388
2.50947
2.40500
2.30132
2.19655
2.09099
1.98481
1.87793
1.77047
1.66247
1.55380
1.44480
1.33518
1.22514
1.11477
1.00408
0.89297
0.78158
0.66999
0.55888
0.44705
0.33503
0.22649
0.22649
0.12156
0.02017
-0.07778
-0.17257
-0.26310
-0.35054
-0.43450
-0.52015
-0.59682
-0.67215
-0.74154
-0.80749
-0.86954
-0.92822
-0.98355
-1.03519
-1.08331
-1.12797
-1.16904
-1.20667
-1.24054
-1.27107
-1.29803
-1.32146
-1.34134
-1.35769
-1.37050
-1.37980
-1.38555
-1.38843
-1.38987
-1.39059
-1.39096
-1.39114
-1.39123
-1.39127
-1.39129
-1.39130
-1.39131
-1.39131
-1.39131
-1.39132
-1.39132
-1.39132
-1.39132
-1.39132
-1.39132
-1.39132
-1.39132
-1.39132
-1.39132
-1.39132
-1.39132
-1.39132
-1.39132
-1.39132
-1.39132
-1.39132
-1.39132
-1.39132
-1.39132
-1.39132
-1.39132
-1.39132
-1.39132
-1.39132
-1.39132
-1.39132
-1.39132
-1.39132
-1.39132
-1.39132
-1.39132
-1.39132
-1.39132
-1.39132
-1.39132
-1.39132
-1.39132
-1.39132
-1.39132
-1.39132
-1.39132
-1.39132
-1.39132
-1.39132
-1.39132
-1.39132
-1.39132
-1.39132
-1.39132
-1.39132
-1.39132
-1.39132
-1.39132
-1.39132
-1.39132
-1.39132
-1.39132
-1.39132
-1.39132
-1.39132
-1.39132
-1.39132
-1.39132
-1.39132
-1.39132
-1.39132
-1.39132
-1.39132
-1.39132
-1.39132
-1.39132
-1.39132
-1.39132
-1.39132
-1.39132
-1.39132
-1.39132
-1.39132
-1.39132
-1.39132
-1.39132
-1.39132
-1.39132
-1.39132
-1.39132
-1.39132
-1.39132
-1.39132
-1.39132
-1.39132
-1.39132
-1.39132
-1.39132
-1.39132
-1.39132
-1.39132
-1.39132
-1.39132
-1.39132
-1.39132
-1.39132
-1.39132
-1.39132
-1.39132
-1.39132
-1.39132
-1.39132
-1.39132
-1.39132
-1.39132
-1.39132
-1.39132
-1.39132
-1.39132
-1.39132
-1.39132
-1.39132
-1.39132
-1.39132
-1.39132
-1.39132
-1.39132
-1.39132
-1.39132
-1.39132
-1.39132
-1.39132
-1.39132
-1.39132
-1.39132
-1.39132
-1.39132
-1.39132
-1.39132
-1.39132
-1.39132
-1.39132
-1.39132
-1.39132
-1.39132
-1.39132
-1.39132
-1.39132
-1.39132
-1.39132
-1.39132
-1.39132
-1.39132
-1.39132
-1.39132
-1.39132
-1.39132
-1.39132
-1.39132
-1.39132
-1.39132
-1.39132
-1.39132
-1.39132
-1.39132
-1.39132
-1.39132
-1.39132
-1.39132
-1.39132
-1.39132
-1.39132
-1.39132
-1.39132
-1.39132
-1.39132
-1.39132
-1.39132
-1.39132
-1.39132
-1.39132
-1.39132
-1.39132
-1.39132
-1.39132
-1.39132
-1.39132
-1.39132
-1.39132
-1.39132
-1.39132
-1.39132
-1.39132
-1.39132
-1.39132
-1.39132
-1.39132
-1.39132
-1.39132
-1.39132
-1.39132
-1.39132
-1.39132
-1.39132
-1.39132
-1.39132
-1.39132
-1.39132
-1.39132
-1.39132
-1.39132
-1.39132
-1.39132
-1.39132
-1.39132
-1.39132
-1.39132
-1.39132
-1.39132
-1.39132
-1.39132
-1.39132
-1.39132
-1.39132
-1.39132
-1.39132
-1.39132
-1.39132
-1.39132
-1.39132
-1.39132
-1.39132
-1.39132
-1.39132
-1.39132
-1.39132
-1.39132
-1.39132
-1.39132
-1.39132
-1.39132
-1.39132
-1.39132
-1.39132
-1.39132
-1.39132
-1.39132
-1.39132
-1.39132
-1.39132
-1.39132
-1.39132
-1.39132
-1.39132
-1.39132
-1.39132
-1.39132
-1.39132
-1.39132
-1.39132
-1.39132
-1.39132
-1.39132
-1.39132
-1.39132
-1.39132
-1.39132
-1.39132
-1.39132
-1.39132
-1.39132
-1.39132
-1.39132
-1.39132
-1.39132
-1.39132
-1.39132
-1.39132
-1.39132
-1.39132
-1.39132
-1.39132
-1.39132
-1.39132
-1.39132
-1.39132
-1.39132
-1.39132
-1.39132
-1.39132
-1.39132
-1.39132
-1.39132
-1.39132
-1.39132
-1.39132
-1.39132
-1.39132
-1.39132
-1.39132
-1.39132
-1.39132
-1.39132
-1.39132
-1.39132
-1.39132
-1.39132
-1.39132
-1.39132
-1.39132
-1.39132
-1.39132
-1.39132
-1.39132
-1.39132
-1.39132
-1.39132
-1.39132
-1.39132
-1.39132
-1.39132
-1.39132
-1.39132
-1.39132
-1.39132
-1.39132
-1.39132
-1.39132
-1.39132
-1.39132
-1.39132
-1.39132
-1.39132
-1.39132
-1.39132
-1.39132
-1.39132
-1.39132
-1.39132
-1.39132
-1.39132
-1.39132
-1.39132
-1.39132
-1.39132
-1.39132
-1.39132
-1.39132
-1.39132
-1.39132
-1.39132
-1.39132
-1.39132
-1.39132
-1.39132
-1.39132
-1.39132
-1.39132
-1.39132
-1.39132
-1.39132
-1.39132
-1.39132
-1.39132
-1.39132
-1.39132
-1.39132
-1.39132
-1.39132
-1.39132
-1.39132
-1.39132
-1.39132
-1.39132
-1.39132
-1.39132
-1.39132
-1.39132
-1.39132
-1.39132
-1.39132
-1.39132
-1.39132
-1.39132
-1.39132
-1.39132
-1.39132
-1.39132
-1.39132
-1.39132
-1.39132
-1.39132
-1.39132
-1.39132
-1.39132
-1.39132
-1.39132
-1.39132
-1.39132
-1.39132
-1.39132
-1.39132
-1.39132
-1.39132
-1.39132
-1.39132
-1.39132
-1.39132
-1.39132
-1.39132
-1.39132
-1.39132
-1.39132
-1.39132
-1.39132
-1.39132
-1.39132
-1.39132
-1.39132
-1.39132
-1.39132
-1.39132
-1.39132
-1.39132
-1.39132
-1.39132
-1.39132
-1.39132
-1.39132
-1.39132
-1.39132
-1.39132
-1.39132
-1.39132
-1.39132
-1.39132
-1.39132
-1.39132
-1.39132
-1.39132
-1.39132
-1.39132
-1.39132
-1.39132
-1.39132
-1.39132
-1.39132
-1.39132
-1.39132
-1.39132
-1.39132
-1.39132
-1.39132
-1.39132
-1.39132
-80.00000
-80.00000
-80.00000
-80.00000
-80.00000
-80.00000
-80.00000
-80.00000
-80.00000
-80.00000
-80.00000
-80.00000
-80.00000
-80.00000
-80.00000
-80.00000
-80.00000
-80.00000
-80.00000
-80.00000
-80.00000
-80.00000
-80.00000
-80.00000
-80.00000
-80.00000
-80.00000
-80.00000
-80.00000
-80.00000
-80.00000
-80.00000
-80.00000
-80.00000
-80.00000
-80.00000
-80.00000
-80.00000
-80.00000
-80.00000
-80.00000
-80.00000
-80.00000
-80.00000
-80.00000
-80.00000
-80.00000
-80.00000
-80.00000
-80.00000
-80.00000
-80.00000
-80.00000
-80.00000
-80.00000
-80.00000
-80.00000
-80.00000
-80.00000
-80.00000
-80.00000
-80.00000
-80.00000
-80.00000
-80.00000
-80.00000
-80.00000
-80.00000
-80.00000
-80.00000
-80.00000
-80.00000
-80.00000
-80.00000
-80.00000
-80.00000
-80.00000
-80.00000
-80.00000
-80.00000
-80.00000
-80.00000
-80.00000
-80.00000
-80.00000
-80.00000
-80.00000
-80.00000
-80.00000
-80.00000
-80.00000
-80.00000
-80.00000
-80.00000
-80.00000
-80.00000
-80.00000
-80.00000
-80.00000
-80.00000
-80.00000
-80.00000
-80.00000
-80.00000
-80.00000
-80.00000
-80.00000
-80.00000
-80.00000
-80.00000
-80.00000
-80.00000
-80.00000
-80.00000
-80.00000
-80.00000
-80.00000
-80.00000
-80.00000
-80.00000
-80.00000
-80.00000
-80.00000
-80.00000
-80.00000
-80.00000
-80.00000
-80.00000
-80.00000
-80.00000
-80.00000
-80.00000
-80.00000
-80.00000
-80.00000
-80.00000
-80.00000
-80.00000
-80.00000
-80.00000
-80.00000
-80.00000
-80.00000
-80.00000
-80.00000
-80.00000
-80.00000
-80.00000
-80.00000
-80.00000
-80.00000
-80.00000
-80.00000
-80.00000
-80.00000
-80.00000
-80.00000
-80.00000
-80.00000
-80.00000
-80.00000
-80.00000
-80.00000
-80.00000
-80.00000
-80.00000
-80.00000
-80.00000
-80.00000
-80.00000
-80.00000
-80.00000
-80.00000
-80.00000
-80.00000
-80.00000
-80.00000
-80.00000
-80.00000
-80.00000
-80.00000
-80.00000
-80.00000
-80.00000
-80.00000
-80.00000
-80.00000
-80.00000
-80.00000
-80.00000
-80.00000
-80.00000
-80.00000
-80.00000
-80.00000
-80.00000
-80.00000
-80.00000
-80.00000
-80.00000
-80.00000
-80.00000
-80.00000
-80.00000
-80.00000
-80.00000
-80.00000
-80.00000
-80.00000
-80.00000
-80.00000
-80.00000
-80.00000
-80.00000
-80.00000
-80.00000
-80.00000
-80.00000
-80.00000
-80.00000
-80.00000
-80.00000
-80.00000
-80.00000
-80.00000
-80.00000
-80.00000
-80.00000
-80.00000
-80.00000
-80.00000
-80.00000
-80.00000
-80.00000
-80.00000
-80.00000
-80.00000
-80.00000
-80.00000
-80.00000
-80.00000
-80.00000
-80.00000
-80.00000
-80.00000
-80.00000
-80.00000
-80.00000
-80.00000
-80.00000
-80.00000
-80.00000
-80.00000
-80.00000
-80.00000
-80.00000
-80.00000
-80.00000
-80.00000
-80.00000
-80.00000
-80.00000
-80.00000
-80.00000
-80.00000
-80.00000
-80.00000
-80.00000
-80.00000
-80.00000
-80.00000
-80.00000
-80.00000
-80.00000
-80.00000
-80.00000
-80.00000
-80.00000
-80.00000
-80.00000
-80.00000
-80.00000
-80.00000
-80.00000
-80.00000
-80.00000
-80.00000
-80.00000
-80.00000
-80.00000
-80.00000
-80.00000
-80.00000
-80.00000
-80.00000
-80.00000
-80.00000
-80.00000
-80.00000
-80.00000
-80.00000
-80.00000
-80.00000
-80.00000
-80.00000
-80.00000
-80.00000
-80.00000
-80.00000
-80.00000
-80.00000
-80.00000
-80.00000
-80.00000
-80.00000
-80.00000
-80.00000
-80.00000
-80.00000
-80.00000
-80.00000
-80.00000
-80.00000
-80.00000
-80.00000
-80.00000
-80.00000
-80.00000
-80.00000
-80.00000
-80.00000
-80.00000
-80.00000
-80.00000
-80.00000
-80.00000
-80.00000
-80.00000
-80.00000
-80.00000
-80.00000
-80.00000
-80.00000
-80.00000
-80.00000
-80.00000
-80.00000
-80.00000
-80.00000
-80.00000
-80.00000
-80.00000
-80.00000
-80.00000
-80.00000
-80.00000
-80.00000
-80.00000
-80.00000
-80.00000
-80.00000
-80.00000
-80.00000
-80.00000
-80.00000
-80.00000
-80.00000
-80.00000
-80.00000
-80.00000
-80.00000
-80.00000
-80.00000
-80.00000
-80.00000
-80.00000
-80.00000
-80.00000
-80.00000
-80.00000
-80.00000
-80.00000
-80.00000
-80.00000
-80.00000
-80.00000
-80.00000
-80.00000
-80.00000
-80.00000
-80.00000
-80.00000
-80.00000
-80.00000
-80.00000
-80.00000
-80.00000
-80.00000
-80.00000
-80.00000
-80.00000
-80.00000
-80.00000
-80.00000
-80.00000
-80.00000
-80.00000
-80.00000
-80.00000
-80.00000
-80.00000
-80.00000
-80.00000
-80.00000
-80.00000
-80.00000
-80.00000
-80.00000
-80.00000
-80.00000
-80.00000
-80.00000
-80.00000
-80.00000
-80.00000
-80.00000
-80.00000
-80.00000
-80.00000
-80.00000
-80.00000
-80.00000
-80.00000
-80.00000
-80.00000
-80.00000
-80.00000
-80.00000
-80.00000
-80.00000
-80.00000
-80.00000
-80.00000
-80.00000
-80.00000
-80.00000
-80.00000
-80.00000
-80.00000
-80.00000
-80.00000
-80.00000
-80.00000
-80.00000
-80.00000
-80.00000
-80.00000
-80.00000
-80.00000
-80.00000
-80.00000
-80.00000
-80.00000
-80.00000
-80.00000
-80.00000
-80.00000
-80.00000
-80.00000
-80.00000
-80.00000
-80.00000
-80.00000
-80.00000
-80.00000
-80.00000
-80.00000
-80.00000
-80.00000
-80.00000
-80.00000
-80.00000
-80.00000
-80.00000
-80.00000
-80.00000
-80.00000
-80.00000
-80.00000
-80.00000
-80.00000
-80.00000
-80.00000
-80.00000
-80.00000
-80.00000
-80.00000
-80.00000
-80.00000
-80.00000
-80.00000
-80.00000
-80.00000
-80.00000
-80.00000
-80.00000
-80.00000
-80.00000
-80.00000
-80.00000
-80.00000
-80.00000
-80.00000
-80.00000
-80.00000
-80.00000
-80.00000
-80.00000
-80.00000
-80.00000
-80.00000
-80.00000
-80.00000
-80.00000
-80.00000
-80.00000
-80.00000
-80.00000
-80.00000
-80.00000
-80.00000
-80.00000
-80.00000
-80.00000
-80.00000
-80.00000
-80.00000
-80.00000
-80.00000
-80.00000
-80.00000
-80.00000
-80.00000
-80.00000
-80.00000
-80.00000
-80.00000
-80.00000
-80.00000
-80.00000
-80.00000
-80.00000
-80.00000
-80.00000
-80.00000
-80.00000
-80.00000
-80.00000
-80.00000
-80.00000
-80.00000
-80.00000
-80.00000
-80.00000
-80.00000
-80.00000
-80.00000
-80.00000
-80.00000
-80.00000
-80.00000
-80.00000
-80.00000
-80.00000
-80.00000
-80.00000
-80.00000
-80.00000
-80.00000
-80.00000
-80.00000
-80.00000
-80.00000
-80.00000
-80.00000
-80.00000
-80.00000
-80.00000
-80.00000
-80.00000
-80.00000
-80.00000
-80.00000
-80.00000
-80.00000
-80.00000
-80.00000
-80.00000
-80.00000
-80.00000
-80.00000
-80.00000
-80.00000
-80.00000
-80.00000
-80.00000
-80.00000
-80.00000
-80.00000
-80.00000
-80.00000
-80.00000
-80.00000
-80.00000
-80.00000
-80.00000
-80.00000
-80.00000
-80.00000
-80.00000
-80.00000
-80.00000
-80.00000
-80.00000
-80.00000
-80.00000
-80.00000
-80.00000
-80.00000
-80.00000
-80.00000
-80.00000
-80.00000
-80.00000
-80.00000
-80.00000
-80.00000
-80.00000
-80.00000
-80.00000
-80.00000
-80.00000
-80.00000
-80.00000
-80.00000
-80.00000
-80.00000
-80.00000
-80.00000
-80.00000
-80.00000
-80.00000
-80.00000
-80.00000
-80.00000
-80.00000
-80.00000
-80.00000
-80.00000
-80.00000
-80.00000
-80.00000
-80.00000
-80.00000
-80.00000
-80.00000
-80.00000
-80.00000
-80.00000
-80.00000
-80.00000
-80.00000
-80.00000
-80.00000
-80.00000
-80.00000
-80.00000
-80.00000
-80.00000
-80.00000
-80.00000
-80.00000
-80.00000
-80.00000
-80.00000
-80.00000
-80.00000
-80.00000
-80.00000
-80.00000
-80.00000
-80.00000
-80.00000
-80.00000
-80.00000
-80.00000
-80.00000
-80.00000
-80.00000
-80.00000
-80.00000
-80.00000
-80.00000
-80.00000
-80.00000
-80.00000
-80.00000
-80.00000
-80.00000
-80.00000
-80.00000
-80.00000
-80.00000
-80.00000
-80.00000
-80.00000
-80.00000
-80.00000
-80.00000
-80.00000
-80.00000
-80.00000
-80.00000
-80.00000
-80.00000
-80.00000
-80.00000
-80.00000
-80.00000
-80.00000
-80.00000
-80.00000
-80.00000
-80.00000
-80.00000
-80.00000
-80.00000
-80.00000
-80.00000
-80.00000
-80.00000
-80.00000
-80.00000
-80.00000
-80.00000
-80.00000
-80.00000
-80.00000
-80.00000
-80.00000
-80.00000
-80.00000
-80.00000
-80.00000
-80.00000
-80.00000
-80.00000
-80.00000
-80.00000
-80.00000
-80.00000
-80.00000
-80.00000
-80.00000
-80.00000
-80.00000
-80.00000
-80.00000
-80.00000
-80.00000
-80.00000
-80.00000
-80.00000
-80.00000
-80.00000
-80.00000
-80.00000
-80.00000
-80.00000
-80.00000
-80.00000
-80.00000
-80.00000
-80.00000
-80.00000
-80.00000
-80.00000
-80.00000
-80.00000
-80.00000
-80.00000
-80.00000
-80.00000
-80.00000
-80.00000
-80.00000
-80.00000
-80.00000
-80.00000
-80.00000
-80.00000
-80.00000
-80.00000
-80.00000
-80.00000
-80.00000
-80.00000
-80.00000
-80.00000
-80.00000
-80.00000
-80.00000
-80.00000
-80.00000
-80.00000
-80.00000
-80.00000
-80.00000
-80.00000
-80.00000
-80.00000
-80.00000
-80.00000
-80.00000
-80.00000
-80.00000
-80.00000
-80.00000
-80.00000
-80.00000
-80.00000
-80.00000
-80.00000
-80.00000
-80.00000
-80.00000
-80.00000
-80.00000
-80.00000
-80.00000
-80.00000
-80.00000
-80.00000
-80.00000
-80.00000
-80.00000
-80.00000
-80.00000
-80.00000
-80.00000
-80.00000
-80.00000
-80.00000
-80.00000
-80.00000
-80.00000
-80.00000
-80.00000
-80.00000
-80.00000
-80.00000
-80.00000
-80.00000
-80.00000
-80.00000
-80.00000
-80.00000
-80.00000
-80.00000
-80.00000
-80.00000
-80.00000
-80.00000
-80.00000
-80.00000
-80.00000
-80.00000
-80.00000
-80.00000
-80.00000
-80.00000
-80.00000
-80.00000
-80.00000
-80.00000
-80.00000
-80.00000
-80.00000
-80.00000
-80.00000
-80.00000
-80.00000
-80.00000
-80.00000
-80.00000
-80.00000
-80.00000
-80.00000
-80.00000
-80.00000
-80.00000
-80.00000
-80.00000
-80.00000
-80.00000
-80.00000
-80.00000
-80.00000
-80.00000
-80.00000
-80.00000
-80.00000
-80.00000
-80.00000
-80.00000
-80.00000
-80.00000
-80.00000
-80.00000
-80.00000
-80.00000
-80.00000
-80.00000
-80.00000
-80.00000
-80.00000
-80.00000
-80.00000
-80.00000
-80.00000
-80.00000
-80.00000
-80.00000
-80.00000
-80.00000
-80.00000
-80.00000
-80.00000
-80.00000
-79.98945
-79.91718
-79.74241
-79.44911
-79.03608
-78.52108
-77.93641
-77.27886
-76.56486
-75.80315
-75.00300
-74.16710
-73.29937
-72.40518
-71.49642
-70.56169
-69.61111
-68.64535
-67.66461
-66.67675
-65.68970
-64.71371
-63.75140
-62.78737
-61.82617
-60.86816
-59.90642
-58.93934
-57.96791
-56.99018
-56.01841
-55.03785
-54.05495
-53.06698
-52.07808
-51.08601
-50.09286
-49.09556
-48.10451
-47.10798
-46.11061
-45.11230
-44.11295
-43.11280
-42.11222
-41.11032
-40.11102
-39.10947
-38.10916
-37.10880
-36.10814
-35.10744
-34.10652
-33.10387
-32.10347
-31.10116
-30.09997
-29.09857
-28.09743
-27.09469
-26.09301
-25.08966
-24.08854
-23.08699
-22.08564
-21.08349
-20.08150
-19.07966
-18.07897
-17.07618
-16.07543
-15.07377
-14.07231
-13.07080
-12.06972
-11.06747
-10.06657
-9.06162
-8.06382
-7.06115
-6.05900
-5.05613
-4.05520
-3.05427
-2.04979
-1.04666
-0.04632
0.95495
1.95593
2.95792
3.95911
4.95975
5.96206
6.96565
7.96809
8.97045
9.97209
10.97409
11.97542
12.97743
13.97878
14.98291
15.98017
16.98055
17.98263
18.98501
19.98637
20.98747
21.98884
22.99189
23.99270
24.99416
25.99521
26.99762
27.99931
29.00133
30.00318
31.00858
32.00589
33.00901
34.01111
35.01384
36.01621
37.01874
38.02135
39.02440
40.02485
41.02587
42.02677
43.02851
44.03087
45.02985
46.03108
47.03504
48.03614
49.03803
50.03921
51.04029
52.04199
53.04444
54.04622
55.04428
56.03839
57.03426
58.03014
59.02664
60.02624
61.02554
62.02487
63.02790
64.02787
65.02969
66.03142
67.03327
68.03531
69.03721
70.03934
71.04396
72.03251
73.02235
74.01235
75.00485
75.99910
76.97366
77.91499
77.91499
78.81742
79.66764
80.46983
81.18780
81.78611
82.26143
82.61474
82.84913
82.96873
82.97925
82.85328
82.57922
82.18689
81.70439
81.15566
80.54059
79.91352
79.27547
78.60888
77.94137
77.29094
76.66222
76.03730
75.41441
74.79609
74.19783
73.61621
73.11248
72.71438
72.71438
72.41704
72.21128
72.08719
72.03405
72.04795
72.12659
72.26802
72.49500
72.82204
73.22616
73.68882
74.20173
74.76843
75.38455
76.04348
76.72021
77.40273
78.06759
78.70041
79.29149
79.85522
80.39493
80.91205
81.39826
81.80726
82.12144
82.34789
82.49656
82.57588
82.58828
82.53405
82.38624
82.12950
81.78718
81.38121
80.91554
80.38834
79.80467
79.17337
78.52164
77.85859
77.20380
76.56693
75.94309
75.33233
74.72393
74.18265
73.73742
73.38669
73.12491
72.93541
72.80878
72.74446
72.74204
72.80093
72.95381
73.22172
73.57852
74.00352
74.48286
75.01646
75.60174
76.22272
76.86801
77.50843
78.12487
78.70939
79.27894
79.83398
80.32408
80.72719
81.04782
81.30556
81.50590
81.64833
81.72995
81.70905
81.56276
81.31613
80.99127
80.60174
80.14442
79.62355
79.05767
78.45660
77.84436
77.23878
76.61966
75.98307
75.33572
74.74457
74.24208
73.83438
73.51639
73.27753
73.10413
72.99359
72.94557
72.99776
73.17073
73.43908
73.78047
74.18826
74.66449
75.20627
75.79406
76.41825
77.04969
77.66211
78.25618
78.84327
79.42666
79.94813
80.38516
80.73933
81.02755
81.25719
81.43113
81.54706
81.55866
81.43938
81.21401
80.90653
80.53205
80.09121
79.58279
79.02801
78.43452
77.82951
77.23004
76.61552
75.98160
75.33725
74.74887
74.24943
73.84280
73.52558
73.28668
73.11271
73.00113
72.95238
73.00386
73.17583
73.44224
73.78116
74.18904
74.66605
75.20594
75.79097
76.41438
77.04428
77.66007
78.25412
78.84006
79.42290
79.94560
80.38064
80.73518
81.02305
81.25395
81.42782
81.54370
81.55529
81.43597
81.21090
80.90353
80.52935
80.08808
79.57840
79.02385
78.43058
77.82476
77.22706
76.61199
75.97934
75.33448
74.74596
74.24633
73.83966
73.52231
73.28332
73.10954
72.99827
72.94951
73.00096
73.17294
73.43940
73.77930
74.18531
74.66197
75.21690
75.80289
76.42679
77.05715
77.67329
78.26934
78.85592
79.43936
79.96029
80.39730
80.75135
81.03906
81.26971
81.44389
81.55941
81.57111
81.45222
81.22730
80.91920
80.54324
80.10017
79.58868
79.03319
78.43833
77.83199
77.23096
76.61577
75.98309
75.33771
74.67108
74.05049
74.05049
73.44857
72.85701
72.28173
71.72948
71.19767
70.68480
70.18522
69.70103
69.22435
68.75641
68.29516
67.83720
67.37725
66.91261
66.44464
65.97485
65.50090
65.02121
64.53364
64.03835
63.53735
63.02959
62.51355
61.99270
61.46668
60.93634
60.40372
59.86646
59.32460
58.77927
58.23027
57.67986
57.12678
56.57177
56.01466
55.45688
54.89859
54.33863
53.77651
53.21530
52.65393
52.09222
51.52963
50.96723
50.40455
49.84198
49.27841
48.71615
48.15377
47.59190
47.02971
46.46690
45.90407
45.34139
44.77682
44.21619
43.65233
43.09123
42.52853
41.96602
41.40284
40.83959
40.27516
39.71520
39.15271
38.59031
38.02780
37.46573
36.90447
36.34168
35.77786
35.21741
34.65420
34.09128
33.52889
32.96657
32.40372
31.84070
31.27642
30.71335
30.15132
29.58852
29.02507
28.46188
27.89880
27.33597
26.77193
26.21153
25.64950
25.08739
24.52089
23.95883
23.38205
22.81938
22.25562
21.69335
21.13125
20.56872
20.00633
19.44435
18.88041
18.31756
17.75438
17.19225
16.63002
16.06742
15.50499
14.94349
14.38003
13.81737
13.25297
12.69256
12.13060
11.56827
11.00563
10.44351
9.88130
9.31887
8.75555
8.19538
7.63297
7.06990
6.50740
5.94517
5.38342
4.82121
4.25737
3.69975
3.27176
2.85090
2.21514
1.44419
0.60492
-0.27059
-1.19924
-2.07522
-2.94049
-3.83365
-4.68524
-5.45555
-6.10619
-6.57340
-6.82675
-6.85435
-6.66938
-6.31096
-5.82747
-5.25842
-4.63578
-3.98316
-3.31711
-2.63083
-1.92052
-1.18453
-0.43117
0.33088
1.08732
1.81630
2.46340
3.09208
3.77377
4.45064
5.22587
5.96053
6.58373
7.05237
7.34375
7.44365
7.34662
7.06947
6.64203
6.11316
5.53086
4.92813
4.32598
3.71341
3.07484
2.41555
1.73619
1.04900
0.36144
-0.31983
-0.99159
-1.64141
-2.30650
-3.04602
-3.82787
-4.59045
-5.27544
-5.83247
-6.37863
-6.90980
-7.28865
-7.51132
-7.74851
-8.13796
-8.64272
-9.21704
-9.81522
-10.38417
-10.88680
-11.29499
-11.60367
-11.82022
-11.96631
-12.05084
-12.07502
-12.04059
-11.95129
-11.81289
-11.63395
-11.42428
-11.19222
-10.94689
-10.70082
-10.46464
-10.24342
-10.04121
-9.86046
-9.70340
-9.57340
-9.47266
-9.39884
-9.35077
-9.32564
-9.32111
-9.33353
-9.35995
-9.39928
-9.45100
-9.51296
-9.58274
-9.65962
-9.74210
-9.82914
-9.91968
-10.01319
-10.10917
-10.20737
-10.30646
-10.40728
-10.50912
-10.61275
-10.71614
-10.82006
-10.92437
-11.02937
-11.13393
-11.23909
-11.34447
-11.45087
-11.55648
-11.66220
-11.76789
-11.87383
-11.97954
-12.08519
-12.19125
-12.29713
-12.40304
-12.50889
-12.61470
-12.72068
-12.82601
-12.93167
-13.03747
-13.14278
-13.24843
-13.35398
-13.45958
-13.56530
-13.64094
-13.66273
-13.63629
-13.56444
-13.48339
-13.42606
-13.39089
-13.37677
-13.38294
-13.47324
-13.70142
-14.04817
-14.49416
-15.07137
-15.77744
-16.55573
-17.35824
-18.15402
-18.91954
-19.63915
-20.30262
-20.88188
-21.34171
-21.68455
-21.91417
-22.04468
-22.08743
-22.05327
-21.94593
-21.74840
-21.45314
-21.08518
-20.65274
-20.15305
-19.59038
-18.97048
-18.32393
-17.66021
-17.00004
-16.35709
-15.72725
-15.10064
-14.52915
-14.03930
-13.63070
-13.29969
-13.02432
-12.80187
-12.63524
-12.52422
-12.51676
-12.64085
-12.87234
-13.18820
-13.56906
-14.01709
-14.52674
-15.08722
-15.68993
-16.30350
-16.90714
-17.50589
-18.11170
-18.72382
-19.32871
-19.86554
-20.30464
-20.64723
-20.89932
-21.07431
-21.18143
-21.22155
-21.16089
-20.98294
-20.71328
-20.37330
-19.96063
-19.47993
-18.93427
-18.34729
-17.72946
-17.10423
-16.48946
-15.87653
-15.25594
-14.68498
-14.19020
-13.77457
-13.43347
-13.14400
-12.90641
-12.72162
-12.59231
-12.56843
-12.67707
-12.89351
-13.19255
-13.55829
-13.99324
-14.49247
-15.04459
-15.64134
-16.25109
-16.85340
-17.44552
-18.06413
-18.67898
-19.28968
-19.83292
-20.27787
-20.62602
-20.88255
-21.05949
-21.17519
-21.22406
-21.16967
-20.99482
-20.72650
-20.38699
-19.97576
-19.49472
-18.94579
-18.36103
-17.74237
-17.11718
-16.50256
-15.89236
-15.27292
-14.70481
-14.21107
-13.79624
-13.45056
-13.15825
-12.90845
-12.71385
-12.57700
-12.54541
-12.64623
-12.85573
-13.15125
-13.52718
-13.96040
-14.46104
-15.01503
-15.61343
-16.22712
-16.83203
-17.43259
-18.04077
-18.65115
-19.25959
-19.80314
-20.24347
-20.58970
-20.84557
-21.02484
-21.13583
-21.18131
-21.12653
-20.95402
-20.68928
-20.35370
-19.94551
-19.46909
-18.92804
-18.34564
-17.73032
-17.10742
-16.49620
-15.88521
-15.26536
-14.69584
-14.20250
-13.78721
-13.44528
-13.15510
-12.91600
-12.73038
-12.60036
-12.57432
-12.68002
-12.89329
-13.19152
-13.55843
-13.98914
-14.48582
-15.03545
-15.62926
-16.23666
-16.83642
-17.43427
-18.03737
-18.64453
-19.25208
-19.79134
-20.23356
-20.57919
-20.83474
-21.01349
-21.12440
-21.16899
-21.11372
-20.94039
-20.67436
-20.33788
-19.92887
-19.44835
-18.90412
-18.32284
-17.70574
-17.08161
-16.46779
-15.85589
-15.23616
-14.66598
-14.17013
-13.75556
-13.41408
-13.12846
-12.89284
-12.70223
-12.56704
-12.53861
-12.64497
-12.85981
-13.16064
-13.52798
-13.96297
-14.46177
-15.03323
-15.64750
-16.29944
-16.95439
-17.59364
-18.20450
-18.79582
-19.37850
-19.94600
-20.43865
-20.82915
-21.11832
-21.31917
-21.44468
-21.50114
-21.49028
-21.41526
-21.28151
-21.10134
-20.91230
-20.71917
-20.52466
-20.32986
-20.13549
-19.94154
-19.74810
-19.55486
-19.36314
-19.17088
-18.97871
-18.78690
-18.59515
-18.40378
-18.21246
-18.02100
-17.82982
-17.63855
-17.44749
-17.25619
-17.06499
-16.87378
-16.68247
-16.49057
-16.30027
-16.10913
-15.91793
-15.72670
-15.53553
-15.34435
-15.15303
-14.96110
-14.77054
-14.57899
-14.38744
-14.19511
-13.99997
-13.80225
-13.60231
-13.40024
-13.19669
-12.99211
-12.78578
-12.57907
-12.37160
-12.16376
-11.95553
-11.74652
-11.53854
-11.32954
-11.12029
-10.91087
-10.70378
-10.50038
-10.29954
-10.10058
-9.90446
-9.70872
-9.51389
-9.32003
-9.12658
-8.93354
-8.74093
-8.54844
-8.35673
-8.16493
-7.97331
-7.78199
-7.59065
-7.39951
-7.20830
-7.01682
-6.82592
-6.63481
-6.44372
-6.25274
-6.06170
-5.87040
-5.67907
-5.48750
-5.29637
-5.10505
-4.91384
-4.72261
-4.53140
-4.34010
-4.14858
-3.95644
-3.76567
-3.57417
-3.38268
-3.19121
-2.99905
-2.80408
-2.60644
-2.40618
-2.20541
-2.00211
-1.79740
-1.59153
-1.38514
-1.17790
-0.97009
-0.76132
-0.55374
-0.34482
-0.13575
0.07357
0.39026
0.92546
1.58011
2.11692
2.40029
2.42023
2.20500
1.77649
1.15328
0.39186
-0.44040
-1.28590
-2.10920
-2.85530
-3.47961
-3.95682
-4.28731
-4.48881
-4.58122
-4.58006
-4.49956
-4.34774
-4.12812
-3.84435
-3.50468
-3.10947
-2.65673
-2.25040
-2.01381
-1.98851
-1.96398
-1.74074
-1.34415
-0.82450
-0.41549
-0.21125
-0.21762
-0.42562
-0.81083
-1.33562
-1.95295
-2.61048
-3.25788
-3.86165
-4.40034
-4.87274
-5.29056
-5.67091
-6.01177
-6.31276
-6.57199
-6.78885
-6.95846
-7.08324
-7.14619
-7.14106
-7.07805
-6.96359
-6.80065
-6.59134
-6.33884
-6.01163
-5.58706
-5.08162
-4.51082
-3.89606
-3.25254
-2.57381
-1.87766
-1.17879
-0.49609
0.15880
0.79844
1.42552
2.03521
2.57665
3.01439
3.35222
3.59467
3.75114
3.83328
3.84396
3.75413
3.54896
3.25946
2.89653
2.46293
1.95948
1.39244
0.76856
0.09555
-0.59791
-1.29827
-1.99261
-2.66254
-3.29876
-3.90471
-4.48816
-5.00391
-5.42842
-5.76195
-6.01155
-6.19366
-6.31046
-6.36102
-6.34463
-6.26413
-6.05925
-5.68318
-5.16892
-4.56738
-3.92952
-3.29310
-2.68144
-2.10675
-1.53587
-0.96226
-0.38111
0.20472
0.79675
1.39494
2.00070
2.62107
3.27598
3.92239
4.57279
5.22498
5.88077
6.53849
7.20471
7.88185
8.58366
9.28581
10.00658
10.74628
11.50780
12.28936
13.08544
13.89599
14.72189
15.55738
16.39975
17.25002
18.10768
18.97191
19.84213
20.71734
21.59899
22.48189
23.36749
24.25468
25.14335
26.03371
26.92189
27.80827
28.69668
29.58205
30.46856
31.35441
32.24076
33.12728
34.01459
34.90133
35.79025
36.67633
37.56259
38.45216
39.33956
40.22679
41.11403
42.00145
42.89086
43.77396
44.66140
45.54865
46.43008
47.30849
48.18675
49.06601
49.94526
50.82236
51.70079
52.57915
53.45782
54.33619
55.21430
56.09443
56.97336
57.85402
58.74198
59.63063
60.51716
61.38765
62.22703
63.03407
63.78590
64.44169
64.99700
65.44881
65.79566
65.99129
66.00015
65.84846
65.56484
65.17854
64.71313
64.18794
63.62332
63.03140
62.41731
61.79833
61.18824
60.58200
59.97072
59.35656
58.74419
58.14105
57.55424
57.04520
56.64394
56.34879
56.14906
56.03803
56.00652
56.04866
56.16196
56.36567
56.67013
57.04766
57.48606
57.98531
58.54588
59.15920
59.82151
60.49711
61.17716
61.83734
62.48430
63.09973
63.70185
64.28601
64.81003
65.23735
65.57501
65.83187
66.02100
66.14651
66.20152
66.15086
65.97895
65.71245
65.37385
64.96631
64.48593
63.93828
63.35391
62.74035
62.12109
61.49908
60.86141
60.20906
59.54743
58.88414
58.28560
57.78829
57.39525
57.10301
56.90463
56.79221
56.79055
56.91348
57.13384
57.43061
57.80307
58.25186
58.77356
59.35613
59.97301
60.61353
61.25337
61.87758
62.49123
63.10109
63.65722
64.13359
64.52836
64.84959
65.11058
65.31475
65.45926
65.49624
65.40166
65.20178
64.91945
64.56401
64.13653
63.63884
63.09595
62.51334
61.91743
61.31944
60.70206
60.06481
59.41970
58.77121
58.18683
57.70319
57.32245
57.04261
56.85234
56.74491
56.74590
56.86800
57.08488
57.37903
57.75283
58.20213
58.72448
59.31043
59.92923
60.57343
61.21847
61.84796
62.47230
63.08799
63.65181
64.13603
64.53755
64.85833
65.11901
65.32308
65.46775
65.50465
65.40902
65.20616
64.92073
64.56408
64.13390
63.63559
63.09051
62.51196
61.91886
61.31999
60.70657
60.07593
59.43209
58.78401
58.19878
57.71550
57.33438
57.05245
56.86295
56.75520
56.75518
56.87603
57.09251
57.38603
57.75934
58.20919
58.73146
59.31715
59.93565
60.58012
61.22717
61.85385
62.47437
63.09243
63.65605
64.14043
64.54171
64.86290
65.12363
65.32686
65.47162
65.50852
65.41380
65.21270
64.92880
64.57369
64.14364
63.64853
63.10494
62.52410
61.93183
61.33374
60.71573
60.07776
59.42995
58.78155
58.19662
57.71179
57.32963
57.04671
56.85657
56.74832
56.74788
56.86763
57.08236
57.37593
57.74686
58.19518
58.71891
59.30375
59.92249
60.56651
61.21206
61.84291
62.46456
63.08266
63.64752
64.13152
64.53376
64.85330
65.11416
65.31847
65.46289
65.49969
65.40523
65.20487
64.92159
64.56830
64.14017
63.64385
63.10156
62.52189
61.93032
61.33328
60.71415
60.08342
59.43885
58.79037
58.13030
57.39178
56.59741
55.76810
54.91299
54.05073
53.17501
52.26232
51.36934
50.47045
49.56592
48.65527
47.74016
46.82957
45.91145
44.99298
44.07144
43.14973
42.22564
41.30289
40.37597
39.45697
38.53258
37.60557
36.68042
35.75530
34.82972
33.89604
32.96879
32.04732
31.12780
30.21048
29.29438
28.37816
27.46202
26.54785
25.62954
24.71335
23.79499
22.87812
21.96097
21.04349
20.12855
19.21032
18.29130
17.37451
16.45640
15.53885
14.62186
13.70282
12.78359
11.86411
10.94360
10.02604
9.10789
8.18967
7.27134
6.35188
5.43282
4.51364
3.59244
2.67770
1.75878
0.84018
-0.07903
-0.99773
-1.91623
-2.83413
-3.75419
-4.67161
-5.59039
-6.50845
-7.42688
-8.34617
-9.26610
-10.18556
-11.10759
-12.02177
-12.93965
-13.85794
-14.77657
-15.69590
-16.61213
-17.53044
-18.45106
-19.36906
-20.28387
-21.19765
-22.11372
-23.03179
-23.94978
-24.87036
-25.79253
-26.74716
-27.71667
-28.64446
-29.49166
-30.23317
-30.85431
-31.35196
-31.72240
-32.04966
-32.48760
-33.08876
-33.80773
-34.58905
-35.36812
-36.13091
-36.86666
-37.69014
-38.53502
-39.37861
-40.15482
-40.80622
-41.28694
-41.56613
-41.63034
-41.52569
-41.30928
-41.00369
-40.62795
-40.19617
-39.70438
-39.17513
-38.59695
-37.97023
-37.28946
-36.56456
-35.80500
-35.01120
-34.19821
-33.39532
-32.61054
-31.86495
-31.15511
-30.49129
-29.86120
-29.25758
-28.73037
-28.31204
-27.99709
-27.77891
-27.64744
-27.59316
-27.60972
-27.72462
-27.95448
-28.27317
-28.65857
-29.13394
-29.65275
-30.23318
-30.84573
-31.48186
-32.11695
-32.73528
-33.34879
-33.96093
-34.52147
-35.00289
-35.40247
-35.73028
-36.00152
-36.22128
-36.38757
-36.49701
-36.50377
-36.37996
-36.15048
-35.83776
-35.46057
-35.01878
-34.50739
-33.95089
-33.34795
-32.73335
-32.12821
-31.52985
-30.92555
-30.31508
-29.70425
-29.16334
-28.72012
-28.37391
-28.11890
-27.94228
-27.83403
-27.79299
-27.85369
-28.03165
-28.30231
-28.64305
-29.05404
-29.53703
-30.08354
-30.67266
-31.29346
-31.91660
-32.53196
-33.14584
-33.76794
-34.33836
-34.83442
-35.25043
-35.59302
-35.87757
-36.11332
-36.29623
-36.42385
-36.44659
-36.33699
-36.12024
-35.81833
-35.45181
-35.01722
-34.51748
-33.96445
-33.36650
-32.75686
-32.15487
-31.56003
-30.95891
-30.35118
-29.74293
-29.12759
-28.58610
-28.15498
-27.83207
-27.60922
-27.47879
-27.42883
-27.48343
-27.65568
-27.91866
-28.25462
-28.66501
-29.14953
-29.69957
-30.30897
-30.94797
-31.60705
-32.26521
-32.90859
-33.53049
-34.14383
-34.70132
-35.17896
-35.57377
-35.89488
-36.16817
-36.38430
-36.54836
-36.65411
-36.70334
-36.70283
-36.66495
-36.60099
-36.51463
-36.40935
-36.28784
-36.15279
-36.00664
-35.84990
-35.68531
-35.51449
-35.33853
-35.15947
-34.97791
-34.79494
-34.61280
-34.43051
-34.24965
-34.07063
-33.89163
-33.71064
-33.52791
-33.34216
-33.15460
-32.96456
-32.77235
-32.57829
-32.38223
-32.18458
-31.98541
-31.78492
-31.58353
-31.38097
-31.17719
-30.97265
-30.76738
-30.56141
-30.35448
-30.14682
-29.93924
-29.73106
-29.52244
-29.31327
-29.10352
-28.89375
-28.68338
-28.47246
-28.26163
-28.05043
-27.83933
-27.62800
-27.41649
-27.20569
-26.99412
-26.78020
-26.56839
-26.34856
-26.13451
-25.91993
-25.70481
-25.48928
-25.27326
-25.05668
-24.83958
-24.62195
-24.40412
-24.18588
-23.96745
-23.74877
-23.53010
-23.31084
-23.09164
-22.87224
-22.65272
-22.43312
-22.21316
-21.99342
-21.77364
-21.55336
-21.33274
-21.11266
-20.89235
-20.67212
-20.45175
-20.23137
-20.01059
-19.78965
-19.57011
-19.34926
-19.12858
-18.90807
-18.68753
-18.46689
-18.24619
-18.02528
-17.80457
-17.58397
-17.36311
-17.14242
-16.92168
-16.70101
-16.48021
-16.25939
-16.03985
-15.81970
-15.59922
-15.37909
-15.15839
-14.93736
-14.71689
-14.49607
-14.27578
-14.05484
-13.83428
-13.61406
-13.39363
-13.17318
-12.95269
-12.73208
-12.51199
-12.29199
-12.07145
-11.85105
-11.63078
-11.41188
-11.19462
-10.97765
-10.76190
-10.54625
-10.33140
-10.11641
-9.90174
-9.68720
-9.47309
-9.25894
-9.04562
-8.83192
-8.61858
-8.40536
-8.19225
-7.97921
-7.76612
-7.55278
-7.34089
-7.12807
-6.91533
-6.70273
-6.49015
-6.27753
-6.06510
-5.85198
-5.64047
-5.42790
-5.21570
-5.00354
-4.79134
-4.57895
-4.36678
-4.15408
-3.94201
-3.72984
-3.51755
-3.30509
-3.09354
-2.88190
-2.66906
-2.45542
-2.24261
-2.02823
-1.81317
-1.59774
-1.38166
-1.16497
-0.94828
-0.73076
-0.51323
-0.29520
-0.29520
-0.08414
0.12007
0.31739
0.50800
0.69159
0.86872
1.03857
1.20172
1.35787
1.50708
1.64932
1.78484
1.91357
2.03564
2.15003
2.25809
2.35928
2.45359
2.54111
2.62168
2.69540
2.76232
2.82220
2.87529
2.92152
2.96088
2.99324
3.01883
3.03753
3.04937
3.05528
3.05823
3.05971
3.06045
3.06082
3.06101
3.06110
3.06114
3.06117
3.06118
3.06118
3.06119
3.06119
3.06119
3.06119
3.06119
3.06119
3.06119
3.06119
3.06119
3.06119
3.06119
3.06119
3.06119
3.06119
3.06119
3.06119
3.06119
3.06119
3.06119
3.06119
3.06119
3.06119
3.06119
3.06119
3.06119
3.06119
3.06119
3.06119
3.06119
3.06119
3.06119
3.06119
3.06119
3.06119
3.06119
3.06119
3.06119
3.06119
3.06119
3.06119
3.06119
3.06119
3.06119
3.06119
3.06119
3.06119
3.06119
3.06119
3.06119
3.06119
3.06119
3.06119
3.06119
3.06119
3.06119
3.06119
3.06119
3.06119
3.06119
3.06119
3.06119
3.06119
3.06119
3.06119
3.06119
3.06119
3.06119
3.06119
3.06119
3.06119
3.06119
3.06119
3.06119
3.06119
3.06119
3.06119
3.06119
3.06119
3.06119
3.06119
3.06119
3.06119
3.06119
3.06119
3.06119
3.06119
3.06119
3.06119
3.06119
3.06119
3.06119
3.06119
3.06119
3.06119
3.06119
3.06119
3.06119
3.06119
3.06119
3.06119
3.06119
3.06119
3.06119
3.06119
3.06119
3.06119
3.06119
3.06119
3.06119
3.06119
3.06119
3.06119
3.06119
3.06119
3.06119
3.06119
3.06119
3.06119
3.06119
3.06119
3.06119
3.06119
3.06119
3.06119
3.06119
3.06119
3.06119
3.06119
3.06119
3.06119
3.06119
3.06119
3.06119
3.06119
3.06119
3.06119
3.06119
3.06119
3.06119
3.06119
3.06119
3.06119
3.06119
3.06119
3.06119
3.06119
3.06119
3.06119
3.06119
3.06119
3.06119
3.06119
3.06119
3.06119
3.06119
3.06119
3.06119
3.06119
3.06119
3.06119
3.06119
3.06119
3.06119
3.06119
3.06119
3.06119
3.06119
3.06119
3.06119
3.06119
3.06119
3.06119
3.06119
3.06119
3.06119
3.06119
3.06119
3.06119
3.06119
3.06119
3.06119
3.06119
3.06119
3.06119
3.06119
3.06119
3.06119
3.06119
3.06119
3.06119
3.06119
3.06119
3.06119
3.06119
3.06119
3.06119
3.06119
3.06119
3.06119
3.06119
3.06119
3.06119
3.06119
3.06119
3.06119
3.06119
3.06119
3.06119
3.06119
3.06119
3.06119
3.06119
3.06119
3.06119
3.06119
3.06119
3.06119
3.06119
3.06119
3.06119
3.06119
3.06119
3.06119
3.06119
3.06119
3.06119
3.06119
3.06119
3.06119
3.06119
3.06119
3.06119
3.06119
3.06119
3.06119
3.06119
3.06119
3.06119
3.06119
3.06119
3.06119
3.06119
3.06119
3.06119
3.06119
3.06119
3.06119
3.06119
3.06119
3.06119
3.06119
3.06119
-80.00000
-80.00000
-80.00000
-80.00000
-80.00000
-80.00000
-80.00000
-80.00000
-80.00000
-80.00000
-80.00000
-80.00000
-80.00000
-80.00000
-80.00000
-80.00000
-80.00000
-80.00000
-80.00000
-80.00000
-80.00000
-80.00000
-80.00000
-80.00000
-80.00000
-80.00000
-80.00000
-80.00000
-80.00000
-80.00000
-80.00000
-80.00000
-80.00000
-80.00000
-80.00000
-80.00000
-80.00000
-80.00000
-80.00000
-80.00000
-80.00000
-80.00000
-80.00000
-80.00000
-80.00000
-80.00000
-80.00000
-80.00000
-80.00000
-80.00000
-80.00000
-80.00000
-80.00000
-80.00000
-80.00000
-80.00000
-80.00000
-80.00000
-80.00000
-80.00000
-80.00000
-80.00000
-80.00000
-80.00000
-80.00000
-80.00000
-80.00000
-80.00000
-80.00000
-80.00000
-80.00000
-80.00000
-80.00000
-80.00000
-80.00000
-80.00000
-80.00000
-80.00000
-80.00000
-80.00000
-80.00000
-80.00000
-80.00000
-80.00000
-80.00000
-80.00000
-80.00000
-80.00000
-80.00000
-80.00000
-80.00000
-80.00000
-80.00000
-80.00000
-80.00000
-80.00000
-80.00000
-80.00000
-80.00000
-80.00000
-80.00000
-80.00000
-80.00000
-80.00000
-80.00000
-80.00000
-80.00000
-80.00000
-80.00000
-80.00000
-80.00000
-80.00000
-80.00000
-80.00000
-80.00000
-80.00000
-80.00000
-80.00000
-80.00000
-80.00000
-80.00000
-80.00000
-80.00000
-80.00000
-80.00000
-80.00000
-80.00000
-80.00000
-80.00000
-80.00000
-80.00000
-80.00000
-80.00000
-80.00000
-80.00000
-80.00000
-80.00000
-80.00000
-80.00000
-80.00000
-80.00000
-80.00000
-80.00000
-80.00000
-80.00000
-80.00000
-80.00000
-80.00000
-80.00000
-80.00000
-80.00000
-80.00000
-80.00000
-80.00000
-80.00000
-80.00000
-80.00000
-80.00000
-80.00000
-80.00000
-80.00000
-80.00000
-80.00000
-80.00000
-80.00000
-80.00000
-80.00000
-80.00000
-80.00000
-80.00000
-80.00000
-80.00000
-80.00000
-80.00000
-80.00000
-80.00000
-80.00000
-80.00000
-80.00000
-80.00000
-80.00000
-80.00000
-80.00000
-80.00000
-80.00000
-80.00000
-80.00000
-80.00000
-80.00000
-80.00000
-80.00000
-80.00000
-80.00000
-80.00000
-80.00000
-80.00000
-80.00000
-80.00000
-80.00000
-80.00000
-80.00000
-80.00000
-80.00000
-80.00000
-80.00000
-80.00000
-80.00000
-80.00000
-80.00000
-80.00000
-80.00000
-80.00000
-80.00000
-80.00000
-80.00000
-80.00000
-80.00000
-80.00000
-80.00000
-80.00000
-80.00000
-80.00000
-80.00000
-80.00000
-80.00000
-80.00000
-80.00000
-80.00000
-80.00000
-80.00000
-80.00000
-80.00000
-80.00000
-80.00000
-80.00000
-80.00000
-80.00000
-80.00000
-80.00000
-80.00000
-80.00000
-80.00000
-80.00000
-80.00000
-80.00000
-80.00000
-80.00000
-80.00000
-80.00000
-80.00000
-80.00000
-80.00000
-80.00000
-80.00000
-80.00000
-80.00000
-80.00000
-80.00000
-80.00000
-80.00000
-80.00000
-80.00000
-80.00000
-80.00000
-80.00000
-80.00000
-80.00000
-80.00000
-80.00000
-80.00000
-80.00000
-80.00000
-80.00000
-80.00000
-80.00000
-80.00000
-80.00000
-80.00000
-80.00000
-80.00000
-80.00000
-80.00000
-80.00000
-80.00000
-80.00000
-80.00000
-80.00000
-80.00000
-80.00000
-80.00000
-80.00000
-80.00000
-80.00000
-80.00000
-80.00000
-80.00000
-80.00000
-80.00000
-80.00000
-80.00000
-80.00000
-80.00000
-80.00000
-80.00000
-80.00000
-80.00000
-80.00000
-80.00000
-80.00000
-80.00000
-80.00000
-80.00000
-80.00000
-80.00000
-80.00000
-80.00000
-80.00000
-80.00000
-80.00000
-80.00000
-80.00000
-80.00000
-80.00000
-80.00000
-80.00000
-80.00000
-80.00000
-80.00000
-80.00000
-80.00000
-80.00000
-80.00000
-80.00000
-80.00000
-80.00000
-80.00000
-80.00000
-80.00000
-80.00000
-80.00000
-80.00000
-80.00000
-80.00000
-80.00000
-80.00000
-80.00000
-80.00000
-80.00000
-80.00000
-80.00000
-80.00000
-80.00000
-80.00000
-80.00000
-80.00000
-80.00000
-80.00000
-80.00000
-80.00000
-80.00000
-80.00000
-80.00000
-80.00000
-80.00000
-80.00000
-80.00000
-80.00000
-80.00000
-80.00000
-80.00000
-80.00000
-80.00000
-80.00000
-80.00000
-80.00000
-80.00000
-80.00000
-80.00000
-80.00000
-80.00000
-80.00000
-80.00000
-80.00000
-80.00000
-80.00000
-80.00000
-80.00000
-80.00000
-80.00000
-80.00000
-80.00000
-80.00000
-80.00000
-80.00000
-80.00000
-80.00000
-80.00000
-80.00000
-80.00000
-80.00000
-80.00000
-80.00000
-80.00000
-80.00000
-80.00000
-80.00000
-80.00000
-80.00000
-80.00000
-80.00000
-80.00000
-80.00000
-80.00000
-80.00000
-80.00000
-80.00000
-80.00000
-80.00000
-80.00000
-80.00000
-80.00000
-80.00000
-80.00000
-80.00000
-80.00000
-80.00000
-80.00000
-80.00000
-80.00000
-80.00000
-80.00000
-80.00000
-80.00000
-80.00000
-80.00000
-80.00000
-80.00000
-80.00000
-80.00000
-80.00000
-80.00000
-80.00000
-80.00000
-80.00000
-80.00000
-80.00000
-80.00000
-80.00000
-80.00000
-80.00000
-80.00000
-80.00000
-80.00000
-80.00000
-80.00000
-80.00000
-80.00000
-80.00000
-80.00000
-80.00000
-80.00000
-80.00000
-80.00000
-80.00000
-80.00000
-80.00000
-80.00000
-80.00000
-80.00000
-80.00000
-80.00000
-80.00000
-80.00000
-80.00000
-80.00000
-80.00000
-80.00000
-80.00000
-80.00000
-80.00000
-80.00000
-80.00000
-80.00000
-80.00000
-80.00000
-80.00000
-80.00000
-80.00000
-80.00000
-80.00000
-80.00000
-80.00000
-80.00000
-80.00000
-80.00000
-80.00000
-80.00000
-80.00000
-80.00000
-80.00000
-80.00000
-80.00000
-80.00000
-80.00000
-80.00000
-80.00000
-80.00000
-80.00000
-80.00000
-80.00000
-80.00000
-80.00000
-80.00000
-80.00000
-80.00000
-80.00000
-80.00000
-80.00000
-80.00000
-80.00000
-80.00000
-80.00000
-80.00000
-80.00000
-80.00000
-80.00000
-80.00000
-80.00000
-80.00000
-80.00000
-80.00000
-80.00000
-80.00000
-80.00000
-80.00000
-80.00000
-80.00000
-80.00000
-80.00000
-80.00000
-80.00000
-80.00000
-80.00000
-80.00000
-80.00000
-80.00000
-80.00000
-80.00000
-80.00000
-80.00000
-80.00000
-80.00000
-80.00000
-80.00000
-80.00000
-80.00000
-80.00000
-80.00000
-80.00000
-80.00000
-80.00000
-80.00000
-80.00000
-80.00000
-80.00000
-80.00000
-80.00000
-80.00000
-80.00000
-80.00000
-80.00000
-80.00000
-80.00000
-80.00000
-80.00000
-80.00000
-80.00000
-80.00000
-80.00000
-80.00000
-80.00000
-80.00000
-80.00000
-80.00000
-80.00000
-80.00000
-80.00000
-80.00000
-80.00000
-80.00000
-80.00000
-80.00000
-80.00000
-80.00000
-80.00000
-80.00000
-80.00000
-80.00000
-80.00000
-80.00000
-80.00000
-80.00000
-80.00000
-80.00000
-80.00000
-80.00000
-80.00000
-80.00000
-80.00000
-80.00000
-80.00000
-80.00000
-80.00000
-80.00000
-80.00000
-80.00000
-80.00000
-80.00000
-80.00000
-80.00000
-80.00000
-80.00000
-80.00000
-80.00000
-80.00000
-80.00000
-80.00000
-80.00000
-80.00000
-80.00000
-80.00000
-80.00000
-80.00000
-80.00000
-80.00000
-80.00000
-80.00000
-80.00000
-80.00000
-80.00000
-80.00000
-80.00000
-80.00000
-80.00000
-80.00000
-80.00000
-80.00000
-80.00000
-80.00000
-80.00000
-80.00000
-80.00000
-80.00000
-80.00000
-80.00000
-80.00000
-80.00000
-80.00000
-80.00000
-80.00000
-80.00000
-80.00000
-80.00000
-80.00000
-80.00000
-80.00000
-80.00000
-80.00000
-80.00000
-80.00000
-80.00000
-80.00000
-80.00000
-80.00000
-80.00000
-80.00000
-80.00000
-80.00000
-80.00000
-80.00000
-80.00000
-80.00000
-80.00000
-80.00000
-80.00000
-80.00000
-80.00000
-80.00000
-80.00000
-80.00000
-80.00000
-80.00000
-80.00000
-80.00000
-80.00000
-80.00000
-80.00000
-80.00000
-80.00000
-80.00000
-80.00000
-80.00000
-80.00000
-80.00000
-80.00000
-80.00000
-80.00000
-80.00000
-80.00000
-80.00000
-80.00000
-80.00000
-80.00000
-80.00000
-80.00000
-80.00000
-80.00000
-80.00000
-80.00000
-80.00000
-80.00000
-80.00000
-80.00000
-80.00000
-80.00000
-80.00000
-80.00000
-80.00000
-80.00000
-80.00000
-80.00000
-80.00000
-80.00000
-80.00000
-80.00000
-80.00000
-80.00000
-80.00000
-80.00000
-80.00000
-80.00000
-80.00000
-80.00000
-80.00000
-80.00000
-80.00000
-80.00000
-80.00000
-80.00000
-80.00000
-80.00000
-80.00000
-80.00000
-80.00000
-80.00000
-80.00000
-80.00000
-80.00000
-80.00000
-80.00000
-80.00000
-80.00000
-80.00000
-80.00000
-80.00000
-80.00000
-80.00000
-80.00000
-80.00000
-80.00000
-80.00000
-80.00000
-80.00000
-80.00000
-80.00000
-80.00000
-80.00000
-80.00000
-80.00000
-80.00000
-80.00000
-80.00000
-80.00000
-80.00000
-80.00000
-80.00000
-80.00000
-80.00000
-80.00000
-80.00000
-80.00000
-80.00000
-80.00000
-80.00000
-80.00000
-80.00000
-80.00000
-80.00000
-80.00000
-80.00000
-80.00000
-80.00000
-80.00000
-80.00000
-80.00000
-80.00000
-80.00000
-80.00000
-80.00000
-80.00000
-80.00000
-80.00000
-80.00000
-80.00000
-80.00000
-80.00000
-80.00000
-80.00000
-80.00000
-80.00000
-80.00000
-80.00000
-80.00000
-80.00000
-80.00000
-80.00000
-80.00000
-80.00000
-80.00000
-80.00000
-80.00000
-80.00000
-80.00000
-80.00000
-80.00000
-80.00000
-80.00000
-80.00000
-80.00000
-80.00000
-80.00000
-80.00000
-80.00000
-80.00000
-80.00000
-80.00000
-80.00000
-80.00000
-80.00000
-80.00000
-80.00000
-80.00000
-80.00000
-80.00000
-80.00000
-80.00000
-80.00000
-80.00000
-80.00000
-80.00000
-80.00000
-80.00000
-80.00000
-80.00000
-80.00000
-80.00000
-80.00000
-80.00000
-80.00000
-80.00000
-80.00000
-80.00000
-80.00000
-80.00000
-80.00000
-80.00000
-80.00000
-80.00000
-80.00000
-80.00000
-80.00000
-80.00000
-80.00000
-80.00000
-80.00000
-80.00000
-80.00000
-80.00000
-80.00000
-80.00000
-80.00000
-80.00000
-80.00000
-80.00000
-80.00000
-80.00000
-80.00000
-80.00000
-80.00000
-80.00000
-80.00000
-80.00000
-80.00000
-80.00000
-80.00000
-80.00000
-80.00000
-80.00000
-80.00000
-80.00000
-80.00000
-80.00000
-80.00000
-80.00000
-80.00000
-80.00000
-80.00000
-80.00000
-80.00000
-80.00000
-80.00000
-80.00000
-80.00000
-80.00000
-80.00000
-80.00000
-80.00000
-80.00000
-80.00000
-80.00000
-80.00000
-80.00000
-80.00000
-80.00000
-80.00000
-80.00000
-80.00000
-80.00000
-80.00000
-80.00000
-80.00000
-80.00000
-80.00000
-80.00000
-80.00000
-80.00000
-80.00000
-80.00000
-80.00000
-80.00000
-80.00000
-80.00000
-80.00000
-80.00000
-80.00000
-80.00000
-80.00000
-80.00000
-80.00000
-80.00000
-80.00000
-80.00000
-80.00000
-80.00000
-80.00000
-80.00000
-80.00000
-80.00000
-80.00000
-80.00000
-80.00000
-80.00000
-80.00000
-80.00000
-80.00000
-80.00000
-80.00000
-80.00000
-80.00000
-80.00000
-80.00000
-80.00000
-80.00000
-80.00000
-80.00000
-80.00000
-80.00000
-80.00000
-80.00000
-80.00000
-80.00000
-80.00000
-80.00000
-80.00000
-80.00000
-80.00000
-80.00000
-80.00000
-80.00000
-80.00000
-80.00000
-80.00000
-80.00000
-80.00000
-80.00000
-80.00000
-80.00000
-80.00000
-80.00000
-80.00000
-80.00000
-80.00000
-80.00000
-80.00000
-80.00000
-80.00000
-80.00000
-80.00000
-80.00000
-80.00000
-80.00000
-80.00000
-80.00000
-80.00000
-80.00000
-80.00000
-80.00000
-80.00000
-80.00000
-80.00000
-80.00000
-80.00000
-80.00000
-80.00000
-80.00000
-80.00000
-80.00000
-80.00000
-80.00000
-80.00000
-80.00000
-80.00000
-80.00000
-80.00000
-80.00000
-80.00000
-80.00000
-80.00000
-80.00000
-80.00000
-80.00000
-80.00000
-80.00000
-80.00000
-80.00000
-80.00000
-80.00000
-80.00000
-80.00000
-80.00000
-80.00000
-80.00000
-80.00000
-80.00000
-80.00000
-80.00000
-80.00000
-80.00000
-80.00000
-80.00000
-80.00000
-80.00000
-80.00000
-80.00000
-80.00000
-80.00000
-80.00000
-80.00000
-80.00000
-80.00000
-80.00000
-80.00000
-80.00000
-80.00000
-80.00000
-80.00000
-80.00000
-80.00000
-80.00000
-79.98708
-79.90525
-79.71888
-79.41348
-78.99545
-78.48573
-77.90799
-77.26408
-76.55567
-75.79562
-74.99497
-74.16138
-73.29833
-72.40326
-71.48206
-70.54103
-69.57868
-68.59953
-67.60958
-66.61931
-65.63848
-64.66947
-63.70097
-62.73677
-61.76958
-60.79852
-59.82780
-58.85769
-57.87032
-56.92678
-56.01989
-55.16356
-54.34884
-53.58989
-53.58989
-52.91031
-52.34222
-51.88582
-51.53650
-51.28936
-51.13982
-51.12632
-51.27730
-51.56191
-51.95256
-52.42398
-52.95550
-53.53335
-54.14465
-54.78605
-55.42868
-56.05549
-56.67566
-57.29827
-57.92187
-58.54141
-59.08905
-59.53679
-59.88187
-60.13377
-60.30287
-60.40101
-60.43214
-60.39765
-60.39765
-60.26932
-60.03016
-59.70416
-59.31464
-58.85992
-58.33970
-57.75963
-57.13990
-56.49169
-55.84196
-55.21129
-54.61172
-54.02284
-53.44562
-52.93238
-52.50344
-52.15807
-51.88050
-51.65329
-51.48504
-51.37745
-51.37503
-51.50241
-51.73443
-52.04760
-52.42630
-52.87376
-53.38571
-53.94258
-54.53621
-55.14078
-55.74228
-56.35885
-56.99313
-57.63965
-58.22917
-58.73021
-59.13908
-59.45771
-59.69782
-59.87206
-59.98371
-60.03280
-59.98173
-59.81019
-59.54418
-59.20568
-58.79759
-58.32090
-57.77875
-57.18971
-56.56208
-55.92763
-55.30743
-54.71101
-54.12332
-53.54035
-53.01898
-52.58200
-52.22745
-51.93930
-51.70846
-51.53441
-51.42006
-51.41167
-51.53329
-51.75933
-52.06596
-52.44082
-52.88567
-53.39632
-53.95332
-54.54819
-55.15567
-55.76155
-56.37934
-57.01263
-57.65763
-58.24614
-58.74680
-59.15322
-59.47036
-59.70943
-59.88361
-59.99531
-60.04400
-59.99243
-59.82001
-59.55349
-59.21405
-58.80553
-58.32825
-57.78801
-57.20138
-56.57855
-55.94589
-55.33262
-54.73845
-54.15240
-53.56893
-53.04771
-52.61074
-52.25707
-51.96875
-51.73931
-51.56509
-51.44887
-51.43705
-51.55575
-51.78064
-52.08737
-52.46172
-52.90230
-53.41060
-53.96465
-54.55755
-55.16276
-55.76238
-56.37723
-57.01116
-57.65612
-58.24557
-58.74561
-59.15385
-59.46917
-59.70807
-59.88180
-59.99310
-60.04136
-59.98971
-59.81724
-59.55001
-59.21023
-58.80257
-58.32537
-57.78544
-57.20182
-56.57860
-55.94880
-55.33152
-54.73696
-54.15360
-53.57122
-53.04939
-52.61307
-52.25879
-51.97097
-51.74024
-51.56616
-51.45005
-51.43837
-51.55758
-51.78240
-52.09020
-52.46449
-52.90606
-53.41531
-53.97074
-54.56417
-55.17138
-55.76829
-56.38323
-57.01585
-57.66128
-58.24990
-58.74947
-59.15675
-59.47450
-59.71305
-59.88672
-59.99784
-60.04648
-59.99486
-59.82263
-59.55575
-59.21552
-58.80928
-58.33252
-57.79355
-57.20779
-56.58399
-55.95284
-55.33695
-54.74161
-54.15503
-53.57147
-53.05048
-52.61339
-52.25947
-51.97169
-51.74109
-51.56671
-51.45125
-51.43970
-51.55902
-51.78434
-52.09188
-52.46676
-52.90829
-53.41910
-53.97198
-54.56514
-55.17029
-55.77021
-56.38546
-57.01801
-57.66330
-58.25339
-58.75255
-59.15885
-59.47570
-59.71482
-59.88853
-59.99987
-60.04844
-60.03789
-59.90813
-59.62104
-59.62104
-59.21657
-58.72817
-58.18487
-57.61077
-56.98480
-56.30181
-55.56875
-54.78404
-53.95784
-53.09278
-52.19772
-51.27646
-50.32685
-49.35332
-48.36743
-47.38391
-46.40432
-45.43348
-44.45970
-43.48961
-42.52318
-41.57162
-40.65156
-39.75932
-38.90444
-38.09202
-37.35306
-36.73338
-36.24083
-35.87523
-35.63546
-35.55003
-35.64355
-35.88416
-36.24195
-36.68900
-37.20179
-37.76150
-38.35233
-38.97558
-39.61640
-40.25157
-40.86419
-41.46908
-42.06837
-42.66295
-43.18918
-43.62930
-43.98312
-44.26353
-44.48310
-44.64354
-44.74474
-44.78672
-44.72925
-44.54666
-44.26335
-43.90181
-43.48048
-42.99788
-42.45417
-41.86537
-41.24543
-40.61678
-39.99292
-39.38616
-38.76950
-38.16488
-37.56529
-37.03509
-36.60575
-36.27365
-36.03212
-35.86811
-35.77315
-35.74598
-35.81852
-36.00721
-36.28585
-36.63246
-37.05277
-37.54190
-38.09809
-38.69211
-39.31768
-39.95082
-40.56951
-41.18690
-41.80616
-42.37490
-42.86663
-43.27824
-43.61746
-43.90189
-44.13447
-44.31297
-44.43492
-44.45216
-44.33865
-44.11926
-43.81675
-43.44770
-43.01116
-42.50953
-41.95581
-41.35740
-40.74673
-40.14409
-39.54766
-38.94313
-38.33576
-37.72729
-37.18662
-36.74288
-36.39697
-36.14144
-35.96330
-35.85329
-35.81099
-35.86981
-36.04616
-36.31413
-36.65250
-37.06114
-37.54071
-38.08769
-38.67268
-39.29004
-39.91514
-40.52888
-41.14126
-41.76232
-42.33309
-42.82953
-43.24286
-43.58452
-43.87045
-44.10641
-44.28949
-44.41705
-44.43988
-44.33001
-44.11338
-43.81188
-43.44483
-43.00895
-42.50890
-41.95638
-41.35851
-40.74679
-40.14798
-39.55275
-38.95011
-38.34131
-37.73298
-37.19244
-36.74956
-36.40252
-36.14806
-35.96983
-35.85978
-35.81718
-35.87629
-36.05250
-36.31996
-36.66002
-37.07783
-37.55746
-38.10014
-38.68443
-39.30208
-39.95691
-40.57018
-41.18631
-41.80220
-42.37032
-42.86177
-43.27257
-43.61203
-43.89553
-44.12626
-44.30516
-44.42947
-44.44878
-44.33583
-44.11616
-43.81207
-43.44272
-43.00517
-42.47452
-41.90630
-41.09567
-40.46411
-39.84475
-39.24417
-38.64269
-38.04057
-37.44006
-36.91470
-36.48740
-36.15920
-35.92403
-35.76839
-35.68229
-35.66461
-35.74677
-35.94407
-36.23058
-36.58767
-37.01535
-37.51322
-38.07245
-38.66993
-39.29927
-39.92935
-40.54980
-41.16990
-41.79126
-42.36203
-42.85566
-43.26822
-43.60841
-43.89092
-44.12149
-44.29969
-44.42347
-44.44273
-44.32936
-44.10815
-43.80226
-43.43326
-42.99775
-42.49421
-41.93972
-41.34068
-40.73002
-40.12823
-39.53084
-38.93032
-38.32084
-37.71165
-37.17077
-36.72772
-36.38175
-36.12707
-35.95005
-35.84202
-35.80070
-35.86069
-36.03783
-36.30629
-36.64523
-37.05675
-37.53704
-38.08194
-38.66777
-39.28453
-39.90900
-40.52300
-41.13500
-41.75520
-42.32697
-42.82140
-43.23686
-43.57870
-43.86439
-44.10003
-44.28288
-44.41056
-44.48703
-44.46311
-44.30956
-44.04834
-43.70804
-43.30544
-42.83401
-42.29449
-41.68998
-41.03183
-40.31936
-39.55933
-38.76413
-37.93671
-37.08298
-36.20753
-35.31410
-34.41965
-33.52496
-32.64263
-31.77747
-30.93068
-30.09211
-29.26085
-28.42988
-27.61061
-26.79027
-25.97117
-25.15227
-24.33172
-23.50995
-22.68856
-21.86563
-21.04774
-20.23050
-19.41728
-18.60459
-17.79233
-16.97980
-16.16682
-15.35260
-14.54401
-13.73173
-12.91926
-12.10626
-11.29317
-10.48025
-9.66704
-8.85235
-8.04034
-7.22660
-6.41358
-5.60016
-4.78715
-3.97454
-3.16200
-2.34610
-1.53598
-0.72561
0.08434
0.89678
1.71006
2.52609
3.34303
4.16378
4.98666
5.80648
6.62723
7.44908
8.27156
9.09445
9.91768
10.74222
11.56492
12.38766
13.21101
14.03504
14.85873
15.68286
16.50678
17.33342
18.15381
18.97770
19.80046
20.62398
21.44283
22.25964
23.07315
23.88716
24.69896
25.51388
26.32657
27.16034
27.97185
28.78410
29.59636
30.41021
31.22221
32.03502
32.84817
33.66102
34.47418
35.28691
36.10016
36.91496
37.72119
38.53371
39.34585
40.15911
40.97464
41.79102
42.60880
43.42939
44.24907
45.07148
45.89344
46.71589
47.53860
48.36120
49.18408
50.00926
50.82971
51.65394
52.47830
53.30287
54.12707
54.95170
55.77598
56.60158
57.42482
58.24958
59.06865
59.88509
60.69891
61.51172
62.32303
63.13717
63.94677
64.76003
65.57254
66.38538
67.19806
68.01025
68.82293
69.63723
70.44973
71.26238
72.07525
72.88815
73.69819
74.50925
75.32148
76.13651
76.95091
77.76761
78.58502
79.40824
80.25031
81.10396
81.96509
82.83086
83.70996
84.59744
85.46825
86.30934
87.10835
87.85655
88.51869
89.05657
89.46476
89.74971
89.91921
89.98490
89.95813
89.81837
89.55676
89.20190
88.77961
88.30251
87.76538
87.17107
86.52843
85.86489
85.19393
84.53436
83.90356
83.28356
82.67339
82.12396
81.66038
81.28144
80.97609
80.72942
80.54129
80.40977
80.33681
80.36565
80.52131
80.77872
81.11622
81.51824
81.98034
82.50800
83.08388
83.69961
84.32452
84.93801
85.54266
86.14887
86.75297
87.35679
87.89203
88.32871
88.66931
88.91813
89.09050
89.19346
89.22912
89.20191
89.07475
88.82720
88.48427
88.07163
87.60476
87.07998
86.49793
85.88711
85.25811
84.63281
84.02731
83.43133
82.83440
82.29308
81.83648
81.45877
81.14690
80.88073
80.66837
80.51249
80.41387
80.37291
80.43489
80.62766
80.92501
81.30456
81.74580
82.23933
82.78636
83.37771
83.97978
84.57455
85.17101
85.77850
86.39441
87.01081
87.63470
88.25269
88.78760
89.20605
89.50807
89.70054
89.79397
89.79909
89.69575
89.47503
89.17104
88.80200
88.36439
87.85735
87.28634
86.66269
86.01558
85.35368
84.70405
84.06506
83.44499
82.83048
82.27446
81.80181
81.41230
81.09510
80.82702
80.60851
80.44987
80.35222
80.35857
80.49381
80.73258
81.04914
81.43151
81.88131
82.38378
82.94038
83.54180
84.15624
84.76170
85.35961
85.97786
86.60912
87.24243
87.86894
88.47592
89.00556
89.41899
89.71409
89.90225
89.99925
90.01420
89.95364
89.79823
89.53990
89.20016
88.79703
88.32932
87.79517
87.18736
86.52303
85.81432
85.09608
84.38004
83.68413
83.02422
82.40899
81.83718
81.27858
80.79101
80.39662
80.09064
79.86861
79.71991
79.63792
79.62112
79.66852
79.80986
80.05897
80.38886
80.78259
81.22875
81.73470
82.30052
82.90230
83.52956
84.15582
84.76637
85.37598
86.00496
86.62729
87.24038
87.83979
88.36269
88.77793
89.08785
89.30406
89.44092
89.50797
89.50726
89.40307
89.17591
88.85499
88.46425
88.00199
87.47673
86.89282
86.27454
85.63021
84.98573
84.35865
83.72627
83.09099
82.45662
81.88322
81.40159
81.01156
80.70692
80.47136
80.29740
80.18372
80.12566
80.12312
80.22410
80.45787
80.79674
81.21599
81.69469
82.21747
82.79946
83.41373
84.05112
84.68610
85.30012
85.89347
86.48155
87.06634
87.63935
88.21080
88.76730
89.24398
89.60811
89.86118
90.00646
90.05489
90.01752
89.87700
89.63061
89.30714
88.91652
88.45551
87.93689
87.35795
86.72636
86.07193
85.40573
84.74914
84.11494
83.47272
82.81057
82.17054
81.54048
80.88885
80.22349
79.53947
78.82411
78.07798
77.29374
76.49719
75.68676
74.85576
74.00996
73.14901
72.27692
71.39715
70.50586
69.59943
68.69508
67.79098
66.89251
65.99440
65.08997
64.17731
63.26028
62.33444
61.40716
60.46989
59.52770
58.58597
57.64116
56.69197
55.73958
54.78222
53.82449
52.86333
51.90024
50.93591
49.97000
49.00300
48.03505
47.06569
46.09766
45.12769
44.15758
43.18654
42.21576
41.24451
40.26434
39.29235
38.32249
37.35107
36.37966
35.40843
34.43676
33.46577
32.49495
31.52236
30.55203
29.58145
28.61116
27.64033
26.66979
25.69853
24.72600
23.75206
22.78128
21.81032
20.83910
19.86683
18.89565
17.92443
16.95241
15.97791
15.01049
14.03870
13.06672
12.09489
11.12298
10.15046
9.17836
8.20480
7.23447
6.25955
5.28811
4.31698
3.34607
2.37533
1.40459
0.43251
-0.53761
-1.50798
-2.47911
-3.44972
-4.42135
-5.39252
-6.36347
-7.33743
-8.30409
-9.27480
-10.24563
-11.21716
-12.18849
-13.16071
-14.13216
-15.10573
-16.07637
-17.04724
-18.01877
-18.99060
-19.96264
-20.93421
-21.90612
-22.88035
-23.84755
-24.81912
-25.78971
-26.76058
-27.73138
-28.70225
-29.67351
-30.64724
-31.61250
-32.58365
-33.55417
-34.52558
-35.49711
-36.46918
-37.44125
-38.41499
-39.38326
-40.35418
-41.32571
-42.29700
-43.26826
-44.23987
-45.21182
-46.18462
-47.15499
-48.12647
-49.09712
-50.06783
-51.03851
-52.00953
-52.98049
-53.95422
-54.92030
-55.89190
-56.85865
-57.82486
-58.74859
-59.58269
-60.30655
-60.92315
-61.43876
-61.85198
-62.16697
-62.38991
-62.53316
-62.68473
-62.98359
-63.46014
-64.05899
-64.74199
-65.47172
-66.21436
-66.93565
-67.58614
-68.13647
-68.57821
-68.90467
-69.12455
-69.24794
-69.29336
-69.26782
-69.17278
-69.01073
-68.76475
-68.42874
-68.01793
-67.55102
-67.02923
-66.43884
-65.79384
-65.10616
-64.40102
-63.69671
-63.00712
-62.35101
-61.73811
-61.15525
-60.60253
-60.07806
-59.62951
-59.27389
-59.00377
-58.80770
-58.67745
-58.61074
-58.60786
-58.66825
-58.82240
-59.08960
-59.44626
-59.87069
-60.34619
-60.87626
-61.45878
-62.07136
-62.70406
-63.32935
-63.95367
-64.58774
-65.23065
-65.87727
-66.52017
-67.14740
-67.70274
-68.14846
-68.49174
-68.73684
-68.89256
-68.96946
-68.97492
-68.91156
-68.78041
-68.56198
-68.24386
-67.84927
-67.39921
-66.89163
-66.32527
-65.70762
-65.04575
-64.36929
-63.68919
-63.02711
-62.39821
-61.80817
-61.23846
-60.69045
-60.16460
-59.66954
-59.25173
-58.93034
-58.69745
-58.54205
-58.45684
-58.44358
-58.49916
-58.64568
-58.90112
-59.24142
-59.64582
-60.11019
-60.63680
-61.21958
-61.85170
-62.50264
-63.16465
-63.81953
-64.45645
-65.09360
-65.73397
-66.36905
-66.99453
-67.54850
-68.00111
-68.35370
-68.61220
-68.78448
-68.88420
-68.91493
-68.87809
-68.77552
-68.58459
-68.29185
-67.92074
-67.48946
-66.99875
-66.45105
-65.84648
-65.19736
-64.52639
-63.84518
-63.17799
-62.54008
-61.94323
-61.36841
-60.80832
-60.27492
-59.76939
-59.34011
-59.00703
-58.76333
-58.59967
-58.50556
-58.47854
-58.51819
-58.65371
-58.90155
-59.23630
-59.63735
-60.09742
-60.62025
-61.20035
-61.82617
-62.47541
-63.13613
-63.78943
-64.42609
-65.06406
-65.70510
-66.34128
-66.96394
-67.51896
-67.97208
-68.32505
-68.58330
-68.75509
-68.85477
-68.88515
-68.84813
-68.74507
-68.55319
-68.25874
-67.88619
-67.43733
-66.94252
-66.38996
-65.78326
-65.13053
-64.45550
-63.77223
-63.10271
-62.46354
-61.86401
-61.28771
-60.73495
-60.20607
-59.70911
-59.28853
-58.96173
-58.72326
-58.56240
-58.47172
-58.44828
-58.49084
-58.62847
-58.88206
-59.22815
-59.64372
-60.11390
-60.64701
-61.23052
-61.84287
-62.47143
-63.09625
-63.72525
-64.36718
-65.02033
-65.67742
-66.32896
-66.91215
-67.39180
-67.76811
-68.04628
-68.23385
-68.34400
-68.38449
-68.35729
-68.23240
-67.99391
-67.66815
-67.27691
-66.82119
-66.29993
-65.71698
-65.09869
-64.45478
-63.81296
-63.19184
-62.60036
-62.01728
-61.44042
-60.87784
-60.38963
-59.99221
-59.68342
-59.44962
-59.28238
-59.17891
-59.17945
-59.30566
-59.53047
-59.83361
-60.20734
-60.65349
-61.16834
-61.72769
-62.32586
-62.93757
-63.54598
-64.17058
-64.81328
-65.46914
-66.13069
-66.72930
-67.22959
-67.62866
-67.92887
-68.13892
-68.27247
-68.33413
-68.32780
-68.25680
-68.06240
-67.69527
-67.19369
-66.60151
-65.96884
-65.34535
-64.76543
-64.24493
-63.78428
-63.34734
-62.92695
-62.52168
-62.13356
-61.75990
-61.39727
-61.03940
-60.68356
-60.32308
-59.95809
-59.58727
-59.20794
-58.81781
-58.41404
-57.99428
-57.55760
-57.09931
-56.62108
-56.11779
-55.59137
-55.04517
-54.47987
-53.89737
-53.30031
-52.69106
-52.07277
-51.44842
-50.81659
-50.17741
-49.53168
-48.88064
-48.22549
-47.56587
-46.90546
-46.24176
-45.57594
-44.90831
-44.23948
-43.56984
-42.89929
-42.22646
-41.55776
-40.88394
-40.21180
-39.53874
-38.86604
-38.19319
-37.52035
-36.84653
-36.17383
-35.50559
-34.84041
-34.17790
-33.51722
-32.85535
-32.21370
-31.59484
-30.99566
-30.40710
-29.83023
-29.26591
-28.77046
-28.39142
-28.12412
-27.96281
-27.95024
-28.11677
-28.43209
-28.86743
-29.39759
-29.99869
-30.65243
-31.35925
-32.09482
-32.83372
-33.54977
-34.22797
-34.85796
-35.41852
-35.88483
-36.25935
-36.54475
-36.76082
-36.91590
-37.01112
-37.04609
-37.02133
-36.90068
-36.66014
-36.32823
-35.92237
-35.46266
-34.94705
-34.38143
-33.77549
-33.15792
-32.54876
-31.94289
-31.32457
-30.69865
-30.06748
-29.44727
-28.90000
-28.45688
-28.11981
-27.88167
-27.73221
-27.65945
-27.69136
-27.84292
-28.08872
-28.40763
-28.80216
-29.27054
-29.80694
-30.40422
-31.03433
-31.68967
-32.34452
-32.98320
-33.60586
-34.21915
-34.77741
-35.25416
-35.64694
-35.96277
-36.21933
-36.42220
-36.57003
-36.65968
-36.64644
-36.50382
-36.25765
-35.93041
-35.53819
-35.08127
-34.55807
-33.98785
-33.37714
-32.75660
-32.14655
-31.54343
-30.93510
-30.32266
-29.70987
-29.16935
-28.72426
-28.37696
-28.12137
-27.94499
-27.83731
-27.79673
-27.85813
-28.03687
-28.30836
-28.64947
-29.06198
-29.54532
-30.09461
-30.68389
-31.30623
-31.93425
-32.55150
-33.16740
-33.79117
-34.36412
-34.86171
-35.27628
-35.61743
-35.90234
-36.13392
-36.31314
-36.43581
-36.45384
-36.34113
-36.12276
-35.82007
-35.45222
-35.01427
-34.51229
-33.95731
-33.35852
-32.74764
-32.14528
-31.54781
-30.94787
-30.33851
-29.73081
-29.19007
-28.74727
-28.40181
-28.14596
-27.96748
-27.85762
-27.81501
-27.87390
-28.05006
-28.31768
-28.65639
-29.06917
-29.54948
-30.09494
-30.68040
-31.29903
-31.92404
-32.53670
-33.15027
-33.77249
-34.34449
-34.83967
-35.25518
-35.59659
-35.88213
-36.11743
-36.30022
-36.42780
-36.45031
-36.34081
-36.12361
-35.82116
-35.45370
-35.00967
-34.50739
-33.95352
-33.35318
-32.73101
-32.12835
-31.53161
-30.92776
-30.31660
-29.70757
-29.16597
-28.72083
-28.37623
-28.12118
-27.94479
-27.83672
-27.79611
-27.85706
-28.03567
-28.30784
-28.64786
-29.06070
-29.54482
-30.09388
-30.68435
-31.30511
-31.93297
-32.55151
-33.16427
-33.78738
-34.35964
-34.85554
-35.27039
-35.61145
-35.89662
-36.12880
-36.30832
-36.43334
-36.45379
-36.34216
-36.12361
-35.82023
-35.45192
-35.01048
-34.50893
-33.95502
-33.35586
-32.74351
-32.14064
-31.54374
-30.94039
-30.33012
-29.72362
-29.18223
-28.73887
-28.39251
-28.13682
-27.95888
-27.84923
-27.80682
-27.86590
-28.04282
-28.31057
-28.64927
-29.06079
-29.54063
-30.08616
-30.67397
-31.28921
-31.91420
-32.52862
-33.14088
-33.76170
-34.33193
-34.82746
-35.24359
-35.58351
-35.86965
-36.10524
-36.28831
-36.41606
-36.49260
-36.44303
-36.21932
-35.86175
-35.40537
-34.88305
-34.31958
-33.71097
-33.04747
-32.32696
-31.55287
-30.74001
-29.88189
-28.98851
-28.06408
-27.11446
-26.13959
-25.15315
-24.16308
-23.18431
-22.21644
-21.26103
-20.31672
-19.37722
-18.43957
-17.49823
-16.55466
-15.60993
-14.66013
-13.70560
-12.75168
-11.79520
-10.83619
-9.87472
-8.90930
-7.94392
-6.97567
-6.00522
-5.03405
-4.06229
-3.08984
-2.11674
-1.14140
-0.16719
0.80605
1.78015
2.75447
3.72958
4.70481
5.68073
6.65758
7.62845
8.60390
9.57973
10.55585
11.53201
12.51231
13.48812
14.46581
15.43667
16.41175
17.38640
18.36119
19.33674
20.31301
21.29003
22.26725
23.23737
24.21293
25.18716
26.16041
27.13538
28.10993
29.08516
30.06292
31.03266
32.00729
32.98155
33.95612
34.93117
35.91550
36.88531
37.85699
38.82945
39.80268
40.77707
41.75260
42.72864
43.70553
44.68313
45.66431
46.63805
47.61753
48.59747
49.57762
50.55696
51.53770
52.51545
53.49886
54.47234
55.44419
56.41537
57.38607
58.35686
59.32901
60.30139
61.27642
62.24942
63.22326
64.19681
65.17074
66.14586
67.12013
68.09455
69.07168
70.04192
71.01712
71.98027
72.93352
73.87526
74.81018
75.74465
76.67141
77.57937
78.45877
79.29873
80.07065
80.73528
81.28139
81.70634
82.01175
82.15831
82.12157
81.93068
81.61562
81.20341
80.71858
80.18147
79.60720
79.00259
78.37403
77.74774
77.13425
76.50875
75.87285
75.23354
74.60184
74.04402
73.58674
73.23300
72.97696
72.81075
72.72080
72.73685
72.87484
73.10765
73.41572
73.80039
74.25998
74.78920
75.38024
76.00528
76.65918
77.31075
77.94947
78.56967
79.18020
79.73759
80.21432
80.60706
80.92428
81.17847
81.37494
81.51302
81.54462
81.44462
81.23824
80.94960
80.58927
80.15897
79.65779
79.11179
78.52878
77.93430
77.33475
76.71553
76.07523
75.43093
74.78032
74.19516
73.70964
73.32714
73.04433
72.85409
72.74578
72.74617
72.86789
73.08486
73.37909
73.75183
74.20176
74.72370
75.31072
75.92682
76.57112
77.21694
77.84601
78.46734
79.08280
79.64697
80.13263
80.53245
80.85323
81.11363
81.31782
81.46214
81.49943
81.40525
81.20504
80.92308
80.56982
80.14287
79.64786
79.10619
78.52701
77.93614
77.33798
76.72088
76.08209
75.43539
74.78691
74.20233
73.71801
73.33616
73.05292
72.86184
72.75165
72.74923
72.86749
73.08481
73.37699
73.74998
74.20206
74.72607
75.31070
75.92929
76.57537
77.22250
77.85435
78.47648
79.09522
79.66118
80.14489
80.54583
80.86695
81.12726
81.33131
81.47557
81.51238
81.41678
81.21365
80.92805
80.57150
80.14124
79.64279
79.09865
78.51612
77.92353
77.32492
76.70661
76.07469
75.43072
74.78225
74.19812
73.71321
73.33189
73.04988
72.86026
72.75235
72.75310
72.87529
73.09253
73.38768
73.76119
74.21064
74.73325
75.31861
75.93742
76.58136
77.22720
77.85903
78.47793
79.09562
79.65930
80.14353
80.54467
80.86547
81.12583
81.33025
81.47471
81.51180
81.41650
81.21366
80.92825
80.57154
80.14096
79.64092
79.09696
78.51658
77.92372
77.32446
76.70552
76.07208
75.42706
74.77792
74.19442
73.71030
73.32918
73.04687
72.85686
72.74869
72.74831
72.86914
73.08488
73.37814
73.75031
74.19972
74.72057
75.30584
75.92380
76.56806
77.21278
77.84187
78.46201
79.07947
79.64305
80.12733
80.52867
80.85363
81.11613
81.32164
81.46723
81.50521
81.41073
81.20849
80.92336
80.56559
80.13686
79.63830
79.09432
78.51243
77.91978
77.32077
76.70667
76.07355
75.42941
74.78071
74.12037
73.49949
72.91670
72.37098
71.85984
71.38191
70.93886
70.52291
70.13432
69.77153
69.43072
69.11153
68.81197
68.53033
68.26616
68.01744
67.78330
67.56259
67.35009
67.14285
66.93936
66.73890
66.54153
66.34631
66.15341
65.96243
65.77336
65.58594
65.39996
65.21502
65.03229
64.84978
64.66833
64.48767
64.30810
64.12928
63.95096
63.77318
63.59646
63.41997
63.24396
63.06826
62.89308
62.71827
62.54367
62.36893
62.19557
62.02185
61.84839
61.67517
61.50212
61.32903
61.15624
60.98322
60.81130
60.63864
60.46615
60.29370
60.12129
59.94925
59.77726
59.60495
59.43376
59.26186
59.09001
58.91808
58.74631
58.57443
58.40256
58.23041
58.05935
57.88776
57.71618
57.54464
57.37296
57.20123
57.02953
56.85746
56.68591
56.51407
56.34239
56.17081
55.99926
55.82651
55.65403
55.48191
55.31112
55.13939
54.96770
54.79601
54.62437
54.45268
54.28080
54.10880
53.93846
53.76919
53.60075
53.43289
53.26556
53.09863
52.93177
52.76496
52.59973
52.43400
52.26860
52.10347
51.93851
51.77356
51.60874
51.44399
51.27971
51.11546
50.95133
50.78720
50.62326
50.45927
50.29538
50.13134
49.96832
49.80449
49.64081
49.47727
49.31376
49.15061
48.98714
48.82344
48.66006
48.49656
48.33300
48.16958
48.00630
47.84303
47.67960
47.51592
47.35337
47.19004
47.02675
46.86336
46.70019
46.53670
46.37343
46.20972
46.04700
45.88364
45.71608
45.55261
45.38923
45.22588
45.06247
44.89869
44.73532
44.57190
44.40834
44.24480
44.08140
43.91785
43.75427
43.59024
43.42722
43.26361
43.09991
42.93609
42.77258
42.60914
42.44533
42.28117
42.11818
41.95455
41.79091
41.62727
41.46353
41.29974
41.13588
40.97182
40.80821
40.64451
40.48073
40.31699
40.15342
39.98966
39.82584
39.66164
39.49864
39.33476
39.17125
39.00738
38.84371
38.68003
38.51637
38.35234
38.18940
38.02570
37.85757
37.69371
37.52988
37.36626
37.20221
37.03809
36.87500
36.71132
36.54765
36.38384
36.21989
36.05617
35.89256
35.72847
35.56489
35.40103
35.23741
35.07361
34.90994
34.74628
34.58258
34.41826
34.25522
34.09163
33.92802
33.76437
33.60056
33.43692
33.27329
33.10925
32.94638
32.78277
32.61920
32.45564
32.29216
32.12871
31.96512
31.80124
31.63767
31.47407
31.31014
31.14656
30.98283
30.81918
30.65556
30.49195
30.32845
30.16482
30.00100
29.83730
29.67375
29.51021
29.34657
29.18267
29.01975
28.85602
28.69230
28.52858
28.36487
28.20121
28.03767
27.87380
27.71073
27.54713
27.38288
27.21790
27.05237
26.88619
26.71936
26.55136
26.38422
26.21595
26.04731
25.87810
25.70917
25.53950
25.36937
25.19888
25.02846
24.85788
24.68688
24.51609
24.34518
24.17406
24.00271
23.83113
23.65981
23.48826
23.31633
23.14457
22.97279
22.80091
22.62868
22.45618
22.28438
22.11239
21.94039
21.76825
21.59596
21.42377
21.25140
21.07871
20.90734
20.73493
20.56281
20.39049
20.21831
20.04610
19.87396
19.70133
19.52981
19.35778
19.18563
19.01367
18.84094
18.66880
18.49657
18.32390
18.15265
17.98042
17.80836
17.63621
17.46403
17.29153
17.11955
16.94687
16.77556
16.60351
16.43135
16.25913
16.08727
15.91527
15.74295
15.57052
15.39921
15.22724
15.05518
14.88330
14.71145
14.53953
14.36751
14.19512
14.02401
13.85201
13.68019
13.50837
13.33653
13.16461
12.99278
12.82048
12.64872
12.47689
12.30501
12.13451
11.96523
11.79673
11.62876
11.46087
11.29466
11.12811
10.96162
10.79552
10.62981
10.46438
10.29913
10.13368
9.96900
9.80440
9.63987
9.47554
9.31118
9.14713
8.98289
8.81853
8.65529
8.49118
8.32730
8.16348
7.99978
7.83588
7.67212
7.50823
7.34475
7.18124
7.01773
6.85455
6.69130
6.52801
6.36475
6.20128
6.03809
5.87484
5.71156
5.54828
5.38500
5.22157
5.05830
4.89486
4.73206
4.56894
4.40550
4.24209
4.07920
3.91604
3.75209
3.58720
3.42203
3.25599
3.08923
2.92207
2.75449
2.58655
2.41781
2.24869
2.07964
1.91015
1.74025
1.57015
1.39987
1.22908
1.05884
0.88760
0.71736
0.54619
0.37493
0.20303
0.03690
-0.12367
-0.27881
-0.27881
-0.42898
-0.57330
-0.71235
-0.84618
-0.97451
-1.09745
-1.21507
-1.32720
-1.43405
-1.53490
-1.63087
-1.72137
-1.80652
-1.88629
-1.96064
-2.02957
-2.09323
-2.15133
-2.20410
-2.25147
-2.29343
-2.33001
-2.36122
-2.38705
-2.40749
-2.42246
-2.43210
-2.43692
-2.43933
-2.44054
-2.44114
-2.44144
-2.44159
-2.44167
-2.44171
-2.44173
-2.44174
-2.44174
-2.44174
-2.44174
-2.44174
-2.44174
-2.44174
-2.44174
-2.44174
-2.44174
-2.44174
-2.44174
-2.44174
-2.44174
-2.44174
-2.44174
-2.44174
-2.44174
-2.44174
-2.44174
-2.44174
-2.44174
-2.44174
-2.44174
-2.44174
-2.44174
-2.44174
-2.44174
-2.44174
-2.44174
-2.44174
-2.44174
-2.44174
-2.44174
-2.44174
-2.44174
-2.44174
-2.44174
-2.44174
-2.44174
-2.44174
-2.44174
-2.44174
-2.44174
-2.44174
-2.44174
-2.44174
-2.44174
-2.44174
-2.44174
-2.44174
-2.44174
-2.44174
-2.44174
-2.44174
-2.44174
-2.44174
-2.44174
-2.44174
-2.44174
-2.44174
-2.44174
-2.44174
-2.44174
-2.44174
-2.44174
-2.44174
-2.44174
-2.44174
-2.44174
-2.44174
-2.44174
-2.44174
-2.44174
-2.44174
-2.44174
-2.44174
-2.44174
-2.44174
-2.44174
-2.44174
-2.44174
-2.44174
-2.44174
-2.44174
-2.44174
-2.44174
-2.44174
-2.44174
-2.44174
-2.44174
-2.44174
-2.44174
-2.44174
-2.44174
-2.44174
-2.44174
-2.44174
-2.44174
-2.44174
-2.44174
-2.44174
-2.44174
-2.44174
-2.44174
-2.44174
-2.44174
-2.44174
-2.44174
-2.44174
-2.44174
-2.44174
-2.44174
-2.44174
-2.44174
-2.44174
-2.44174
-2.44174
-2.44174
-2.44174
-2.44174
-2.44174
-2.44174
-2.44174
-2.44174
-2.44174
-2.44174
-2.44174
-2.44174
-2.44174
-2.44174
-2.44174
-2.44174
-2.44174
-2.44174
-2.44174
-2.44174
-2.44174
-2.44174
-2.44174
-2.44174
-2.44174
-2.44174
-2.44174
-2.44174
-2.44174
-2.44174
-2.44174
-2.44174
-2.44174
-2.44174
-2.44174
-2.44174
-2.44174
-2.44174
-2.44174
-2.44174
-2.44174
-2.44174
-2.44174
-2.44174
-2.44174
-2.44174
-2.44174
-2.44174
-2.44174
-2.44174
-2.44174
-2.44174
-2.44174
-2.44174
-2.44174
-2.44174
-2.44174
-2.44174
-2.44174
-2.44174
-2.44174
-2.44174
-2.44174
-2.44174
-2.44174
-2.44174
-2.44174
-2.44174
-2.44174
-2.44174
-2.44174
-2.44174
-2.44174
-2.44174
-2.44174
-2.44174
-2.44174
-2.44174
-2.44174
-2.44174
-2.44174
-2.44174
-2.44174
-2.44174
-2.44174
-2.44174
-2.44174
-2.44174
-2.44174
-2.44174
-2.44174
-2.44174
-2.44174
-2.44174
-2.44174
-2.44174
-2.44174
-2.44174
-2.44174
0.00000
0.00000
0.00000
0.00000
0.00000
0.00000
0.00000
0.00000
0.00000
0.00000
0.00000
0.00000
0.00000
0.00000
0.00000
0.00000
0.00000
0.00000
0.00000
0.00000
0.00000
0.00000
0.00000
0.00000
0.00000
0.00000
0.00000
0.00000
0.00000
0.00000
0.00000
0.00000
0.00000
0.00000
0.00000
0.00000
0.00000
0.00000
0.00000
0.00000
0.00000
0.00000
0.00000
0.00000
0.00000
0.00000
0.00000
0.00000
0.00000
0.00000
0.00000
0.00000
0.00000
0.00000
0.00000
0.00000
0.00000
0.00000
0.00000
0.00000
0.00000
0.00000
0.00000
0.00000
0.00000
0.00000
0.00000
0.00000
0.00000
0.00000
0.00000
0.00000
0.00000
0.00000
0.00000
0.00000
0.00000
0.00000
0.00000
0.00000
0.00000
0.00000
0.00000
0.00000
0.00000
0.00000
0.00000
0.00000
0.00000
0.00000
0.00000
0.00000
0.00000
0.00000
0.00000
0.00000
0.00000
0.00000
0.00000
0.00000
0.00000
0.00000
0.00000
0.00000
0.00000
0.00000
0.00000
0.00000
0.00000
0.00000
0.00000
0.00000
0.00000
0.00000
0.00000
0.00000
0.00000
0.00000
0.00000
0.00000
0.00000
0.00000
0.00000
0.00000
0.00000
0.00000
0.00000
0.00000
0.00000
0.00000
0.00000
0.00000
0.00000
0.00000
0.00000
0.00000
0.00000
0.00000
0.00000
0.00000
0.00000
0.00000
0.00000
0.00000
0.00000
0.00000
0.00000
0.00000
0.00000
0.00000
0.00000
0.00000
0.00000
0.00000
0.00000
0.00000
0.00000
0.00000
0.00000
0.00000
0.00000
0.00000
0.00000
0.00000
0.00000
0.00000
0.00000
0.00000
0.00000
0.00000
0.00000
0.00000
0.00000
0.00000
0.00000
0.00000
0.00000
0.00000
0.00000
0.00000
0.00000
0.00000
0.00000
0.00000
0.00000
0.00000
0.00000
0.00000
0.00000
0.00000
0.00000
0.00000
0.00000
0.00000
0.00000
0.00000
0.00000
0.00000
0.00000
0.00000
0.00000
0.00000
0.00000
0.00000
0.00000
0.00000
0.00000
0.00000
0.00000
0.00000
0.00000
0.00000
0.00000
0.00000
0.00000
0.00000
0.00000
0.00000
0.00000
0.00000
0.00000
0.00000
0.00000
0.00000
0.00000
0.00000
0.00000
0.00000
0.00000
0.00000
0.00000
0.00000
0.00000
0.00000
0.00000
0.00000
0.00000
0.00000
0.00000
0.00000
0.00000
0.00000
0.00000
0.00000
0.00000
0.00000
0.00000
0.00000
0.00000
0.00000
0.00000
0.00000
0.00000
0.00000
0.00000
0.00000
0.00000
0.00000
0.00000
0.00000
0.00000
0.00000
0.00000
0.00000
0.00000
0.00000
0.00000
0.00000
0.00000
0.00000
0.00000
0.00000
0.00000
0.00000
0.00000
0.00000
0.00000
0.00000
0.00000
0.00000
0.00000
0.00000
0.00000
0.00000
0.00000
0.00000
0.00000
0.00000
0.00000
0.00000
0.00000
0.00000
0.00000
0.00000
0.00000
0.00000
0.00000
0.00000
0.00000
0.00000
0.00000
0.00000
0.00000
0.00000
0.00000
0.00000
0.00000
0.00000
0.00000
0.00000
0.00000
0.00000
0.00000
0.00000
0.00000
0.00000
0.00000
0.00000
0.00000
0.00000
0.00000
0.00000
0.00000
0.00000
0.00000
0.00000
0.00000
0.00000
0.00000
0.00000
0.00000
0.00000
0.00000
0.00000
0.00000
0.00000
0.00000
0.00000
0.00000
0.00000
0.00000
0.00000
0.00000
0.00000
0.00000
0.00000
0.00000
0.00000
0.00000
0.00000
0.00000
0.00000
0.00000
0.00000
0.00000
0.00000
0.00000
0.00000
0.00000
0.00000
0.00000
0.00000
0.00000
0.00000
0.00000
0.00000
0.00000
0.00000
0.00000
0.00000
0.00000
0.00000
0.00000
0.00000
0.00000
0.00000
0.00000
0.00000
0.00000
0.00000
0.00000
0.00000
0.00000
0.00000
0.00000
0.00000
0.00000
0.00000
0.00000
0.00000
0.00000
0.00000
0.00000
0.00000
0.00000
0.00000
0.00000
0.00000
0.00000
0.00000
0.00000
0.00000
0.00000
0.00000
0.00000
0.00000
0.00000
0.00000
0.00000
0.00000
0.00000
0.00000
0.00000
0.00000
0.00000
0.00000
0.00000
0.00000
0.00000
0.00000
0.00000
0.00000
0.00000
0.00000
0.00000
0.00000
0.00000
0.00000
0.00000
0.00000
0.00000
0.00000
0.00000
0.00000
0.00000
0.00000
0.00000
0.00000
0.00000
0.00000
0.00000
0.00000
0.00000
0.00000
0.00000
0.00000
0.00000
0.00000
0.00000
0.00000
0.00000
0.00000
0.00000
0.00000
0.00000
0.00000
0.00000
0.00000
0.00000
0.00000
0.00000
0.00000
0.00000
0.00000
0.00000
0.00000
0.00000
0.00000
0.00000
0.00000
0.00000
0.00000
0.00000
0.00000
0.00000
0.00000
0.00000
0.00000
0.00000
0.00000
0.00000
0.00000
0.00000
0.00000
0.00000
0.00000
0.00000
0.00000
0.00000
0.00000
0.00000
0.00000
0.00000
0.00000
0.00000
0.00000
0.00000
0.00000
0.00000
0.00000
0.00000
0.00000
0.00000
0.00000
0.00000
0.00000
0.00000
0.00000
0.00000
0.00000
0.00000
0.00000
0.00000
0.00000
0.00000
0.00000
0.00000
0.00000
0.00000
0.00000
0.00000
0.00000
0.00000
0.00000
0.00000
0.00000
0.00000
0.00000
0.00000
0.00000
0.00000
0.00000
0.00000
0.00000
0.00000
0.00000
0.00000
0.00000
0.00000
0.00000
0.00000
0.00000
0.00000
0.00000
0.00000
0.00000
0.00000
0.00000
0.00000
0.00000
0.00000
0.00000
0.00000
0.00000
0.00000
0.00000
0.00000
0.00000
0.00000
0.00000
0.00000
0.00000
0.00000
0.00000
0.00000
0.00000
0.00000
0.00000
0.00000
0.00000
0.00000
0.00000
0.00000
0.00000
0.00000
0.00000
0.00000
0.00000
0.00000
0.00000
0.00000
0.00000
0.00000
0.00000
0.00000
0.00000
0.00000
0.00000
0.00000
0.00000
0.00000
0.00000
0.00000
0.00000
0.00000
0.00000
0.00000
0.00000
0.00000
0.00000
0.00000
0.00000
0.00000
0.00000
0.00000
0.00000
0.00000
0.00000
0.00000
0.00000
0.00000
0.00000
0.00000
0.00000
0.00000
0.00000
0.00000
0.00000
0.00000
0.00000
0.00000
0.00000
0.00000
0.00000
0.00000
0.00000
0.00000
0.00000
0.00000
0.00000
0.00000
0.00000
0.00000
0.00000
0.00000
0.00000
0.00000
0.00000
0.00000
0.00000
0.00000
0.00000
0.00000
0.00000
0.00000
0.00000
0.00000
0.00000
0.00000
0.00000
0.00000
0.00000
0.00000
0.00000
0.00000
0.00000
0.00000
0.00000
0.00000
0.00000
0.00000
0.00000
0.00000
0.00000
0.00000
0.00000
0.00000
0.00000
0.00000
0.00000
0.00000
0.00000
0.00000
0.00000
0.00000
0.00000
0.00000
0.00000
0.00000
0.00000
0.00000
0.00000
0.00000
0.00000
0.00000
0.00000
0.00000
0.00000
0.00000
0.00000
0.00000
0.00000
0.00000
0.00000
0.00000
0.00000
0.00000
0.00000
0.00000
0.00000
0.00000
0.00000
0.00000
0.00000
0.00000
0.00000
0.00000
0.00000
0.00000
0.00000
0.00000
0.00000
0.00000
0.00000
0.00000
0.00000
0.00000
0.00000
0.00000
0.00000
0.00000
0.00000
0.00000
0.00000
0.00000
0.00000
0.00000
0.00000
0.00000
0.00000
0.00000
0.00000
0.00000
0.00000
0.00000
0.00000
0.00000
0.00000
0.00000
0.00000
0.00000
0.00000
0.00000
0.00000
0.00000
0.00000
0.00000
0.00000
0.00000
0.00000
0.00000
0.00000
0.00000
0.00000
0.00000
0.00000
0.00000
0.00000
0.00000
0.00000
0.00000
0.00000
0.00000
0.00000
0.00000
0.00000
0.00000
0.00000
0.00000
0.00000
0.00000
0.00000
0.00000
0.00000
0.00000
0.00000
0.00000
0.00000
0.00000
0.00000
0.00000
0.00000
0.00000
0.00000
0.00000
0.00000
0.00000
0.00000
0.00000
0.00000
0.00000
0.00000
0.00000
0.00000
0.00000
0.00000
0.00000
0.00000
0.00000
0.00000
0.00000
0.00000
0.00000
0.00000
0.00000
0.00000
0.00000
0.00000
0.00000
0.00000
0.00000
0.00000
0.00000
0.00000
0.00000
0.00000
0.00000
0.00000
0.00000
0.00000
0.00000
0.00000
0.00000
0.00000
0.00000
0.00000
0.00000
0.00000
0.00000
0.00000
0.00000
0.00000
0.00000
0.00000
0.00000
0.00000
0.00000
0.00000
0.00000
0.00000
0.00000
0.00000
0.00000
0.00000
0.00000
0.00000
0.00000
0.00000
0.00000
0.00000
0.00000
0.00000
0.00000
0.00000
0.00000
0.00000
0.00000
0.00000
0.00000
0.00000
0.00000
0.00000
0.00000
0.00000
0.00000
0.00000
0.00000
0.00000
0.00000
0.00000
0.00000
0.00000
0.00000
0.00000
0.00000
0.00000
0.00000
0.00000
0.00000
0.00000
0.00000
0.00000
0.00000
0.00000
0.00000
0.00000
0.00000
0.00000
0.00000
0.00000
0.00000
0.00000
0.00000
0.00000
0.00000
0.00000
0.00000
0.00000
0.00000
0.00000
0.00000
0.00000
0.00000
0.00000
0.00000
0.00000
0.00000
0.00000
0.00000
0.00000
0.00000
0.00000
0.00000
0.00000
0.00000
0.00000
0.00000
0.00000
0.00000
0.00000
0.00000
0.00000
0.00000
0.00000
0.00000
0.00000
0.00000
0.00000
0.00000
0.00000
0.00000
0.00000
0.00000
0.00000
0.00000
0.00000
0.00000
0.00000
0.00000
0.00000
0.00000
0.00000
0.00000
0.00000
0.00000
0.00000
0.00000
0.00000
0.00000
0.00000
0.00000
0.00000
0.00000
0.00000
0.00000
0.00000
0.00000
0.00000
0.00000
0.00000
0.00000
0.00000
0.00000
0.00000
0.00000
0.00000
0.00000
0.00000
0.00000
0.00000
0.00000
0.00000
0.00000
0.00000
0.00000
0.00000
0.00000
0.00000
0.00000
0.00000
0.00000
0.00000
0.00000
0.00000
0.00000
0.00000
0.00000
0.00000
0.00000
0.00000
0.00000
0.00000
0.00000
0.00000
0.00000
0.00000
0.00000
0.00000
0.00000
0.00000
0.00000
0.00000
-0.01050
-0.05662
-0.14176
-0.25936
-0.40613
-0.64193
-0.97777
-1.40035
-1.86933
-2.36185
-2.86538
-3.36525
-3.85440
-4.32844
-4.78861
-5.22876
-5.65457
-6.07157
-6.48390
-6.89535
-7.30891
-7.72716
-8.14910
-8.57414
-9.00339
-9.44127
-9.89249
-10.35857
-10.83739
-11.33013
-11.83451
-12.34984
-12.87517
-13.41104
-13.95456
-14.50408
-15.05905
-15.61827
-16.18159
-16.74661
-17.31421
-17.88361
-18.45516
-19.02733
-19.60076
-20.17482
-20.74906
-21.32208
-21.89967
-22.47976
-23.06164
-23.64563
-24.23087
-24.81732
-25.40571
-25.99353
-26.58253
-27.17277
-27.76251
-28.35246
-28.94302
-29.53050
-30.11475
-30.69500
-31.27490
-31.85368
-32.43170
-33.00929
-33.58626
-34.16261
-34.74058
-35.31500
-35.89177
-36.46803
-37.04438
-37.62055
-38.19703
-38.77358
-39.35062
-39.92646
-40.50293
-41.07855
-41.65472
-42.23138
-42.80783
-43.38446
-43.96209
-44.53553
-45.11127
-45.68700
-46.26118
-46.83778
-47.41627
-47.99658
-48.58056
-49.16240
-49.74769
-50.33418
-51.01769
-51.01769
-51.85782
-52.77889
-53.71651
-54.63295
-55.49020
-56.28088
-56.99048
-57.61150
-58.21564
-58.91075
-59.68825
-60.48759
-61.23779
-61.23779
-61.97627
-62.72563
-63.42732
-64.11398
-64.81573
-65.47857
-66.05075
-66.49267
-66.77852
-66.89189
-66.84360
-66.66578
-66.39101
-66.04656
-65.62820
-65.13321
-64.56777
-63.93885
-63.25862
-62.53671
-61.76479
-60.95397
-60.11636
-59.25928
-58.38830
-57.50995
-56.65313
-55.83089
-55.05315
-54.32414
-53.64538
-53.02466
-52.47887
-52.03519
-51.68902
-51.43374
-51.26057
-51.16058
-51.16979
-51.30904
-51.55220
-51.87625
-52.26396
-52.71991
-53.23922
-53.80223
-54.40218
-55.00844
-55.61735
-56.24407
-56.88821
-57.54405
-58.19795
-58.78796
-59.27893
-59.66447
-59.95437
-60.15555
-60.28200
-60.33870
-60.32730
-60.21851
-59.99555
-59.68731
-59.31217
-58.86894
-58.35831
-57.78490
-57.17316
-56.53244
-55.89196
-55.27218
-54.67790
-54.09038
-53.50797
-52.93956
-52.44156
-52.03553
-51.71785
-51.47895
-51.30470
-51.19450
-51.18919
-51.30967
-51.53095
-51.82986
-52.20315
-52.64569
-53.15748
-53.71430
-54.30989
-54.91854
-55.52486
-56.14763
-56.79113
-57.44651
-58.10730
-58.70578
-59.20552
-59.60405
-59.90456
-60.11526
-60.25026
-60.31543
-60.31282
-60.21151
-59.99568
-59.69082
-59.31867
-58.87911
-58.36833
-57.80091
-57.16160
-56.52505
-55.89146
-55.27886
-54.68606
-54.09807
-53.51353
-52.94656
-52.44714
-52.04052
-51.72300
-51.48382
-51.31041
-51.20113
-51.19689
-51.31781
-51.53953
-51.83920
-52.21018
-52.65367
-53.16597
-53.72367
-54.32077
-54.92803
-55.53629
-56.16158
-56.80497
-57.46162
-58.12414
-58.72397
-59.22541
-59.62363
-59.92409
-60.13381
-60.26644
-60.32825
-60.32150
-60.25018
-60.05563
-59.68967
-59.18809
-59.18809
-58.60085
-57.97672
-57.35085
-56.74390
-56.14112
-55.52475
-54.89048
-54.23893
-53.57483
-52.89795
-52.20822
-51.50600
-50.78742
-50.04913
-49.30325
-48.55645
-47.81095
-47.05851
-46.30350
-45.54790
-44.78413
-44.00781
-43.22383
-42.41872
-41.60082
-40.76655
-39.92087
-39.06359
-38.20138
-37.32560
-36.44913
-35.56250
-34.66956
-33.77216
-32.87031
-31.96562
-31.05835
-30.14760
-29.23681
-28.32370
-27.40941
-26.49477
-25.57817
-24.66199
-23.74518
-22.82613
-21.91216
-20.99400
-20.07604
-19.15755
-18.23909
-17.32106
-16.40288
-15.48268
-14.56477
-13.64559
-12.72631
-11.80633
-10.88652
-9.96734
-9.04761
-8.12639
-7.20808
-6.28997
-5.37130
-4.45019
-3.53904
-2.62791
-1.71748
-0.80664
0.10195
1.01166
1.92190
2.83276
3.74290
4.65368
5.56364
6.47591
7.38622
8.30046
9.21143
10.12218
11.03314
11.94455
12.85604
13.76913
14.67926
15.59044
16.49988
17.41270
18.32382
19.23133
20.13799
21.04810
21.95389
22.86491
23.77805
24.69261
25.60821
26.52345
27.43938
28.35869
29.27180
30.18981
31.10863
32.02843
32.94712
33.86575
34.78398
35.70571
36.61851
37.53269
38.44314
39.35327
40.26269
41.17230
42.08155
42.99296
43.89879
44.80975
45.72101
46.63183
47.54365
48.45439
49.36540
50.27712
51.18747
52.09907
53.00587
53.91663
54.82725
55.73882
56.64917
57.56128
58.47160
59.38198
60.29227
61.19883
62.10520
63.01271
63.92204
64.83478
65.74269
66.65556
67.56970
68.48510
69.40022
70.31629
71.23372
72.15363
73.07062
73.98881
74.90703
75.82496
76.74275
77.66122
78.57938
79.49528
80.40447
81.31318
82.22215
83.13134
84.03993
84.94881
85.85987
86.77170
87.67642
88.58676
89.49750
90.40824
91.31875
92.22968
93.14031
94.05184
94.96191
95.87230
96.78292
97.69435
98.60509
99.51696
100.42804
101.34068
102.24726
103.15357
104.06261
104.97251
105.88260
106.79463
107.70779
108.62433
109.53929
110.45536
111.37201
112.28861
113.20584
114.12339
115.04106
115.96092
116.87557
117.78681
118.69799
119.60624
120.50812
121.40370
122.27926
123.12262
123.92729
124.69896
125.44507
126.16669
126.81406
127.34316
127.75226
128.04522
128.22462
128.25818
128.12363
127.85289
127.47665
127.02144
126.50836
125.95453
125.34734
124.73055
124.11419
123.51541
122.91577
122.30945
121.70114
121.15324
120.69396
120.31784
120.01548
119.77255
119.58448
119.45228
119.37694
119.40448
119.56136
119.82196
120.16397
120.56853
121.03307
121.55981
122.13424
122.74885
123.36994
123.97913
124.57987
125.18506
125.79359
126.39971
126.93541
127.37175
127.70875
127.95469
128.12200
128.21987
128.25108
128.18093
127.99392
127.71552
127.36875
126.95084
126.46215
125.90826
125.30358
124.67783
124.04700
123.42672
122.80943
122.18938
121.62035
121.12791
120.71628
120.37705
120.09312
119.86167
119.68622
119.56643
119.55071
119.66502
119.88432
120.18691
120.55535
120.99445
121.49450
122.04893
122.64779
123.25940
123.86203
124.45866
125.06195
125.67189
126.27988
126.82103
127.26345
127.60991
127.86467
128.04120
128.14968
128.19100
128.13144
127.95371
127.68365
127.34274
126.93258
126.45114
125.90339
125.31530
124.69692
124.07150
123.45708
122.84353
122.22186
121.65033
121.15519
120.74006
120.39936
120.11430
119.88233
119.70265
119.57750
119.55674
119.66805
119.88678
120.18796
120.55591
120.99254
121.49312
122.04634
122.64494
123.25582
123.85949
124.45479
125.05761
125.66651
126.27495
126.81572
127.25880
127.60470
127.86056
128.03853
128.14838
128.19098
128.13198
127.95580
127.68848
127.35046
126.93840
126.45884
125.91327
125.32783
124.71048
124.08593
123.47248
122.86010
122.23807
121.66744
121.17205
120.75709
120.41601
120.13051
119.89489
119.71183
119.58381
119.56094
119.67065
119.88747
120.18857
120.55509
120.99034
121.48991
122.04276
122.63940
123.24901
123.85071
124.44461
125.04579
125.65319
126.26061
126.80098
127.24287
127.58797
127.84372
128.02229
128.13264
128.17559
128.11715
127.94089
127.67501
127.33626
126.92523
126.44327
125.89845
125.31326
124.69462
124.06747
123.45525
122.84191
122.22048
121.64970
121.15505
120.74092
120.40014
120.11445
119.88040
119.69780
119.57048
119.54793
119.65775
119.87467
120.17642
120.54512
120.97932
121.47936
122.03196
122.62915
123.23904
123.84027
124.43421
125.03629
125.64339
126.25187
126.79249
127.23496
127.58444
127.84667
128.02970
128.14417
128.19060
128.13691
127.96681
127.70502
127.36595
126.95313
126.47813
125.94109
125.36624
124.75393
124.13291
123.52184
122.91269
122.29486
121.65453
121.01135
120.37987
119.71088
119.00138
118.26049
117.48988
116.68896
115.85901
115.00490
114.13331
113.24070
112.33263
111.41092
110.47465
109.52268
108.56268
107.59515
106.62599
105.66389
104.70316
103.74747
102.78886
101.82542
100.86164
99.89242
98.92060
97.94305
96.96214
95.97793
94.98959
94.00005
93.00832
92.01369
91.02601
90.03679
89.04653
88.05466
87.06003
86.06414
85.06689
84.06621
83.07145
82.07307
81.07330
80.07276
79.07211
78.06972
77.06702
76.06380
75.06657
74.06454
73.06230
72.06067
71.06019
70.05813
69.05654
68.05195
67.05426
66.05168
65.04733
64.04952
63.04689
62.04968
61.05472
60.05880
59.06536
58.07085
57.07540
56.07968
55.08250
54.08469
53.08625
52.08601
51.08796
50.08825
49.08926
48.08983
47.09019
46.09094
45.09166
44.08904
43.09320
42.09835
41.10510
40.10724
39.11065
38.11561
37.11939
36.12053
35.12653
34.12763
33.12799
32.12808
31.12795
30.12764
29.12725
28.12482
27.12840
26.12639
25.12382
24.12137
23.11903
22.11710
21.11555
20.11292
19.11207
18.11055
17.10929
16.10780
15.11203
14.11772
13.12394
12.12794
11.13716
10.14146
9.14654
8.14937
7.15224
6.15559
5.15747
4.15739
3.15987
2.16056
1.16201
0.16299
-0.83632
-1.83591
-2.83558
-3.83723
-4.83595
-5.83042
-6.82398
-7.81749
-8.81117
-9.80569
-10.80205
-11.80127
-12.79550
-13.79514
-14.79534
-15.79466
-16.79434
-17.79430
-18.79601
-19.79815
-20.79899
-21.80076
-22.80225
-23.82702
-24.82845
-25.83002
-26.83112
-27.83566
-28.83225
-29.83384
-30.83022
-31.82374
-32.81742
-33.81150
-34.80641
-35.81136
-36.80286
-37.79956
-38.79721
-39.79484
-40.79264
-41.79064
-42.75907
-43.66041
-44.47234
-45.18668
-45.79511
-46.29538
-46.68655
-46.96995
-47.22782
-47.60861
-48.14721
-48.79906
-49.52404
-50.28424
-51.05020
-51.77340
-52.39862
-52.88196
-53.18862
-53.30684
-53.32214
-53.28354
-53.16333
-52.93940
-52.60123
-52.17337
-51.68238
-51.14150
-50.56493
-49.94376
-49.28273
-48.60972
-47.93500
-47.27589
-46.64872
-46.03512
-45.43458
-44.85060
-44.28414
-43.79008
-43.39110
-43.08232
-42.85849
-42.70647
-42.62273
-42.60640
-42.68970
-42.89026
-43.18380
-43.54892
-43.97936
-44.47445
-45.03235
-45.64253
-46.27852
-46.93000
-47.57705
-48.28023
-48.90238
-49.52515
-50.14109
-50.74714
-51.28032
-51.70842
-52.03217
-52.25948
-52.39860
-52.46163
-52.45337
-52.34749
-52.13087
-51.82837
-51.45763
-51.01444
-50.50466
-49.92926
-49.32099
-48.68815
-48.05421
-47.43530
-46.81592
-46.19459
-45.57575
-45.01486
-44.54185
-44.15740
-43.85796
-43.62724
-43.46092
-43.40263
-43.47399
-43.65044
-43.90804
-44.24160
-44.65239
-45.13685
-45.66999
-46.24583
-46.83652
-47.43336
-48.05259
-48.69462
-49.35266
-50.01773
-50.62211
-51.13035
-51.53253
-51.83590
-52.04504
-52.16951
-52.18406
-52.07453
-51.86764
-51.58384
-51.22128
-50.78045
-50.26717
-49.68878
-49.07707
-48.43917
-47.79955
-47.17449
-46.55760
-45.94196
-45.38113
-44.89816
-44.49782
-44.17367
-43.91070
-43.70449
-43.55700
-43.51627
-43.60841
-43.80753
-44.09021
-44.44348
-44.87050
-45.36651
-45.90445
-46.48304
-47.07378
-47.67036
-48.28784
-48.92566
-49.57147
-50.22118
-50.80361
-51.28858
-51.67077
-51.95350
-52.14407
-52.25270
-52.25368
-52.13351
-51.91915
-51.62822
-51.25833
-50.80820
-50.28478
-49.70251
-49.08599
-48.44083
-47.79813
-47.16819
-46.54756
-45.93076
-45.36787
-44.88434
-44.48342
-44.15814
-43.89648
-43.69010
-43.54401
-43.50570
-43.59892
-43.79787
-44.07911
-44.43220
-44.85683
-45.35164
-45.89305
-46.47228
-47.06325
-47.66004
-48.27737
-48.91605
-49.56695
-50.21817
-50.80516
-51.29238
-51.67612
-51.96014
-52.15153
-52.26050
-52.30013
-52.21614
-51.97406
-51.61218
-51.16758
-50.67432
-50.13838
-49.54091
-48.88439
-48.17380
-47.41417
-46.61279
-45.77167
-44.90226
-44.00623
-43.08467
-42.13994
-41.17374
-40.20224
-39.23485
-38.27112
-37.31488
-36.37211
-35.43068
-34.49490
-33.55364
-32.60570
-31.65394
-30.69505
-29.72856
-28.75643
-27.77658
-26.79462
-25.80788
-24.81776
-23.82492
-22.83515
-21.84484
-20.85297
-19.85779
-18.86284
-17.86597
-16.86794
-15.86751
-14.86728
-13.86691
-12.86539
-11.86203
-10.86067
-9.85834
-8.85557
-7.85191
-6.85041
-5.85256
-4.85493
-3.85582
-2.85798
-1.85700
-0.85104
0.15088
1.15337
2.15548
3.15784
4.16350
5.16288
6.16668
7.17023
8.17501
9.18018
10.18503
11.18978
12.19615
13.20027
14.20315
15.20745
16.21160
17.21600
18.22141
19.22570
20.23321
21.23700
22.24113
23.24575
24.25042
25.25485
26.25743
27.26150
28.26521
29.26884
30.27391
31.27366
32.27092
33.26798
34.26570
35.26437
36.26686
37.26244
38.26366
39.26141
40.25382
41.24684
42.23891
43.25373
44.23333
45.18949
46.11865
47.01461
47.87310
48.66159
49.32759
49.85855
50.25230
50.50643
50.58877
50.47617
50.20430
49.80806
49.31664
48.75580
48.14466
47.50718
46.84092
46.16579
45.50434
44.87168
44.26688
43.68002
43.10637
42.60186
42.18787
41.86039
41.60861
41.42090
41.29452
41.22922
41.26677
41.43121
41.69706
42.04058
42.44612
42.91979
43.45967
44.03718
44.64608
45.26034
45.87016
46.49299
47.12974
47.77221
48.35540
48.84752
49.24561
49.54904
49.76937
49.92032
50.00403
49.98394
49.84295
49.60644
49.29491
48.90858
48.45014
47.92243
47.35329
46.75147
46.14185
45.54200
44.93049
44.31565
43.69675
43.13578
42.65888
42.26830
41.96113
41.71937
41.53922
41.46734
41.52506
41.68747
41.93219
42.25560
42.65742
43.13200
43.65415
44.22007
44.80344
45.39834
46.01782
46.66249
47.31895
47.98131
48.58450
49.08951
49.49390
49.79868
50.01014
50.14074
50.16140
50.05673
49.85293
49.57347
49.21453
48.77721
48.26682
47.69124
47.08185
46.44629
45.80710
45.18740
44.57184
43.95746
43.39690
42.91533
42.51562
42.19160
41.92497
41.71746
41.56735
41.47088
41.48272
41.63640
41.90336
42.25869
42.68019
43.15339
43.67663
44.23550
44.80438
45.39627
46.00139
46.62552
47.26449
47.90812
48.49017
48.97777
49.36701
49.66597
49.89079
50.04800
50.13916
50.16373
50.08247
49.87362
49.56602
49.18782
48.74570
48.24002
47.67538
47.06073
46.42246
45.77150
45.12884
44.51178
43.92355
43.33185
42.74640
42.22886
41.80144
41.46145
41.20699
41.02838
40.91746
40.86765
40.87903
40.98693
41.21310
41.53186
41.92574
42.37881
42.89881
43.47531
44.10190
44.74428
45.39940
46.04562
46.67758
47.28951
47.89698
48.49321
49.09324
49.61898
50.04469
50.37009
50.60082
50.74443
50.80626
50.79071
50.67645
50.45743
50.15800
49.77800
49.32269
48.79771
48.21117
47.58670
46.93360
46.26374
45.60098
44.95778
44.32097
43.68950
43.06774
42.50910
42.04113
41.67019
41.39019
41.19200
41.05654
40.98166
41.01281
41.17569
41.43968
41.77684
42.17288
42.63360
43.16089
43.76182
44.38819
45.03270
45.67684
46.30880
46.93081
47.55047
48.16708
48.79203
49.34928
49.80588
50.16198
50.42114
50.59261
50.67974
50.68767
50.59547
50.39461
50.11321
49.75314
49.31901
48.81161
48.23988
47.61560
46.96223
46.28849
45.61939
44.96802
44.33186
43.70095
43.08113
42.45266
41.83752
41.18759
40.51060
39.79894
39.04237
38.24915
37.42707
36.57328
35.69531
34.79673
33.89131
32.97884
32.07068
31.15198
30.28439
29.54877
28.97420
28.55571
28.28788
28.16612
28.18218
28.31824
28.55777
28.88498
29.28042
29.64350
29.83048
29.81502
29.67611
29.65767
29.86956
30.22566
30.45626
30.43682
30.17768
29.70704
29.07030
28.32187
27.52433
26.74004
26.01756
25.38390
24.84648
24.40297
24.04813
23.76257
23.53377
23.35910
23.23617
23.16297
23.14074
23.17034
23.25736
23.40567
23.61013
23.86479
24.16613
24.51091
24.89648
25.32053
25.80169
26.36188
26.97821
27.63249
28.31400
29.01387
29.73526
30.46915
31.18990
31.88163
32.53014
33.13344
33.70495
34.20509
34.61128
34.92736
35.15894
35.32002
35.40774
35.42311
35.33739
35.13773
34.85037
34.49254
34.05431
33.54392
32.98342
32.38613
31.76235
31.13473
30.51442
29.86534
29.20038
28.52118
27.84081
27.16569
26.56335
26.07368
25.69831
25.43757
25.28010
25.20900
25.21736
25.32816
25.55606
25.87390
26.25650
26.71475
27.24136
27.85611
28.48252
29.12712
29.77759
30.41346
31.02577
31.65126
32.27497
32.89535
33.44674
33.90266
34.26413
34.53708
34.73116
34.85745
34.87711
34.77499
34.57845
34.30573
33.95748
33.54195
33.05937
32.51038
31.92646
31.30988
30.68798
30.07246
29.42931
28.76649
28.11408
27.51922
27.02137
26.61925
26.31260
26.09441
25.94225
25.85392
25.82984
25.90680
26.10378
26.39616
26.76467
27.19219
27.67841
28.22717
28.84688
29.48815
30.13867
30.78023
31.39802
31.98784
32.56272
33.07545
33.50660
33.85600
34.14781
34.39007
34.57146
34.68909
34.70066
34.58834
34.37697
34.08438
33.71555
33.27244
32.76467
32.19955
31.59234
30.94993
30.29879
29.65541
29.03751
28.40104
27.75694
27.11798
26.49944
25.88733
25.28596
24.69422
24.12284
23.56122
23.01762
22.49172
21.97889
21.47653
20.98251
20.49421
20.01076
19.52638
19.04000
18.55023
18.05794
17.56322
17.06146
16.55149
16.03952
15.51745
14.98873
14.45376
13.91345
13.36875
12.82206
12.26935
11.71637
11.15779
10.59537
10.03012
9.46249
8.89308
8.32154
7.74770
7.17682
6.60256
6.02796
5.45273
4.87721
4.30117
3.72513
3.14728
2.57325
1.99614
1.41950
0.84265
0.26562
-0.31137
-0.88866
-1.46659
-2.04360
-2.62082
-3.19766
-3.77481
-4.35201
-4.92905
-5.50610
-6.08457
-6.65900
-7.23565
-7.81241
-8.38981
-8.96715
-9.54425
-10.12107
-10.69938
-11.27572
-11.85279
-12.42975
-13.00643
-13.58276
-14.15998
-14.73688
-15.31540
-15.88976
-16.46671
-17.04324
-17.61962
-18.19640
-18.77270
-19.34946
-19.92830
-20.50250
-21.07926
-21.65638
-22.23277
-22.81118
-23.38826
-23.96380
-24.54229
-25.11687
-25.69355
-26.27054
-26.84716
-27.42381
-28.00056
-28.57744
-29.15614
-29.73073
-30.30733
-30.88385
-31.46043
-32.03756
-32.61419
-33.19282
-33.77135
-34.34556
-34.92265
-35.49930
-36.07685
-36.65384
-37.23038
-37.80730
-38.38499
-38.96136
-39.53799
-40.11460
-40.69127
-41.26856
-41.84532
-42.42174
-42.99942
-43.57358
-44.15000
-44.72638
-45.30259
-45.87951
-46.45616
-47.03231
-47.60933
-48.18541
-48.76167
-49.33809
-49.91476
-50.49171
-51.06829
-51.64455
-52.22242
-52.79701
-53.37368
-53.95028
-54.52490
-55.10245
-55.68117
-56.26188
-56.84561
-57.42938
-58.01457
-58.60151
-59.28593
-60.12709
-61.04860
-61.98686
-62.90005
-63.74916
-64.52671
-65.21797
-65.81603
-66.31840
-66.82304
-67.44747
-68.18058
-68.95153
-69.70951
-70.45115
-71.17949
-71.89180
-72.58683
-73.21053
-73.72099
-74.07878
-74.26802
-74.28012
-74.12297
-73.84891
-73.50198
-73.07752
-72.57842
-72.01483
-71.38911
-70.71377
-70.00145
-69.24653
-68.46049
-67.64959
-66.81660
-65.96459
-65.09871
-64.25079
-63.43573
-62.66475
-61.94485
-61.28003
-60.67160
-60.14776
-59.72489
-59.40088
-59.16915
-59.02147
-58.94683
-58.97832
-59.13613
-59.39224
-59.72702
-60.12812
-60.59753
-61.12985
-61.70254
-62.30817
-62.92416
-63.53354
-64.16186
-64.80789
-65.46390
-66.12332
-66.71865
-67.21436
-67.60906
-67.90488
-68.11170
-68.24279
-68.30471
-68.29878
-68.19444
-67.97557
-67.66652
-67.29216
-66.84888
-66.33792
-65.76791
-65.15973
-64.52447
-63.88974
-63.27130
-62.67964
-62.09286
-61.50987
-60.94155
-60.44313
-60.03697
-59.71958
-59.47995
-59.30678
-59.19679
-59.19184
-59.31291
-59.53473
-59.83403
-60.20650
-60.64987
-61.16087
-61.71786
-62.31388
-62.92351
-63.53035
-64.15351
-64.79565
-65.45272
-66.11360
-66.71240
-67.21256
-67.61084
-67.91095
-68.12093
-68.25395
-68.31782
-68.31360
-68.21082
-67.99352
-67.68645
-67.30134
-66.85991
-66.35080
-65.77692
-65.15561
-64.51937
-63.88515
-63.27180
-62.67443
-62.08198
-61.49642
-60.92538
-60.42782
-60.02138
-59.70390
-59.46496
-59.29392
-59.18687
-59.18413
-59.30670
-59.52900
-59.82877
-60.20024
-60.64517
-61.15907
-61.71750
-62.31431
-62.92554
-63.53093
-64.15390
-64.79906
-65.45605
-66.11787
-66.71714
-67.21742
-67.61639
-67.91625
-68.12589
-68.25872
-68.32245
-68.31810
-68.24901
-68.15319
-68.05930
-67.96777
-67.96777
-67.87837
-67.79117
-67.70604
-67.62307
-67.54436
-67.47165
-67.40683
-67.35370
-67.31298
-67.28614
-67.27413
-67.27780
-67.29780
-67.33453
-67.38837
-67.45919
-67.54684
-67.65093
-67.77090
-67.90456
-68.05087
-68.20863
-68.37661
-68.55119
-68.73172
-68.91561
-69.10052
-69.28435
-69.46505
-69.64031
-69.80823
-69.96609
-70.11267
-70.24641
-70.36609
-70.47064
-70.55925
-70.63166
-70.63166
-70.68818
-70.72900
-70.75426
-70.76688
-70.77319
-70.77634
-70.77792
-70.77871
-70.77911
-70.77931
-70.77940
-70.77945
-70.77948
-70.77949
-70.77950
-70.77950
-70.77950
-70.77950
-70.77950
-70.77950
-70.77950
-70.77950
-70.77950
-70.77950
-70.77950
-70.77950
-70.77950
-70.77950
-70.77950
-70.77950
-70.77950
-70.77950
-70.77950
-70.77950
-70.77950
-70.77950
-70.77950
-70.77950
-70.77950
-70.77950
-70.77950
-70.77950
-70.77950
-70.77950
-70.77950
-70.77950
-70.77950
-70.77950
-70.77950
-70.77950
-70.77950
-70.77950
-70.77950
-70.77950
-70.77950
-70.77950
-70.77950
-70.77950
-70.77950
-70.77950
-70.77950
-70.77950
-70.77950
-70.77950
-70.77950
-70.77950
-70.77950
-70.77950
-70.77950
-70.77950
-70.77950
-70.77950
-70.77950
-70.77950
-70.77950
-70.77950
-70.77950
-70.77950
-70.77950
-70.77950
-70.77950
-70.77950
-70.77950
-70.77950
-70.77950
-70.77950
-70.77950
-70.77950
-70.77950
-70.77950
-70.77950
-70.77950
-70.77950
-70.77950
-70.77950
-70.77950
-70.77950
-70.77950
-70.77950
-70.77950
-70.77950
-70.77950
-70.77950
-70.77950
-70.77950
-70.77950
-70.77950
-70.77950
-70.77950
-70.77950
-70.77950
-70.77950
-70.77950
-70.77950
-70.77950
-70.77950
-70.77950
-70.77950
-70.77950
-70.77950
-70.77950
-70.77950
-70.77950
-70.77950
-70.77950
-70.77950
-70.77950
-70.77950
-70.77950
-70.77950
-70.77950
-70.77950
-70.77950
-70.77950
-70.77950
-70.77950
-70.77950
-70.77950
-70.77950
-70.77950
-70.77950
-70.77950
-70.77950
-70.77950
-70.77950
-70.77950
-70.77950
-70.77950
-70.77950
-70.77950
-70.77950
-70.77950
-70.77950
-70.77950
-70.77950
-70.77950
-70.77950
-70.77950
-70.77950
-70.77950
-70.77950
-70.77950
-70.77950
-70.77950
-70.77950
-70.77950
-70.77950
-70.77950
-70.77950
-70.77950
-70.77950
-70.77950
-70.77950
-70.77950
-70.77950
-70.77950
-70.77950
-70.77950
-70.77950
-70.77950
-70.77950
-70.77950
-70.77950
-70.77950
-70.77950
-70.77950
-70.77950
-70.77950
-70.77950
-70.77950
-70.77950
-70.77950
-70.77950
-70.77950
-70.77950
-70.77950
-70.77950
-70.77950
-70.77950
-70.77950
-70.77950
-70.77950
-70.77950
-70.77950
-70.77950
-70.77950
-70.77950
-70.77950
-70.77950
-70.77950
-70.77950
-70.77950
-70.77950
-70.77950
-70.77950
-70.77950
-70.77950
-70.77950
-70.77950
-70.77950
-70.77950
-70.77950
-70.77950
-70.77950
-70.77950
-70.77950
-70.77950
-70.77950
-70.77950
-70.77950
-70.77950
-70.77950
-70.77950
-70.77950
-70.77950
-70.77950
-70.77950
-70.77950
-70.77950
-70.77950
-70.77950
-70.77950
-70.77950
-70.77950
-70.77950
-70.77950
-70.77950
-70.77950
-70.77950
-70.77950
-70.77950
-70.77950
-70.77950
-70.77950
-70.77950
-70.77950
-70.77950
-70.77950
-70.77950
-70.77950
-70.77950
-70.77950
-70.77950
-70.77950
-70.77950
-70.77950
-70.77950
-70.77950
-70.77950
-70.77950
-70.77950
-70.77950
-70.77950
-70.77950
-70.77950
-70.77950
-70.77950
-70.77950
-70.77950
-70.77950
-70.77950
-70.77950
-70.77950
-70.77950
-70.77950
-70.77950
-70.77950
-70.77950
-70.77950
-70.77950
-70.77950
-70.77950
-70.77950
-70.77950
-70.77950
-70.77950
-70.77950
-70.77950
-70.77950
-70.77950
-70.77950
-70.77950
-70.77950
-70.77950
-70.77950
-70.77950
-70.77950
-70.77950
-70.77950
-70.77950
-70.77950
-70.77950
-70.77950
-70.77950
-70.77950
-70.77950
-70.77950
-70.77950
-70.77950
-70.77950
-70.77950
-70.77950
-70.77950
-70.77950
-70.77950
-70.77950
-70.77950
-70.77950
-70.77950
0.00000
0.00000
0.00000
0.00000
0.00000
0.00000
0.00000
0.00000
0.00000
0.00000
0.00000
0.00000
0.00000
0.00000
0.00000
0.00000
0.00000
0.00000
0.00000
0.00000
0.00000
0.00000
0.00000
0.00000
0.00000
0.00000
0.00000
0.00000
0.00000
0.00000
0.00000
0.00000
0.00000
0.00000
0.00000
0.00000
0.00000
0.00000
0.00000
0.00000
0.00000
0.00000
0.00000
0.00000
0.00000
0.00000
0.00000
0.00000
0.00000
0.00000
0.00000
0.00000
0.00000
0.00000
0.00000
0.00000
0.00000
0.00000
0.00000
0.00000
0.00000
0.00000
0.00000
0.00000
0.00000
0.00000
0.00000
0.00000
0.00000
0.00000
0.00000
0.00000
0.00000
0.00000
0.00000
0.00000
0.00000
0.00000
0.00000
0.00000
0.00000
0.00000
0.00000
0.00000
0.00000
0.00000
0.00000
0.00000
0.00000
0.00000
0.00000
0.00000
0.00000
0.00000
0.00000
0.00000
0.00000
0.00000
0.00000
0.00000
0.00000
0.00000
0.00000
0.00000
0.00000
0.00000
0.00000
0.00000
0.00000
0.00000
0.00000
0.00000
0.00000
0.00000
0.00000
0.00000
0.00000
0.00000
0.00000
0.00000
0.00000
0.00000
0.00000
0.00000
0.00000
0.00000
0.00000
0.00000
0.00000
0.00000
0.00000
0.00000
0.00000
0.00000
0.00000
0.00000
0.00000
0.00000
0.00000
0.00000
0.00000
0.00000
0.00000
0.00000
0.00000
0.00000
0.00000
0.00000
0.00000
0.00000
0.00000
0.00000
0.00000
0.00000
0.00000
0.00000
0.00000
0.00000
0.00000
0.00000
0.00000
0.00000
0.00000
0.00000
0.00000
0.00000
0.00000
0.00000
0.00000
0.00000
0.00000
0.00000
0.00000
0.00000
0.00000
0.00000
0.00000
0.00000
0.00000
0.00000
0.00000
0.00000
0.00000
0.00000
0.00000
0.00000
0.00000
0.00000
0.00000
0.00000
0.00000
0.00000
0.00000
0.00000
0.00000
0.00000
0.00000
0.00000
0.00000
0.00000
0.00000
0.00000
0.00000
0.00000
0.00000
0.00000
0.00000
0.00000
0.00000
0.00000
0.00000
0.00000
0.00000
0.00000
0.00000
0.00000
0.00000
0.00000
0.00000
0.00000
0.00000
0.00000
0.00000
0.00000
0.00000
0.00000
0.00000
0.00000
0.00000
0.00000
0.00000
0.00000
0.00000
0.00000
0.00000
0.00000
0.00000
0.00000
0.00000
0.00000
0.00000
0.00000
0.00000
0.00000
0.00000
0.00000
0.00000
0.00000
0.00000
0.00000
0.00000
0.00000
0.00000
0.00000
0.00000
0.00000
0.00000
0.00000
0.00000
0.00000
0.00000
0.00000
0.00000
0.00000
0.00000
0.00000
0.00000
0.00000
0.00000
0.00000
0.00000
0.00000
0.00000
0.00000
0.00000
0.00000
0.00000
0.00000
0.00000
0.00000
0.00000
0.00000
0.00000
0.00000
0.00000
0.00000
0.00000
0.00000
0.00000
0.00000
0.00000
0.00000
0.00000
0.00000
0.00000
0.00000
0.00000
0.00000
0.00000
0.00000
0.00000
0.00000
0.00000
0.00000
0.00000
0.00000
0.00000
0.00000
0.00000
0.00000
0.00000
0.00000
0.00000
0.00000
0.00000
0.00000
0.00000
0.00000
0.00000
0.00000
0.00000
0.00000
0.00000
0.00000
0.00000
0.00000
0.00000
0.00000
0.00000
0.00000
0.00000
0.00000
0.00000
0.00000
0.00000
0.00000
0.00000
0.00000
0.00000
0.00000
0.00000
0.00000
0.00000
0.00000
0.00000
0.00000
0.00000
0.00000
0.00000
0.00000
0.00000
0.00000
0.00000
0.00000
0.00000
0.00000
0.00000
0.00000
0.00000
0.00000
0.00000
0.00000
0.00000
0.00000
0.00000
0.00000
0.00000
0.00000
0.00000
0.00000
0.00000
0.00000
0.00000
0.00000
0.00000
0.00000
0.00000
0.00000
0.00000
0.00000
0.00000
0.00000
0.00000
0.00000
0.00000
0.00000
0.00000
0.00000
0.00000
0.00000
0.00000
0.00000
0.00000
0.00000
0.00000
0.00000
0.00000
0.00000
0.00000
0.00000
0.00000
0.00000
0.00000
0.00000
0.00000
0.00000
0.00000
0.00000
0.00000
0.00000
0.00000
0.00000
0.00000
0.00000
0.00000
0.00000
0.00000
0.00000
0.00000
0.00000
0.00000
0.00000
0.00000
0.00000
0.00000
0.00000
0.00000
0.00000
0.00000
0.00000
0.00000
0.00000
0.00000
0.00000
0.00000
0.00000
0.00000
0.00000
0.00000
0.00000
0.00000
0.00000
0.00000
0.00000
0.00000
0.00000
0.00000
0.00000
0.00000
0.00000
0.00000
0.00000
0.00000
0.00000
0.00000
0.00000
0.00000
0.00000
0.00000
0.00000
0.00000
0.00000
0.00000
0.00000
0.00000
0.00000
0.00000
0.00000
0.00000
0.00000
0.00000
0.00000
0.00000
0.00000
0.00000
0.00000
0.00000
0.00000
0.00000
0.00000
0.00000
0.00000
0.00000
0.00000
0.00000
0.00000
0.00000
0.00000
0.00000
0.00000
0.00000
0.00000
0.00000
0.00000
0.00000
0.00000
0.00000
0.00000
0.00000
0.00000
0.00000
0.00000
0.00000
0.00000
0.00000
0.00000
0.00000
0.00000
0.00000
0.00000
0.00000
0.00000
0.00000
0.00000
0.00000
0.00000
0.00000
0.00000
0.00000
0.00000
0.00000
0.00000
0.00000
0.00000
0.00000
0.00000
0.00000
0.00000
0.00000
0.00000
0.00000
0.00000
0.00000
0.00000
0.00000
0.00000
0.00000
0.00000
0.00000
0.00000
0.00000
0.00000
0.00000
0.00000
0.00000
0.00000
0.00000
0.00000
0.00000
0.00000
0.00000
0.00000
0.00000
0.00000
0.00000
0.00000
0.00000
0.00000
0.00000
0.00000
0.00000
0.00000
0.00000
0.00000
0.00000
0.00000
0.00000
0.00000
0.00000
0.00000
0.00000
0.00000
0.00000
0.00000
0.00000
0.00000
0.00000
0.00000
0.00000
0.00000
0.00000
0.00000
0.00000
0.00000
0.00000
0.00000
0.00000
0.00000
0.00000
0.00000
0.00000
0.00000
0.00000
0.00000
0.00000
0.00000
0.00000
0.00000
0.00000
0.00000
0.00000
0.00000
0.00000
0.00000
0.00000
0.00000
0.00000
0.00000
0.00000
0.00000
0.00000
0.00000
0.00000
0.00000
0.00000
0.00000
0.00000
0.00000
0.00000
0.00000
0.00000
0.00000
0.00000
0.00000
0.00000
0.00000
0.00000
0.00000
0.00000
0.00000
0.00000
0.00000
0.00000
0.00000
0.00000
0.00000
0.00000
0.00000
0.00000
0.00000
0.00000
0.00000
0.00000
0.00000
0.00000
0.00000
0.00000
0.00000
0.00000
0.00000
0.00000
0.00000
0.00000
0.00000
0.00000
0.00000
0.00000
0.00000
0.00000
0.00000
0.00000
0.00000
0.00000
0.00000
0.00000
0.00000
0.00000
0.00000
0.00000
0.00000
0.00000
0.00000
0.00000
0.00000
0.00000
0.00000
0.00000
0.00000
0.00000
0.00000
0.00000
0.00000
0.00000
0.00000
0.00000
0.00000
0.00000
0.00000
0.00000
0.00000
0.00000
0.00000
0.00000
0.00000
0.00000
0.00000
0.00000
0.00000
0.00000
0.00000
0.00000
0.00000
0.00000
0.00000
0.00000
0.00000
0.00000
0.00000
0.00000
0.00000
0.00000
0.00000
0.00000
0.00000
0.00000
0.00000
0.00000
0.00000
0.00000
0.00000
0.00000
0.00000
0.00000
0.00000
0.00000
0.00000
0.00000
0.00000
0.00000
0.00000
0.00000
0.00000
0.00000
0.00000
0.00000
0.00000
0.00000
0.00000
0.00000
0.00000
0.00000
0.00000
0.00000
0.00000
0.00000
0.00000
0.00000
0.00000
0.00000
0.00000
0.00000
0.00000
0.00000
0.00000
0.00000
0.00000
0.00000
0.00000
0.00000
0.00000
0.00000
0.00000
0.00000
0.00000
0.00000
0.00000
0.00000
0.00000
0.00000
0.00000
0.00000
0.00000
0.00000
0.00000
0.00000
0.00000
0.00000
0.00000
0.00000
0.00000
0.00000
0.00000
0.00000
0.00000
0.00000
0.00000
0.00000
0.00000
0.00000
0.00000
0.00000
0.00000
0.00000
0.00000
0.00000
0.00000
0.00000
0.00000
0.00000
0.00000
0.00000
0.00000
0.00000
0.00000
0.00000
0.00000
0.00000
0.00000
0.00000
0.00000
0.00000
0.00000
0.00000
0.00000
0.00000
0.00000
0.00000
0.00000
0.00000
0.00000
0.00000
0.00000
0.00000
0.00000
0.00000
0.00000
0.00000
0.00000
0.00000
0.00000
0.00000
0.00000
0.00000
0.00000
0.00000
0.00000
0.00000
0.00000
0.00000
0.00000
0.00000
0.00000
0.00000
0.00000
0.00000
0.00000
0.00000
0.00000
0.00000
0.00000
0.00000
0.00000
0.00000
0.00000
0.00000
0.00000
0.00000
0.00000
0.00000
0.00000
0.00000
0.00000
0.00000
0.00000
0.00000
0.00000
0.00000
0.00000
0.00000
0.00000
0.00000
0.00000
0.00000
0.00000
0.00000
0.00000
0.00000
0.00000
0.00000
0.00000
0.00000
0.00000
0.00000
0.00000
0.00000
0.00000
0.00000
0.00000
0.00000
0.00000
0.00000
0.00000
0.00000
0.00000
0.00000
0.00000
0.00000
0.00000
0.00000
0.00000
0.00000
0.00000
0.00000
0.00000
0.00000
0.00000
0.00000
0.00000
0.00000
0.00000
0.00000
0.00000
0.00000
0.00000
0.00000
0.00000
0.00000
0.00000
0.00000
0.00000
0.00000
0.00000
0.00000
0.00000
0.00000
0.00000
0.00000
0.00000
0.00000
0.00000
0.00000
0.00000
0.00000
0.00000
0.00000
0.00000
0.00000
0.00000
0.00000
0.00000
0.00000
0.00000
0.00000
0.00000
0.00000
0.00000
0.00000
0.00000
0.00000
0.00000
0.00000
0.00000
0.00000
0.00000
0.00000
0.00000
0.00000
0.00000
0.00000
0.00000
0.00000
0.00000
0.00000
0.00000
0.00000
0.00000
0.00000
0.00000
0.00000
0.00000
0.00000
0.00000
0.00000
0.00000
0.00000
0.00000
0.00000
0.00000
0.00000
0.00000
0.00000
0.00000
0.00000
0.00000
0.00000
0.00000
0.00000
0.00000
0.00000
0.00000
0.00000
0.00000
0.00000
0.00000
0.00000
0.00000
0.00000
0.00000
0.00000
0.00000
0.00000
0.00000
0.00000
0.00000
0.00000
0.00000
0.00000
0.00000
0.00000
0.00000
0.00000
0.00000
0.00000
0.00000
0.00000
0.00000
0.00000
0.00000
0.00000
0.00000
0.00000
0.00000
0.00000
0.00000
0.00000
0.00000
0.00000
0.00000
0.00000
0.00000
0.00000
0.00000
0.00000
0.00000
0.00000
0.00000
0.00000
0.00000
0.00000
0.00000
0.00000
0.00000
0.00000
0.00000
0.00000
0.00000
0.00000
0.00000
0.00000
0.00000
0.00000
0.00000
0.00000
0.00000
0.00000
0.00000
0.00000
0.00000
0.00000
0.00000
0.00000
0.00000
0.00000
0.00000
0.00000
0.00000
0.00000
0.00000
0.00000
0.00000
0.00000
0.00000
0.00000
0.00000
0.00000
0.00000
0.00000
0.00000
0.00000
0.00000
0.00000
0.00000
0.00000
0.00000
0.00000
0.00000
0.00000
0.00000
0.00000
0.00000
0.00000
0.00000
0.00000
0.00000
0.00000
0.00000
0.00000
0.00000
0.00000
0.00000
0.00000
0.00000
0.00000
0.00000
0.00000
0.00000
0.00000
0.00000
0.00000
0.00000
0.00000
0.00000
0.00000
0.00000
0.00000
0.00000
0.00000
0.00000
0.00000
0.00000
0.00000
0.00000
0.00000
0.00000
0.00000
0.00000
0.00000
0.00000
0.00000
0.00000
0.00000
0.00000
0.00000
0.00000
0.00000
0.00000
0.00000
0.00000
0.00000
0.00000
0.00000
0.00000
0.00000
0.00000
0.00000
0.00000
0.00000
0.00000
0.00000
0.00000
0.00000
0.00000
0.00000
0.00000
0.00000
0.00000
0.00000
0.00000
0.00000
0.00000
0.00000
0.00000
0.00000
0.00000
0.00000
0.00000
0.00000
0.00000
0.00000
0.00000
0.00000
0.00000
0.00000
0.00000
0.00000
0.00000
0.00000
0.00000
0.00000
0.00000
0.00000
0.00000
0.00000
0.00000
0.00000
0.00000
0.00000
0.00000
0.00000
0.00000
0.00000
0.00000
0.00000
0.00000
0.00000
0.00000
0.00000
0.00000
0.00000
0.00000
0.00000
0.00000
0.00000
0.00000
0.00000
0.00000
0.00000
0.00000
0.00000
0.00000
0.00000
0.00000
0.00000
0.00000
0.00000
0.00000
0.00000
0.00000
0.00000
0.00000
0.00000
0.00000
0.00000
0.00000
0.00000
0.00000
0.00000
0.00000
0.00000
0.00000
0.00000
0.00000
0.00000
0.00000
0.00000
0.00000
0.00000
0.00000
0.00000
0.00000
0.00000
0.00000
0.00000
0.00000
0.00000
0.00000
0.00000
0.00000
0.00000
0.00000
0.00000
0.00000
0.00000
0.00000
0.00000
0.00000
0.00000
0.00000
0.00000
0.00000
0.00000
0.00000
0.00000
0.00000
0.00000
0.00000
0.00000
0.00000
0.00000
0.00000
0.00000
0.00000
0.00000
0.00000
0.00000
0.00000
0.00000
0.00000
0.00000
0.00000
0.00000
0.00000
0.00000
0.00000
0.00000
0.00000
0.00000
0.00000
0.00000
0.00000
0.00000
0.00000
0.00000
0.00000
0.00000
0.00000
0.00000
0.00000
0.00000
0.00000
0.00000
0.00000
0.00000
0.00000
0.00000
0.00000
0.00000
0.00000
0.00000
0.00000
0.00000
0.00000
0.00000
0.00000
0.00000
0.00000
0.00000
0.00000
0.00000
0.00000
0.00000
0.00000
0.00000
0.00000
0.00000
0.00000
0.00000
0.00000
0.00000
0.00000
0.00000
0.00000
0.00000
0.00000
0.00000
0.00000
0.00000
0.00000
0.00000
0.00000
0.00000
0.00000
0.00000
0.00000
0.00000
0.00000
0.00000
0.00000
0.00000
0.00000
0.00000
0.00000
0.00000
0.00000
0.00000
0.00000
0.00000
0.00000
0.00000
0.00000
0.00000
0.00000
0.00000
0.00000
0.00000
0.00000
0.00000
0.00000
0.00000
0.00000
0.00000
0.00000
0.00000
0.00000
0.00000
0.00000
0.00000
0.00000
0.00000
0.00000
0.00000
0.00000
0.00000
0.00000
0.00000
0.00000
0.00000
0.00000
0.00000
0.00000
0.00000
0.00000
0.00000
0.00000
0.00000
0.00000
0.00000
0.00000
0.00000
0.00000
0.00000
0.00000
0.00000
0.00000
0.00000
0.00000
0.00000
0.00000
0.00000
0.00000
0.00000
0.00000
0.00000
0.00000
0.00000
0.00000
0.00000
0.00000
0.00000
0.00000
0.00000
0.00000
0.00000
0.00000
0.00000
0.00000
0.00000
0.00000
0.00000
0.00000
0.00000
0.00000
0.00000
0.00000
0.00000
0.00000
0.00000
0.00000
0.00000
0.00000
0.00000
0.00000
0.00000
0.00000
0.00000
0.00000
0.00000
0.00000
0.00000
0.00000
0.00000
0.00000
0.00000
0.00000
0.00000
0.00000
0.00000
0.00000
0.00000
0.00000
0.00000
0.00000
0.00000
0.00000
0.00000
0.00000
0.00000
0.00000
0.00000
0.00000
0.00000
0.00000
0.00000
0.00000
0.00000
0.00000
0.00000
0.00000
0.00000
0.00000
0.00000
0.00000
0.00000
0.00000
0.00000
0.00000
0.01353
0.01353
0.07241
0.17911
0.32968
0.51879
0.74208
0.99585
1.27681
1.58475
1.91835
2.31082
2.79413
3.35098
3.96845
4.63093
5.32894
6.10408
6.10408
6.90468
7.71711
8.53302
9.34450
10.09031
10.71312
11.20551
11.56040
11.72781
11.67358
11.43274
11.04086
10.53117
9.93236
9.27101
8.56896
7.84209
7.11053
6.38437
5.68158
5.01758
4.40285
3.84195
3.31620
2.82449
2.37221
1.99663
1.71242
1.50814
1.50814
1.37132
1.29809
1.28688
1.33656
1.44528
1.61098
1.86063
2.21442
2.64887
3.14521
3.69556
4.28525
4.90202
5.54462
6.19876
6.84281
7.46131
8.06937
8.67416
9.27492
9.85961
10.42400
10.96200
11.41823
11.76284
12.00238
12.14077
12.18464
12.14607
12.00804
11.76415
11.44114
11.04916
10.58623
10.05580
9.45919
8.80975
8.13723
7.44950
6.76817
6.10787
5.46761
4.83928
4.26708
3.78028
3.37837
3.05801
2.80104
2.59936
2.45390
2.36599
2.38148
2.52549
2.77348
3.10298
3.49485
3.95336
4.47378
5.04151
5.65021
6.26418
6.86843
7.46935
8.07711
8.69023
9.30197
9.84503
10.29048
10.63613
10.89157
11.06821
11.17562
11.21578
11.15266
10.97135
10.69780
10.35635
9.94372
9.45966
8.91040
8.32191
7.70140
7.07441
6.45752
5.84316
5.22170
4.64937
4.15311
3.73785
3.39712
3.11221
2.87958
2.70070
2.57545
2.55504
2.66705
2.88585
3.18889
3.55719
3.99444
4.49578
5.04989
5.64855
6.25942
6.86181
7.45792
8.05989
8.67039
9.27551
9.81674
10.26009
10.60604
10.86168
11.04056
11.14966
11.19244
11.13411
10.95833
10.69069
10.35241
9.94104
9.45825
8.91312
8.32635
7.71056
7.08464
6.46833
5.85538
5.23424
4.66366
4.16878
3.75332
3.41231
3.12637
2.89050
2.70725
2.57926
2.55625
2.66551
2.88231
3.18346
3.55008
3.98553
4.48527
5.03733
5.63441
6.24378
6.84666
7.43803
8.03897
8.64644
9.25352
9.79301
10.23548
10.58132
10.83720
11.01485
11.12530
11.16982
11.11416
10.94048
10.67410
10.33749
9.92764
9.45020
8.90641
8.32299
7.70705
7.08363
6.47150
5.85924
5.23731
4.66712
4.17193
3.75681
3.41543
3.12965
2.89418
2.71139
2.58357
2.56082
2.67044
2.88720
3.18854
3.55538
3.99118
4.49095
5.04483
5.64147
6.25129
6.85295
7.46447
8.06626
8.67444
9.28266
9.82465
10.26549
10.61179
10.86660
11.04322
11.15164
11.19292
11.13292
10.95432
10.68408
10.34285
9.93165
9.44926
8.90135
8.31434
7.69466
7.06729
6.45413
5.83944
5.21668
5.21668
4.57332
3.88952
3.15022
2.36733
1.54753
0.70080
-0.16407
-1.04563
-1.94044
-2.85072
-3.77666
-4.71635
-5.67502
-6.64207
-7.61729
-8.59856
-9.58333
-10.54204
-11.43831
-12.25002
-12.96881
-13.58591
-14.10748
-14.53251
-14.86617
-15.11270
-15.35351
-15.73179
-16.27717
-16.93052
-17.64631
-18.38577
-19.12081
-19.82044
-20.43759
-20.94769
-21.34314
-21.62604
-21.80553
-21.89158
-21.89583
-21.79980
-21.59694
-21.31286
-20.95077
-20.51530
-20.00438
-19.42989
-18.79857
-18.14259
-17.47007
-16.80284
-16.15503
-15.52551
-14.90258
-14.33601
-13.85201
-13.45243
-13.13068
-12.86846
-12.66212
-12.51367
-12.42260
-12.43386
-12.57365
-12.81804
-13.14407
-13.53489
-13.99136
-14.50647
-15.07180
-15.67669
-16.29119
-16.89478
-17.49505
-18.10274
-18.71695
-19.32784
-19.87141
-20.31598
-20.66300
-20.91807
-21.09388
-21.19922
-21.23721
-21.17453
-20.99390
-20.72165
-20.38027
-19.96708
-19.48255
-18.93232
-18.34206
-17.72148
-17.09312
-16.47635
-15.86225
-15.24068
-14.66918
-14.17296
-13.75538
-13.41509
-13.12929
-12.89382
-12.71081
-12.58310
-12.56040
-12.67072
-12.88911
-13.18975
-13.55760
-13.99401
-14.49501
-15.04837
-15.64605
-16.25725
-16.86014
-17.45621
-18.05941
-18.66830
-19.27769
-19.81838
-20.26130
-20.60766
-20.86389
-21.04124
-21.15111
-21.19350
-21.13441
-20.95793
-20.69006
-20.35135
-19.94202
-19.46236
-18.91593
-18.32941
-17.71169
-17.08725
-16.47290
-15.85994
-15.23783
-14.66776
-14.17282
-13.75782
-13.41618
-13.13052
-12.89484
-12.71182
-12.58385
-12.56095
-12.67037
-12.88692
-13.18799
-13.55484
-13.99019
-14.49006
-15.04389
-15.64033
-16.24989
-16.85191
-17.44662
-18.04854
-18.65729
-19.26522
-19.80667
-20.24954
-20.59508
-20.85040
-21.02822
-21.13797
-21.18048
-21.12174
-20.94532
-20.67925
-20.34144
-19.93070
-19.45178
-18.90732
-18.32262
-17.70585
-17.08042
-16.46947
-15.85741
-15.23701
-14.66631
-14.17175
-13.75499
-13.41401
-13.12181
-12.88856
-12.70649
-12.57970
-12.55769
-12.66791
-12.88797
-13.19098
-13.55996
-13.99645
-14.49761
-15.05171
-15.65081
-16.26245
-16.86493
-17.46156
-18.06620
-18.67538
-19.28431
-19.82443
-20.26754
-20.61399
-20.86883
-21.04549
-21.15403
-21.19503
-21.13507
-20.95795
-20.68934
-20.34976
-19.94006
-19.45948
-18.91030
-18.32608
-17.70760
-17.08286
-16.46851
-15.85506
-15.23365
-14.66274
-14.16676
-13.75142
-13.40999
-13.12428
-12.88835
-12.70542
-12.57792
-12.55524
-12.66505
-12.88202
-13.18339
-13.55074
-13.98706
-14.48767
-15.04092
-15.63831
-16.24963
-16.85079
-17.44627
-18.04898
-18.65801
-19.26721
-19.80809
-20.25084
-20.59740
-20.85274
-21.03076
-21.14108
-21.18299
-21.16143
-21.01435
-20.69252
-20.22800
-19.66534
-19.05130
-18.43672
-17.86931
-17.38295
-16.98964
-16.68878
-16.46234
-16.29281
-16.17435
-16.10578
-16.08526
-16.10644
-16.16252
-16.24484
-16.34576
-16.45583
-16.56559
-16.66694
-16.75224
-16.81688
-16.85886
-16.87652
-16.86856
-16.83281
-16.76824
-16.67759
-16.56276
-16.42700
-16.27197
-16.09990
-15.91140
-15.71049
-15.49440
-15.26365
-15.01397
-14.74793
-14.46536
-14.16942
-13.85798
-13.57763
-13.35900
-13.19884
-13.09269
-13.09744
-13.25892
-13.55270
-13.95803
-14.45363
-15.05149
-15.73983
-16.47476
-17.22239
-17.95898
-18.66712
-19.33781
-19.94195
-20.44783
-20.85036
-21.15413
-21.36710
-21.50339
-21.57217
-21.57547
-21.51359
-21.35929
-21.09705
-20.75204
-20.34459
-19.87430
-19.34114
-18.74832
-18.12004
-17.46457
-16.81052
-16.17735
-15.57511
-14.98228
-14.40136
-13.88462
-13.45757
-13.11287
-12.83461
-12.61782
-12.45889
-12.36042
-12.36631
-12.50047
-12.73671
-13.05315
-13.43489
-13.88595
-14.40153
-14.96119
-15.55778
-16.16675
-16.76815
-17.38623
-18.02162
-18.66845
-19.25904
-19.76290
-20.17911
-20.50767
-20.75221
-20.93149
-21.04779
-21.09976
-21.05125
-20.88380
-20.62304
-20.28556
-19.87643
-19.40852
-18.87850
-18.29893
-17.67807
-17.04984
-16.43384
-15.82226
-15.21336
-14.62210
-14.03073
-13.50559
-13.07373
-12.73308
-12.47707
-12.28105
-12.14365
-12.07281
-12.06622
-12.16378
-12.39149
-12.72087
-13.12777
-13.59616
-14.12074
-14.70011
-15.30960
-15.94026
-16.56973
-17.19412
-17.82239
-18.45936
-19.08313
-19.68866
-20.22521
-20.65956
-20.99358
-21.23787
-21.41235
-21.52271
-21.56934
-21.54944
-21.46364
-21.28393
-20.98924
-20.60663
-20.16119
-19.65756
-19.10025
-18.49276
-17.83742
-17.15769
-16.46733
-15.79513
-15.15941
-14.56425
-13.99717
-13.45460
-12.93999
-12.50431
-12.16816
-11.92457
-11.76201
-11.66360
-11.62675
-11.65525
-11.74889
-11.93793
-12.24538
-12.64295
-13.10718
-13.62708
-14.19562
-14.81414
-15.45613
-16.11256
-16.76303
-17.39168
-18.02868
-18.67228
-19.31196
-19.94193
-20.50072
-20.95272
-21.29644
-21.53836
-21.68920
-21.76803
-21.78122
-21.72939
-21.61346
-21.40440
-21.08696
-20.69112
-20.23565
-19.72909
-19.18229
-18.58858
-17.96473
-17.33058
-16.70925
-16.11582
-15.53451
-14.94307
-14.35283
-13.79296
-13.24724
-12.77734
-12.41047
-12.14038
-11.95090
-11.82928
-11.78066
-11.83868
-12.01632
-12.28814
-12.63588
-13.04975
-13.54174
-14.08803
-14.67101
-15.28274
-15.90505
-16.52415
-17.17110
-17.84081
-18.53440
-19.21851
-19.83484
-20.34986
-20.75712
-21.06141
-21.27092
-21.39636
-21.45449
-21.44833
-21.37825
-21.21486
-20.93683
-20.56966
-20.13045
-19.63492
-19.09603
-18.49131
-17.84189
-17.17037
-16.49377
-15.83662
-15.21332
-14.63157
-14.06969
-13.52852
-13.01656
-12.57816
-12.23124
-11.97440
-11.79889
-11.69280
-11.64826
-11.66352
-11.73891
-11.90749
-12.18758
-12.56030
-13.00688
-13.50722
-14.06578
-14.67542
-15.30841
-15.95812
-16.60464
-17.23497
-17.85296
-18.47099
-19.08419
-19.70767
-20.32644
-20.86405
-21.29537
-21.61876
-21.84207
-21.96692
-22.00661
-21.97355
-21.87344
-21.70858
-21.47887
-21.17647
-20.78596
-20.33089
-19.82299
-19.25672
-18.63972
-17.96668
-17.24214
-16.47498
-15.66611
-14.82384
-13.94916
-13.05066
-12.13713
-11.20228
-10.25377
-9.30501
-8.36037
-7.43578
-6.53267
-5.63960
-4.75785
-3.87233
-2.99040
-2.10797
-1.22358
-0.33786
0.54993
1.44078
2.32698
3.21827
4.10547
4.99051
5.87506
6.75991
7.64534
8.53246
9.41430
10.29976
11.18581
12.07238
12.95958
13.84621
14.73345
15.62215
16.50585
17.39405
18.28187
19.16986
20.05765
20.94499
21.83150
22.72221
23.60963
24.49746
25.37944
26.26897
27.16107
28.05434
28.94036
29.83487
30.72767
31.60244
32.44780
33.25198
33.98683
34.61425
35.12553
35.52010
35.80298
35.98338
36.06805
36.06564
35.98534
35.80191
35.50276
35.11867
34.67814
34.17786
33.62109
33.00872
32.35084
31.65202
30.94640
30.24553
29.57204
28.92983
28.31694
27.72032
27.14028
26.57982
26.04823
25.59728
25.25834
25.02146
24.87774
24.81727
24.83139
24.91684
25.07158
25.31247
25.64723
26.05286
26.51231
27.03263
27.60831
28.23717
28.90891
29.59338
30.27760
30.94492
31.58314
32.19663
32.79292
33.37045
33.87935
34.29872
34.63037
34.88759
35.08190
35.21575
35.28924
35.30255
35.25556
35.11426
34.85884
34.51219
34.09439
33.62328
33.09993
32.52492
31.90132
31.25337
30.59363
29.94368
29.31998
28.71410
28.11518
27.52361
26.94961
26.39592
25.92171
25.55254
25.28774
25.12214
25.04495
25.04490
25.11722
25.28195
25.54578
25.88748
26.29629
26.77357
27.31680
27.91953
28.57394
29.25210
29.93896
30.62020
31.27806
31.90567
32.51703
33.06691
33.53120
33.90878
34.20482
34.43881
34.61401
34.73183
34.78999
34.74680
34.57919
34.31168
33.96750
33.55874
33.08701
32.55069
31.96887
31.35019
30.72351
30.10788
29.50219
28.88961
28.27222
27.66343
27.12400
26.68312
26.33890
26.08601
25.91195
25.80775
25.77093
25.83463
26.01613
26.28932
26.63267
27.04718
27.53151
28.08200
28.67266
29.29360
29.92142
30.53758
31.15277
31.77788
32.34788
32.84393
33.25926
33.60026
33.88540
34.11740
34.29711
34.42233
34.44284
34.33110
34.11281
33.81015
33.44210
33.00613
32.50613
31.95173
31.35428
30.74357
30.14179
29.54633
28.94370
28.33519
27.72676
27.18540
26.74277
26.39654
26.14112
25.96296
25.85322
25.81068
25.86953
26.04599
26.31209
26.64970
27.06153
27.54150
28.08622
28.67166
29.29005
29.91642
30.53115
31.14387
31.76401
32.33433
32.82916
33.24484
33.58647
33.87294
34.10792
34.29103
34.41893
34.44207
34.33294
34.11671
33.81552
33.44285
33.00898
32.48975
31.93603
31.33818
30.72817
30.12721
29.53195
28.92818
28.31971
27.71137
27.17071
26.72797
26.38202
26.12720
25.95059
25.84185
25.80057
25.86036
26.03856
26.30855
26.64910
27.05966
27.54094
28.08904
28.67522
29.29518
29.92082
30.53731
31.15099
31.77262
32.34422
32.84061
33.25579
33.59746
33.88345
34.11894
34.30185
34.42938
34.45180
34.34153
34.12423
33.82236
33.45526
33.01971
32.51878
31.96549
31.36797
30.75623
30.15521
29.55951
28.95691
28.34719
27.73844
27.12182
26.59803
26.23710
26.06147
26.07518
26.26846
26.61781
27.08876
27.63736
28.21588
28.79048
29.33616
29.86791
30.40652
30.95773
31.52416
32.10210
32.68909
33.28540
33.88911
34.51084
35.14727
35.78943
36.43425
37.08311
37.73855
38.40738
39.08659
39.78855
40.52467
41.28485
42.06151
42.84876
43.64228
44.46541
45.29174
46.11939
46.94576
47.70945
48.36757
48.91017
49.33404
49.58784
49.62723
49.48185
49.18357
48.76418
48.25218
47.67179
47.02786
46.33759
45.64094
44.95995
44.31103
43.70391
43.13306
42.62927
42.21373
41.88301
41.62376
41.42349
41.28257
41.20182
41.22260
41.36744
41.61159
41.93401
42.32240
42.77888
43.30145
43.86772
44.47122
45.08653
45.69663
46.32237
46.96367
47.61693
48.21491
48.72439
49.13894
49.46107
49.69599
49.85896
49.95447
49.94577
49.81425
49.58557
49.28212
48.90452
48.45147
47.92779
47.36577
46.76766
46.16111
45.56421
44.95617
44.33961
43.72131
43.15929
42.68362
42.29194
41.98280
41.73882
41.55478
41.47847
41.53317
41.69450
41.93880
42.26163
42.66264
43.13842
43.66421
44.23401
44.82139
45.41452
46.02760
46.66440
47.33347
48.01811
48.70533
49.32453
49.82904
50.21463
50.48185
50.64267
50.71081
50.66948
50.50636
50.24402
49.90390
49.49562
49.01738
48.47129
47.85206
47.18216
46.49505
45.80143
45.12278
44.47282
43.86211
43.27035
42.67954
42.15643
41.72414
41.38545
41.13976
40.97421
40.88046
40.89205
41.02232
41.24316
41.54116
41.90729
42.34704
42.85835
43.43288
44.04095
44.67345
45.30894
45.94854
46.58138
47.21889
47.86274
48.44342
48.93501
49.32990
49.63084
49.85577
50.01704
50.11438
50.10389
49.96323
49.71921
49.39575
49.00356
48.54079
47.99886
47.39976
46.74362
46.06765
45.37274
44.68879
44.03060
43.40812
42.84336
42.36335
41.97155
41.66795
41.42961
41.24408
41.11310
41.04149
41.02992
41.11851
41.33801
41.66484
42.07402
42.54319
43.05864
43.61527
44.20106
44.79152
45.40658
46.04245
46.68507
47.33211
47.97878
48.56085
49.04886
49.44522
49.75528
49.98069
50.13649
50.22611
50.20788
50.05981
49.81001
49.48320
49.07691
48.60173
48.06100
47.46118
46.81469
46.14208
45.45356
44.77676
44.12684
43.51083
42.91376
42.37969
41.93224
41.57040
41.29422
41.09251
40.95845
40.89082
40.92594
41.07699
41.31665
41.63119
42.01259
42.46840
42.99027
43.56964
44.18207
44.81891
45.45751
46.08334
46.71766
47.37693
48.04369
48.64842
49.15593
49.56135
49.86723
50.07938
50.20901
50.26482
50.21615
50.05291
49.80424
49.48685
49.09350
48.62530
48.09105
47.49559
46.87097
46.22756
45.57083
44.94407
44.33605
43.73158
43.12310
42.56698
42.05799
41.57677
41.13607
40.72582
40.34759
39.99659
39.67243
39.37212
39.09241
38.83043
38.58049
38.34028
38.10600
37.87303
37.63834
37.40103
37.15815
36.90828
36.64738
36.37746
36.09762
35.80870
35.51042
35.20350
34.88949
34.57058
34.24443
33.91197
33.57439
33.23233
32.88672
32.53821
32.18680
31.83410
31.47946
31.12377
30.76701
30.40837
30.04728
29.68675
29.32351
28.96398
28.60200
28.24166
27.88117
27.52010
27.15963
26.79901
26.43785
26.07695
25.71524
25.35446
24.99368
24.63266
24.27175
23.91120
23.54997
23.18953
22.82877
22.46810
22.10736
21.74692
21.38646
21.02576
20.66490
20.30464
19.94373
19.58330
19.22302
18.86247
18.50215
18.14188
17.78102
17.42067
17.05982
16.69937
16.33912
15.97890
15.61864
15.25844
14.89740
14.53729
14.17647
13.81472
13.45397
13.09369
12.73334
12.37311
12.01198
11.65240
11.29207
10.93183
10.57156
10.21078
9.85091
9.49073
9.12942
8.77068
8.41057
8.05052
7.69016
7.33009
6.97008
6.60951
6.24877
5.88866
5.52863
5.16856
4.80851
4.44838
4.08838
3.72770
3.36625
3.00621
2.64612
2.28616
2.06203
1.84122
1.37618
0.72357
-0.02793
-0.84965
-1.73099
-2.59578
-3.39325
-4.09669
-4.71438
-5.27377
-5.71311
-5.94633
-5.96435
-5.78669
-5.45543
-5.01174
-4.48946
-3.91512
-3.30910
-2.67783
-2.01205
-1.31322
-0.58783
0.15879
0.91534
1.66046
2.36797
2.98425
3.58673
4.24855
4.91456
5.56385
6.17970
6.71393
7.13113
7.40148
7.51560
7.47139
7.28535
6.99146
6.62636
6.20100
5.70159
5.13033
4.49185
3.80199
3.06925
2.31699
1.54705
0.76941
-0.02614
-0.82627
-1.58993
-2.30289
-2.96289
-3.56993
-4.13402
-4.65968
-5.14994
-5.56443
-5.88462
-6.11725
-6.26834
-6.34839
-6.36207
-6.31122
-6.16366
-5.90147
-5.54663
-5.12221
-4.64627
-4.11831
-3.53948
-2.91297
-2.26651
-1.61816
-0.97610
-0.34861
0.28021
0.90654
1.52784
2.13434
2.66722
3.09678
3.42987
3.66983
3.82740
3.91334
3.92710
3.86938
3.74285
3.53310
3.22572
2.84293
2.40282
1.90401
1.34588
0.73578
0.07622
-0.60033
-1.29007
-1.96551
-2.61058
-3.21545
-3.78752
-4.33593
-4.86160
-5.31348
-5.67427
-5.94900
-6.15149
-6.28975
-6.36401
-6.37448
-6.32144
-6.20765
-6.07098
-6.07098
-5.93699
-5.80597
-5.67788
-5.55280
-5.43046
-5.31089
-5.19231
-5.07023
-4.94295
-4.80896
-4.66495
-4.50797
-4.33561
-4.14716
-3.94495
-3.72844
-3.49808
-3.25439
-2.99817
-2.73038
-2.45235
-2.16526
-1.87327
-1.57566
-1.27598
-0.97685
-0.68108
-0.39140
-0.10779
0.16474
0.41678
0.64257
0.83754
0.99768
1.12390
1.23373
1.33203
1.41742
1.48381
1.52838
1.55742
1.55742
1.58502
1.61120
1.63595
1.65928
1.68126
1.70175
1.72079
1.73840
1.75456
1.76930
1.78260
1.79448
1.80496
1.81397
1.82157
1.82773
1.83246
1.83576
1.83763
1.83857
1.83904
1.83927
1.83939
1.83945
1.83948
1.83949
1.83950
1.83950
1.83950
1.83951
1.83951
1.83951
1.83951
1.83951
1.83951
1.83951
1.83951
1.83951
1.83951
1.83951
1.83951
1.83951
1.83951
1.83951
1.83951
1.83951
1.83951
1.83951
1.83951
1.83951
1.83951
1.83951
1.83951
1.83951
1.83951
1.83951
1.83951
1.83951
1.83951
1.83951
1.83951
1.83951
1.83951
1.83951
1.83951
1.83951
1.83951
1.83951
1.83951
1.83951
1.83951
1.83951
1.83951
1.83951
1.83951
1.83951
1.83951
1.83951
1.83951
1.83951
1.83951
1.83951
1.83951
1.83951
1.83951
1.83951
1.83951
1.83951
1.83951
1.83951
1.83951
1.83951
1.83951
1.83951
1.83951
1.83951
1.83951
1.83951
1.83951
1.83951
1.83951
1.83951
1.83951
1.83951
1.83951
1.83951
1.83951
1.83951
1.83951
1.83951
1.83951
1.83951
1.83951
1.83951
1.83951
1.83951
1.83951
1.83951
1.83951
1.83951
1.83951
1.83951
1.83951
1.83951
1.83951
1.83951
1.83951
1.83951
1.83951
1.83951
1.83951
1.83951
1.83951
1.83951
1.83951
1.83951
1.83951
1.83951
1.83951
1.83951
1.83951
1.83951
1.83951
1.83951
1.83951
1.83951
1.83951
1.83951
1.83951
1.83951
1.83951
1.83951
1.83951
1.83951
1.83951
1.83951
1.83951
1.83951
1.83951
1.83951
1.83951
1.83951
1.83951
1.83951
1.83951
1.83951
1.83951
1.83951
1.83951
1.83951
1.83951
1.83951
1.83951
1.83951
1.83951
1.83951
1.83951
1.83951
1.83951
1.83951
1.83951
1.83951
1.83951
1.83951
1.83951
1.83951
1.83951
1.83951
1.83951
1.83951
1.83951
1.83951
1.83951
1.83951
1.83951
1.83951
1.83951
1.83951
1.83951
1.83951
1.83951
1.83951
1.83951
1.83951
1.83951
1.83951
1.83951
1.83951
1.83951
1.83951
1.83951
1.83951
1.83951
1.83951
1.83951
1.83951
1.83951
1.83951
1.83951
1.83951
1.83951
1.83951
1.83951
1.83951
1.83951
1.83951
1.83951
1.83951
1.83951
1.83951
1.83951
1.83951
1.83951
1.83951
1.83951
1.83951
1.83951
1.83951
1.83951
1.83951
1.83951
1.83951
1.83951
1.83951
1.83951
1.83951
1.83951
1.83951
1.83951
1.83951
1.83951
1.83951
1.83951
1.83951
1.83951
1.83951
1.83951
1.83951
1.83951
1.83951
1.83951
1.83951
1.83951
0.00000
0.00000
0.00000
0.00000
0.00000
0.00000
0.00000
0.00000
0.00000
0.00000
0.00000
0.00000
0.00000
0.00000
0.00000
0.00000
0.00000
0.00000
0.00000
0.00000
0.00000
0.00000
0.00000
0.00000
0.00000
0.00000
0.00000
0.00000
0.00000
0.00000
0.00000
0.00000
0.00000
0.00000
0.00000
0.00000
0.00000
0.00000
0.00000
0.00000
0.00000
0.00000
0.00000
0.00000
0.00000
0.00000
0.00000
0.00000
0.00000
0.00000
0.00000
0.00000
0.00000
0.00000
0.00000
0.00000
0.00000
0.00000
0.00000
0.00000
0.00000
0.00000
0.00000
0.00000
0.00000
0.00000
0.00000
0.00000
0.00000
0.00000
0.00000
0.00000
0.00000
0.00000
0.00000
0.00000
0.00000
0.00000
0.00000
0.00000
0.00000
0.00000
0.00000
0.00000
0.00000
0.00000
0.00000
0.00000
0.00000
0.00000
0.00000
0.00000
0.00000
0.00000
0.00000
0.00000
0.00000
0.00000
0.00000
0.00000
0.00000
0.00000
0.00000
0.00000
0.00000
0.00000
0.00000
0.00000
0.00000
0.00000
0.00000
0.00000
0.00000
0.00000
0.00000
0.00000
0.00000
0.00000
0.00000
0.00000
0.00000
0.00000
0.00000
0.00000
0.00000
0.00000
0.00000
0.00000
0.00000
0.00000
0.00000
0.00000
0.00000
0.00000
0.00000
0.00000
0.00000
0.00000
0.00000
0.00000
0.00000
0.00000
0.00000
0.00000
0.00000
0.00000
0.00000
0.00000
0.00000
0.00000
0.00000
0.00000
0.00000
0.00000
0.00000
0.00000
0.00000
0.00000
0.00000
0.00000
0.00000
0.00000
0.00000
0.00000
0.00000
0.00000
0.00000
0.00000
0.00000
0.00000
0.00000
0.00000
0.00000
0.00000
0.00000
0.00000
0.00000
0.00000
0.00000
0.00000
0.00000
0.00000
0.00000
0.00000
0.00000
0.00000
0.00000
0.00000
0.00000
0.00000
0.00000
0.00000
0.00000
0.00000
0.00000
0.00000
0.00000
0.00000
0.00000
0.00000
0.00000
0.00000
0.00000
0.00000
0.00000
0.00000
0.00000
0.00000
0.00000
0.00000
0.00000
0.00000
0.00000
0.00000
0.00000
0.00000
0.00000
0.00000
0.00000
0.00000
0.00000
0.00000
0.00000
0.00000
0.00000
0.00000
0.00000
0.00000
0.00000
0.00000
0.00000
0.00000
0.00000
0.00000
0.00000
0.00000
0.00000
0.00000
0.00000
0.00000
0.00000
0.00000
0.00000
0.00000
0.00000
0.00000
0.00000
0.00000
0.00000
0.00000
0.00000
0.00000
0.00000
0.00000
0.00000
0.00000
0.00000
0.00000
0.00000
0.00000
0.00000
0.00000
0.00000
0.00000
0.00000
0.00000
0.00000
0.00000
0.00000
0.00000
0.00000
0.00000
0.00000
0.00000
0.00000
0.00000
0.00000
0.00000
0.00000
0.00000
0.00000
0.00000
0.00000
0.00000
0.00000
0.00000
0.00000
0.00000
0.00000
0.00000
0.00000
0.00000
0.00000
0.00000
0.00000
0.00000
0.00000
0.00000
0.00000
0.00000
0.00000
0.00000
0.00000
0.00000
0.00000
0.00000
0.00000
0.00000
0.00000
0.00000
0.00000
0.00000
0.00000
0.00000
0.00000
0.00000
0.00000
0.00000
0.00000
0.00000
0.00000
0.00000
0.00000
0.00000
0.00000
0.00000
0.00000
0.00000
0.00000
0.00000
0.00000
0.00000
0.00000
0.00000
0.00000
0.00000
0.00000
0.00000
0.00000
0.00000
0.00000
0.00000
0.00000
0.00000
0.00000
0.00000
0.00000
0.00000
0.00000
0.00000
0.00000
0.00000
0.00000
0.00000
0.00000
0.00000
0.00000
0.00000
0.00000
0.00000
0.00000
0.00000
0.00000
0.00000
0.00000
0.00000
0.00000
0.00000
0.00000
0.00000
0.00000
0.00000
0.00000
0.00000
0.00000
0.00000
0.00000
0.00000
0.00000
0.00000
0.00000
0.00000
0.00000
0.00000
0.00000
0.00000
0.00000
0.00000
0.00000
0.00000
0.00000
0.00000
0.00000
0.00000
0.00000
0.00000
0.00000
0.00000
0.00000
0.00000
0.00000
0.00000
0.00000
0.00000
0.00000
0.00000
0.00000
0.00000
0.00000
0.00000
0.00000
0.00000
0.00000
0.00000
0.00000
0.00000
0.00000
0.00000
0.00000
0.00000
0.00000
0.00000
0.00000
0.00000
0.00000
0.00000
0.00000
0.00000
0.00000
0.00000
0.00000
0.00000
0.00000
0.00000
0.00000
0.00000
0.00000
0.00000
0.00000
0.00000
0.00000
0.00000
0.00000
0.00000
0.00000
0.00000
0.00000
0.00000
0.00000
0.00000
0.00000
0.00000
0.00000
0.00000
0.00000
0.00000
0.00000
0.00000
0.00000
0.00000
0.00000
0.00000
0.00000
0.00000
0.00000
0.00000
0.00000
0.00000
0.00000
0.00000
0.00000
0.00000
0.00000
0.00000
0.00000
0.00000
0.00000
0.00000
0.00000
0.00000
0.00000
0.00000
0.00000
0.00000
0.00000
0.00000
0.00000
0.00000
0.00000
0.00000
0.00000
0.00000
0.00000
0.00000
0.00000
0.00000
0.00000
0.00000
0.00000
0.00000
0.00000
0.00000
0.00000
0.00000
0.00000
0.00000
0.00000
0.00000
0.00000
0.00000
0.00000
0.00000
0.00000
0.00000
0.00000
0.00000
0.00000
0.00000
0.00000
0.00000
0.00000
0.00000
0.00000
0.00000
0.00000
0.00000
0.00000
0.00000
0.00000
0.00000
0.00000
0.00000
0.00000
0.00000
0.00000
0.00000
0.00000
0.00000
0.00000
0.00000
0.00000
0.00000
0.00000
0.00000
0.00000
0.00000
0.00000
0.00000
0.00000
0.00000
0.00000
0.00000
0.00000
0.00000
0.00000
0.00000
0.00000
0.00000
0.00000
0.00000
0.00000
0.00000
0.00000
0.00000
0.00000
0.00000
0.00000
0.00000
0.00000
0.00000
0.00000
0.00000
0.00000
0.00000
0.00000
0.00000
0.00000
0.00000
0.00000
0.00000
0.00000
0.00000
0.00000
0.00000
0.00000
0.00000
0.00000
0.00000
0.00000
0.00000
0.00000
0.00000
0.00000
0.00000
0.00000
0.00000
0.00000
0.00000
0.00000
0.00000
0.00000
0.00000
0.00000
0.00000
0.00000
0.00000
0.00000
0.00000
0.00000
0.00000
0.00000
0.00000
0.00000
0.00000
0.00000
0.00000
0.00000
0.00000
0.00000
0.00000
0.00000
0.00000
0.00000
0.00000
0.00000
0.00000
0.00000
0.00000
0.00000
0.00000
0.00000
0.00000
0.00000
0.00000
0.00000
0.00000
0.00000
0.00000
0.00000
0.00000
0.00000
0.00000
0.00000
0.00000
0.00000
0.00000
0.00000
0.00000
0.00000
0.00000
0.00000
0.00000
0.00000
0.00000
0.00000
0.00000
0.00000
0.00000
0.00000
0.00000
0.00000
0.00000
0.00000
0.00000
0.00000
0.00000
0.00000
0.00000
0.00000
0.00000
0.00000
0.00000
0.00000
0.00000
0.00000
0.00000
0.00000
0.00000
0.00000
0.00000
0.00000
0.00000
0.00000
0.00000
0.00000
0.00000
0.00000
0.00000
0.00000
0.00000
0.00000
0.00000
0.00000
0.00000
0.00000
0.00000
0.00000
0.00000
0.00000
0.00000
0.00000
0.00000
0.00000
0.00000
0.00000
0.00000
0.00000
0.00000
0.00000
0.00000
0.00000
0.00000
0.00000
0.00000
0.00000
0.00000
0.00000
0.00000
0.00000
0.00000
0.00000
0.00000
0.00000
0.00000
0.00000
0.00000
0.00000
0.00000
0.00000
0.00000
0.00000
0.00000
0.00000
0.00000
0.00000
0.00000
0.00000
0.00000
0.00000
0.00000
0.00000
0.00000
0.00000
0.00000
0.00000
0.00000
0.00000
0.00000
0.00000
0.00000
0.00000
0.00000
0.00000
0.00000
0.00000
0.00000
0.00000
0.00000
0.00000
0.00000
0.00000
0.00000
0.00000
0.00000
0.00000
0.00000
0.00000
0.00000
0.00000
0.00000
0.00000
0.00000
0.00000
0.00000
0.00000
0.00000
0.00000
0.00000
0.00000
0.00000
0.00000
0.00000
0.00000
0.00000
0.00000
0.00000
0.00000
0.00000
0.00000
0.00000
0.00000
0.00000
0.00000
0.00000
0.00000
0.00000
0.00000
0.00000
0.00000
0.00000
0.00000
0.00000
0.00000
0.00000
0.00000
0.00000
0.00000
0.00000
0.00000
0.00000
0.00000
0.00000
0.00000
0.00000
0.00000
0.00000
0.00000
0.00000
0.00000
0.00000
0.00000
0.00000
0.00000
0.00000
0.00000
0.00000
0.00000
0.00000
0.00000
0.00000
0.00000
0.00000
0.00000
0.00000
0.00000
0.00000
0.00000
0.00000
0.00000
0.00000
0.00000
0.00000
0.00000
0.00000
0.00000
0.00000
0.00000
0.00000
0.00000
0.00000
0.00000
0.00000
0.00000
0.00000
0.00000
0.00000
0.00000
0.00000
0.00000
0.00000
0.00000
0.00000
0.00000
0.00000
0.00000
0.00000
0.00000
0.00000
0.00000
0.00000
0.00000
0.00000
0.00000
0.00000
0.00000
0.00000
0.00000
0.00000
0.00000
0.00000
0.00000
0.00000
0.00000
0.00000
0.00000
0.00000
0.00000
0.00000
0.00000
0.00000
0.00000
0.00000
0.00000
0.00000
0.00000
0.00000
0.00000
0.00000
0.00000
0.00000
0.00000
0.00000
0.00000
0.00000
0.00000
0.00000
0.00000
0.00000
0.00000
0.00000
0.00000
0.00000
0.00000
0.00000
0.00000
0.00000
0.00000
0.00000
0.00000
0.00000
0.00000
0.00000
0.00000
0.00000
0.00000
0.00000
0.00000
0.00000
0.00000
0.00000
0.00000
0.00000
0.00000
0.00000
0.00000
0.00000
0.00000
0.00000
0.00000
0.00000
0.00000
0.00000
0.00000
0.00000
0.00000
0.00000
0.00000
0.00000
0.00000
0.00000
0.00000
0.00000
0.00000
0.00000
0.00000
0.00000
0.00000
0.00000
0.00000
0.00000
0.00000
0.00000
0.00000
0.00000
0.00000
0.00000
0.00000
0.00000
0.00000
0.00000
0.00000
0.00000
0.00000
0.00000
0.00000
0.00000
0.00000
0.00000
0.00000
0.00000
0.00000
0.00000
0.00000
0.00000
0.00000
0.00000
0.00000
0.00000
0.00000
0.00000
0.00000
0.00000
0.00000
0.00000
0.00000
0.00000
0.00000
0.00000
0.00000
0.00000
0.00000
0.00000
0.00000
0.00000
0.00000
0.00000
0.00000
0.00000
0.00000
0.00000
0.00000
0.00000
0.00000
0.00000
0.00000
0.00000
0.00000
0.00000
0.00000
0.00000
0.00000
0.00000
0.00000
0.00000
0.00000
0.00000
0.00000
0.00000
0.00000
0.00000
0.00000
0.00000
0.00000
0.00000
0.00000
0.00000
0.00000
0.00000
0.00000
0.00000
0.00000
0.00000
0.00000
0.00000
0.00000
0.00000
0.00000
0.00000
0.00000
0.00000
0.00000
0.00000
0.00000
0.00000
0.00000
0.00000
0.00000
0.00000
0.00000
0.00000
0.00000
0.00000
0.00000
0.00000
0.00000
0.00000
0.00000
0.00000
0.00000
0.00000
0.00000
0.00000
0.00000
0.00000
0.00000
0.00000
0.00000
0.00000
0.00000
0.00000
0.00000
0.00000
0.00000
0.00000
0.00000
0.00000
0.00000
0.00000
0.00000
0.00000
0.00000
0.00000
0.00000
0.00000
0.00000
0.00000
0.00000
0.00000
0.00000
0.00000
0.00000
0.00000
0.00000
0.00000
0.00000
0.00000
0.00000
0.00000
0.00000
0.00000
0.00000
0.00000
0.00000
0.00000
0.00000
0.00000
0.00000
0.00000
0.00000
0.00000
0.00000
0.00000
0.00000
0.00000
0.00000
0.00000
0.00000
0.00000
0.00000
0.00000
0.00000
0.00000
0.00000
0.00000
0.00000
0.00000
0.00000
0.00000
0.00000
0.00000
0.00000
0.00000
0.00000
0.00000
0.00000
0.00000
0.00000
0.00000
0.00000
0.00000
0.00000
0.00000
0.00000
0.00000
0.00000
0.00000
0.00000
0.00000
0.00000
0.00000
0.00000
0.00000
0.00000
0.00000
0.00000
0.00000
0.00000
0.00000
0.00000
0.00000
0.00000
0.00000
0.00000
0.00000
0.00000
0.00000
0.00000
0.00000
0.00000
0.00000
0.00000
0.00000
0.00000
0.00000
0.00000
0.00000
0.00000
0.00000
0.00000
0.00000
0.00000
0.00000
0.00000
0.00000
0.00000
0.00000
0.00000
0.00000
0.00000
0.00000
0.00000
0.00000
0.00000
0.00000
0.00000
0.00000
0.00000
0.00000
0.00000
0.00000
0.00000
0.00000
0.00000
0.00000
0.00000
0.00000
0.00000
0.00000
0.00000
0.00000
0.00000
0.00000
0.00000
0.00000
0.00000
0.00000
0.00000
0.00000
0.00000
0.00000
0.00000
0.00000
0.00000
0.00000
0.00000
0.00000
0.00000
0.00000
0.00000
0.00000
0.00000
0.00000
0.00000
0.00000
0.00000
0.00000
0.00000
0.00000
0.00000
0.00000
0.00000
0.00000
0.00000
0.00000
0.00000
0.00000
0.00000
0.00000
0.00000
0.00000
0.00000
0.00000
0.00000
0.00000
0.00000
0.00000
0.00000
0.00000
0.00000
0.00000
0.00000
0.00000
0.00000
0.00000
0.00000
0.00000
0.00000
0.00000
0.00000
0.00000
0.00000
0.00000
0.00000
0.00000
0.00000
0.00000
0.00000
0.00000
0.00000
0.00000
0.00000
0.00000
0.00000
0.00000
0.00000
0.00000
0.00000
0.00000
0.00000
0.00000
0.00000
0.00000
0.00000
0.00000
0.00000
0.00000
0.00000
0.00000
0.00000
0.00000
0.00000
0.00000
0.00000
0.00000
0.00000
0.00000
0.00000
0.00000
0.00000
0.00000
0.00000
0.00000
0.00000
0.00000
0.00000
0.00000
0.00000
0.00000
0.00000
0.00000
0.00000
0.00000
0.00000
0.00000
0.00000
0.00000
0.00000
0.00000
0.00000
0.00000
0.00000
0.00000
0.00000
0.00000
0.00000
0.00000
0.00000
0.00000
0.00000
0.00000
0.00000
0.00000
0.00000
0.00000
0.00000
0.00000
0.00000
0.00000
0.00000
0.00000
0.00000
0.00000
0.00000
0.00000
0.00000
0.00000
0.00000
0.00000
0.00000
0.00000
0.00000
0.00000
0.00000
0.00000
0.00000
0.00000
0.00000
0.00000
0.00000
0.00000
0.00000
0.00000
0.00000
0.00000
0.00000
0.00000
0.00000
0.00000
0.00000
0.00000
0.00000
0.00000
0.00000
0.00000
0.00000
0.00000
0.00000
0.00000
0.00000
0.00000
0.00000
0.00000
0.00000
0.00000
0.00000
0.00000
0.00000
0.00000
0.00000
0.00000
0.00000
0.00000
0.00000
0.00000
0.00000
0.00000
0.00000
0.00000
0.00000
0.00000
0.00000
0.00000
0.00000
0.00000
0.00000
0.00000
0.00000
0.00000
0.00000
0.00000
0.00000
0.00000
0.00000
0.00000
0.00000
0.00000
0.00000
0.00000
0.00000
0.00000
0.00000
0.00000
0.00000
0.00000
0.00000
0.00000
0.00000
0.00000
0.00000
0.00000
0.00000
0.00000
0.00000
0.00000
0.01702
0.01702
0.10931
0.30563
0.60968
1.01498
1.51624
2.08496
2.71947
3.41375
4.15720
4.95009
5.77703
6.63982
7.52912
8.44414
9.37747
10.33008
11.29647
12.27119
13.24740
14.21372
15.16559
16.10832
17.04361
17.97391
18.90098
19.83101
20.76345
21.69472
22.62313
23.55763
24.49221
25.42935
26.36595
27.30449
28.24474
29.18380
30.12498
31.06660
32.00913
32.95291
33.89529
34.83815
35.78148
36.72486
37.66646
38.60968
39.55325
40.50023
41.44007
42.38396
43.32775
44.27366
45.21917
46.16207
47.10944
48.05581
48.99969
49.94472
50.88961
51.83412
52.77835
53.72286
54.66702
55.61647
56.56061
57.50476
58.44933
59.39392
60.33811
61.28249
62.22705
63.17304
64.11660
65.06051
66.00533
66.94971
67.89411
68.83862
69.78258
70.72869
71.66865
72.60377
73.53468
74.45882
75.37527
76.28639
77.17750
78.03733
78.85913
78.85913
79.64554
80.36765
80.98749
81.49949
81.90327
82.20132
82.39797
82.49758
82.46847
82.28962
81.99072
81.59908
81.13773
80.62573
80.06972
79.47224
78.83439
78.18526
77.53886
76.91393
76.29539
75.69742
75.10323
74.52020
73.95292
73.40862
72.89182
72.45750
72.45750
72.13531
71.91783
71.79611
71.76028
71.80121
71.91516
72.11841
72.41971
72.79524
73.22741
73.71857
74.27992
74.90435
75.57788
76.29210
77.01344
77.73128
78.42907
79.09209
79.71325
80.30279
80.82487
81.25737
81.60309
81.87162
82.07658
82.22115
82.30657
82.33313
82.29984
82.20713
82.02230
81.72368
81.33623
80.87959
80.37238
79.82271
79.22760
78.60360
77.96367
77.33114
76.72137
76.11262
75.50781
74.90567
74.31252
73.73572
73.18637
72.71737
72.36006
72.11134
71.96405
71.90135
71.91400
71.99815
72.15163
72.39089
72.72598
73.13380
73.59604
74.11521
74.69282
75.32023
75.98933
76.67033
77.35047
78.01413
78.64396
79.25582
79.85288
80.43060
80.93965
81.35756
81.68784
81.94120
82.12882
82.25501
82.32009
82.32423
82.26844
82.12050
81.85938
81.50755
81.08573
80.61141
80.08522
79.50661
78.88152
78.23258
77.57029
76.91881
76.29663
75.68788
75.08505
74.49070
73.91507
73.36111
72.88551
72.51610
72.24834
72.07409
71.98388
71.96710
72.02032
72.14204
72.35260
72.66374
73.04775
73.48861
73.98814
74.54819
75.16474
75.82644
76.50367
77.18754
77.85551
78.49686
79.11321
79.71357
80.29687
80.81218
81.23830
81.57857
81.84164
82.04122
82.18013
82.25977
82.27567
82.19130
81.98252
81.67858
81.30670
80.86860
80.37236
79.81595
79.20768
78.56536
77.89801
77.22963
76.57973
75.95388
75.34000
74.73244
74.13977
73.56437
73.06551
72.67055
72.37826
72.17826
72.06115
72.01770
72.04527
72.14251
72.32992
72.61945
72.98363
73.40834
73.89538
74.44394
75.05032
75.70347
76.37483
77.05394
77.71965
78.36088
78.97876
79.58729
80.13518
80.59502
80.96735
81.26101
81.49504
81.67227
81.79119
81.85132
81.85260
81.75585
81.53672
81.22022
80.82936
80.38118
79.87778
79.32232
78.72451
78.11480
77.51326
76.90804
76.29345
75.67061
75.04665
74.43007
73.88573
73.44707
73.11188
72.87369
72.72551
72.65253
72.68423
72.83553
73.07988
73.39816
73.79202
74.26031
74.79616
75.38882
76.01509
76.66772
77.32101
77.95840
78.57689
79.19046
79.74536
80.22180
80.61449
80.93044
81.19021
81.39602
81.54564
81.63760
81.62714
81.48839
81.24513
80.92180
80.53449
80.07946
79.56184
78.99332
78.38554
77.76686
77.15835
76.55691
75.94973
75.33763
74.72741
74.11060
73.43002
72.71078
71.97263
71.97263
71.22462
70.47162
69.71621
68.96412
68.21285
67.46558
66.71810
65.97145
65.22479
64.47813
63.73157
62.98499
62.23733
61.49148
60.74531
59.99875
59.25201
58.50564
57.76098
57.01484
56.26553
55.51988
54.76940
54.01677
53.26373
52.50944
51.75422
50.99782
50.24001
49.48272
48.72441
47.96600
47.20773
46.44924
45.69068
44.93192
44.17182
43.41339
42.65408
41.89466
41.13679
40.37746
39.61831
38.86022
38.10027
37.34181
36.58272
35.82408
35.06510
34.30626
33.54760
32.78899
32.02916
31.27110
30.51242
29.75403
28.99623
28.23765
27.47882
26.72047
25.96100
25.20289
24.44397
23.68533
22.92703
22.16850
21.40973
20.65109
19.89094
19.13161
18.37256
17.61357
16.85452
16.09541
15.33622
14.57751
13.81751
13.05871
12.29905
11.54025
10.78077
10.02192
9.26253
8.50398
7.74371
6.98792
6.22895
5.46986
4.71098
3.95334
3.19468
2.43565
1.67482
0.91914
0.16020
-0.59912
-1.35854
-2.11778
-2.87591
-3.63409
-4.39450
-5.15298
-5.91252
-6.67088
-7.42786
-8.18627
-8.94461
-9.70276
-10.46236
-11.22051
-11.97974
-12.73878
-13.49732
-14.25580
-15.01425
-15.77244
-16.53201
-17.28759
-18.04409
-18.80267
-19.56308
-20.32496
-21.08882
-21.85373
-22.62057
-23.38705
-24.15418
-24.92221
-25.69066
-26.46035
-27.22510
-27.98667
-28.74891
-29.50459
-30.26438
-31.02232
-31.78082
-32.53964
-33.29861
-34.05680
-34.81621
-35.57350
-36.33112
-37.08934
-37.84792
-38.60633
-39.36506
-40.12364
-40.88347
-41.64124
-42.39922
-43.15693
-43.91529
-44.67346
-45.43201
-46.19042
-46.95001
-47.70780
-48.46627
-49.22472
-49.98283
-50.74060
-51.49848
-52.25364
-53.01091
-53.76565
-54.52604
-55.28800
-56.05179
-56.81674
-57.58265
-58.41429
-59.34533
-60.29660
-61.20594
-62.01733
-62.69545
-63.30272
-63.94686
-64.67161
-65.47867
-66.32696
-67.15751
-67.90300
-68.50821
-69.10191
-69.68350
-70.09087
-70.30446
-70.31600
-70.14018
-69.81682
-69.38636
-68.88207
-68.33041
-67.74994
-67.12746
-66.46686
-65.76628
-65.03775
-64.32795
-63.64950
-63.01055
-62.39109
-61.78614
-61.20082
-60.68585
-60.26432
-59.93114
-59.68034
-59.49599
-59.37329
-59.35689
-59.47109
-59.69158
-59.99444
-60.36422
-60.80406
-61.30874
-61.86099
-62.45609
-63.06180
-63.66853
-64.29281
-64.93074
-65.58034
-66.17529
-66.68384
-67.09943
-67.41976
-67.65821
-67.82712
-67.92870
-67.92469
-67.79709
-67.57197
-67.27089
-66.89203
-66.44116
-65.90580
-65.34237
-64.74556
-64.14106
-63.54612
-62.93833
-62.32219
-61.70386
-61.14351
-60.66666
-60.27631
-59.96770
-59.72485
-59.54353
-59.47068
-59.52671
-59.68770
-59.93138
-60.25399
-60.65478
-61.13036
-61.65724
-62.22693
-62.81410
-63.41017
-64.02533
-64.66215
-65.31520
-65.97643
-66.57836
-67.08274
-67.48616
-67.79021
-68.00174
-68.13173
-68.15165
-68.04628
-67.84200
-67.56188
-67.20243
-66.76495
-66.25367
-65.67698
-65.06643
-64.42971
-63.78913
-63.16922
-62.55066
-61.93522
-61.37331
-60.89077
-60.49063
-60.16682
-59.90365
-59.69888
-59.55306
-59.46265
-59.47975
-59.63660
-59.90463
-60.25762
-60.67573
-61.14659
-61.66747
-62.22539
-62.79422
-63.37645
-63.98373
-64.61291
-65.26341
-65.91694
-66.51080
-67.00762
-67.40461
-67.70568
-67.91692
-68.05059
-68.07571
-67.97507
-67.77434
-67.49155
-67.13650
-66.70584
-66.20293
-65.63632
-65.03297
-64.40162
-63.76553
-63.14421
-62.53030
-61.91851
-61.35951
-60.87898
-60.47962
-60.15615
-59.89303
-59.67843
-59.52413
-59.48020
-59.56988
-59.76672
-60.04808
-60.39941
-60.82504
-61.31779
-61.85804
-62.43593
-63.02553
-63.62207
-64.23958
-64.87439
-65.52626
-66.17770
-66.76459
-67.25643
-67.64936
-67.94205
-68.14194
-68.25703
-68.30335
-68.28667
-68.14621
-67.83796
-67.40541
-66.89317
-66.33554
-65.76115
-65.14390
-64.47254
-63.74970
-62.98120
-62.17470
-61.33447
-60.46247
-59.57514
-58.65426
-57.71569
-56.76845
-55.82188
-54.88180
-53.93808
-52.99544
-52.05951
-51.13081
-50.20905
-49.28010
-48.34761
-47.40506
-46.45536
-45.49190
-44.52803
-43.55791
-42.58254
-41.60110
-40.61589
-39.62730
-38.63494
-37.63931
-36.64609
-35.64668
-34.64703
-33.64664
-32.64561
-31.64315
-30.64083
-29.63601
-28.63266
-27.62764
-26.62327
-25.61866
-24.61404
-23.60969
-22.60544
-21.59717
-20.59617
-19.59111
-18.58587
-17.58069
-16.57573
-15.57117
-14.56290
-13.55666
-12.55173
-11.54680
-10.54224
-9.53757
-8.53210
-7.52631
-6.52160
-5.51384
-4.51360
-3.50905
-2.50472
-1.50569
-0.50790
0.49160
1.49033
2.49163
3.49161
4.49276
5.49386
6.49706
7.50034
8.50488
9.50918
10.51576
11.51995
12.52499
13.53088
14.53679
15.54254
16.54765
17.55324
18.56052
19.56470
20.57004
21.57538
22.58065
23.58626
24.59153
25.59702
26.60520
27.60120
28.59928
29.59721
30.59536
31.59496
32.59588
33.59724
34.60108
35.60308
36.60600
37.60892
38.61252
39.61570
40.61892
41.62316
42.62990
43.63005
44.63497
45.64089
46.64125
47.63874
48.63569
49.63350
50.63441
51.62945
52.63034
53.63177
54.63357
55.63650
56.64009
57.64496
58.65040
59.65395
60.65868
61.66477
62.67085
63.67902
64.68503
65.69073
66.69688
67.70257
68.70850
69.71460
70.71413
71.71225
72.71093
73.70994
74.71214
75.70759
76.70901
77.71053
78.71230
79.71144
80.70980
81.70794
82.70714
83.68640
84.64901
85.58015
86.47854
87.34106
88.14243
88.82234
89.36926
89.77968
90.04604
90.17382
90.14400
89.94138
89.59513
89.13444
88.59410
88.00265
87.36929
86.71566
86.03879
85.35896
84.69093
84.05031
83.44703
82.85274
82.26609
81.69370
81.14638
80.67295
80.29538
80.00866
79.80557
79.67633
79.62132
79.63564
79.74580
79.96907
80.28167
80.66247
81.10708
81.61053
82.17393
82.79260
83.43324
84.08696
84.73454
85.37060
86.00726
86.64497
87.30171
87.92759
88.48292
88.93560
89.28620
89.54031
89.70497
89.79121
89.80488
89.74771
89.59677
89.34013
89.00282
88.60368
88.13917
87.61105
87.02030
86.37936
85.69897
85.00836
84.31893
83.64924
83.01034
82.40874
81.83090
81.27494
80.78946
80.39666
80.09202
79.86617
79.70874
79.61706
79.59092
79.63098
79.76730
80.01667
80.35375
80.75801
81.22025
81.74062
82.31674
82.94199
83.58613
84.23815
84.89197
85.52288
86.15718
86.79346
87.42311
88.04222
88.58952
89.03257
89.37246
89.61453
89.76717
89.84094
89.84183
89.77173
89.60861
89.34103
88.99321
88.58239
88.10702
87.57023
86.97514
86.32860
85.66484
84.99366
84.33405
83.69899
83.07778
82.46889
81.87387
81.34453
80.90388
80.55068
80.27912
80.07277
79.92966
79.84949
79.83273
79.91602
80.12085
80.42232
80.80193
81.23658
81.73281
82.28366
82.88900
83.51755
84.16046
84.79633
85.42113
86.05237
86.68551
87.31557
87.93344
88.48147
88.92730
89.27193
89.52089
89.68161
89.76595
89.77799
89.71952
89.56762
89.31053
88.97221
88.56974
88.10229
87.56832
86.98248
86.36302
85.72390
85.08843
84.47216
83.86102
83.24817
82.63442
82.08640
81.62208
81.24415
80.94566
80.71242
80.53980
80.42896
80.42583
80.55374
80.78691
81.10130
81.48198
81.93212
82.44777
83.00587
83.59737
84.19593
84.79488
85.41214
86.04460
86.68800
87.33403
87.91393
88.39357
88.76713
89.04033
89.22142
89.32030
89.31110
89.18101
88.95631
88.65381
88.27481
87.81960
87.29209
86.70244
86.07964
85.43153
84.78224
84.14600
83.53065
82.91410
82.35169
81.86814
81.46744
81.14719
80.88692
80.68202
80.53894
80.50274
80.59781
80.79879
81.08218
81.43640
81.86444
82.36203
82.90156
83.48144
84.07314
84.67075
85.28854
85.92168
86.56546
87.21465
87.79650
88.28116
88.66259
88.94489
89.13579
89.24762
89.25159
89.13284
88.91866
88.62678
88.25553
87.80734
87.28782
86.70436
86.08740
85.44329
84.80134
84.17304
83.55282
82.93562
82.30490
81.67784
81.03651
80.39421
79.74235
79.06320
78.36224
77.64058
76.89822
76.14357
75.37718
74.59590
73.80659
73.00523
72.19120
71.36399
70.52469
69.67989
68.83878
68.00059
67.16817
66.32901
65.48633
64.63468
63.77395
62.90769
62.03477
61.15255
60.26635
59.37395
58.47653
57.57434
56.66874
55.76024
54.85035
53.93657
53.02799
52.11735
51.20546
50.29170
49.37633
48.45913
47.53970
46.61710
45.69600
44.77372
43.85037
42.92584
42.00260
41.07837
40.15386
39.22631
38.30546
37.37976
36.45479
35.52959
34.60410
33.68420
32.76705
31.84888
30.93396
30.01753
29.10192
28.18495
27.26782
26.35108
25.42670
24.50539
23.59166
22.67325
21.75483
20.83613
19.91825
18.99981
18.08184
17.16169
16.24615
15.32674
14.40820
13.48996
12.57217
11.65373
10.74014
9.82523
8.91161
7.99586
7.07744
6.15733
5.23647
4.31538
3.39306
2.46788
1.54849
0.62464
-0.29967
-1.22582
-2.15130
-3.02598
-3.79780
-4.45720
-5.01290
-5.48680
-5.88423
-6.21010
-6.46909
-6.73264
-7.06316
-7.45148
-7.94401
-8.56066
-9.25421
-9.98929
-10.73594
-11.46647
-12.13426
-12.70388
-13.15888
-13.50057
-13.73520
-13.87327
-13.92620
-13.90253
-13.78208
-13.55678
-13.25293
-12.87600
-12.42644
-11.90301
-11.31501
-10.67381
-9.99952
-9.30912
-8.61956
-7.96545
-7.34982
-6.75540
-6.18031
-5.67371
-5.25624
-4.92433
-4.66553
-4.46900
-4.33255
-4.25631
-4.28387
-4.43971
-4.69751
-5.03535
-5.43715
-5.90361
-6.43498
-7.00787
-7.61420
-8.22874
-8.83551
-9.45624
-10.09153
-10.73566
-11.32184
-11.81813
-12.22066
-12.53288
-12.76790
-12.93810
-13.04347
-13.08483
-13.02681
-12.85017
-12.57929
-12.23689
-11.82507
-11.34257
-10.79959
-10.21073
-9.58432
-8.95165
-8.33288
-7.73742
-7.15053
-6.56568
-6.04431
-5.60727
-5.25320
-4.96534
-4.73469
-4.56090
-4.44490
-4.43456
-4.55508
-4.78134
-5.09006
-5.46660
-5.91029
-6.42087
-6.97719
-7.57232
-8.17864
-8.77948
-9.39482
-10.02737
-10.67217
-11.26098
-11.76096
-12.16907
-12.48586
-12.72466
-12.89817
-13.00945
-13.05822
-13.00692
-12.83527
-12.56887
-12.23022
-11.82259
-11.34614
-10.80470
-10.21619
-9.58908
-8.95449
-8.33222
-7.73861
-7.15204
-6.56915
-6.04849
-5.61170
-5.25769
-4.96961
-4.73845
-4.56437
-4.44800
-4.43591
-4.55426
-4.77858
-5.08481
-5.45757
-5.89814
-6.40549
-6.95887
-7.55093
-8.15517
-8.76275
-9.37847
-10.01069
-10.65608
-11.24377
-11.74361
-12.15039
-12.46739
-12.70647
-12.88064
-12.99217
-13.04146
-12.99092
-12.82004
-12.55457
-12.21638
-11.80963
-11.33365
-10.79579
-10.20997
-9.58429
-8.95512
-8.34039
-7.74694
-7.16086
-6.57769
-6.05685
-5.61936
-5.26578
-4.97806
-4.74758
-4.57369
-4.45764
-4.44586
-4.56465
-4.78969
-5.09718
-5.47253
-5.91484
-6.42453
-6.97986
-7.57367
-8.17971
-8.78079
-9.39568
-10.02870
-10.67375
-11.26236
-11.76245
-12.16918
-12.48650
-12.72567
-12.89929
-13.01056
-13.05922
-13.00785
-12.83613
-12.56977
-12.23089
-11.82251
-11.34602
-10.80745
-10.22231
-9.59943
-8.96968
-8.35443
-7.76095
-7.16846
-6.58573
-6.06284
-5.62275
-5.26555
-4.97580
-4.74369
-4.56849
-4.45109
-4.43834
-4.55599
-4.77952
-5.08513
-5.45750
-5.89736
-6.40467
-6.95937
-7.54952
-8.15386
-8.75832
-9.37394
-10.00607
-10.65006
-11.23813
-11.73804
-12.14430
-12.46143
-12.70075
-12.87506
-12.98666
-13.03565
-13.02565
-12.96099
-12.84602
-12.68510
-12.48423
-12.24712
-11.97751
-11.67759
-11.35105
-11.00112
-10.63056
-10.24058
-9.83721
-9.42266
-9.00180
-8.57662
-8.15040
-7.72323
-7.30242
-6.88312
-6.46701
-6.05290
-5.64359
-5.23862
-4.83653
-4.43542
-4.03907
-3.64289
-3.24703
-2.85172
-2.45747
-2.06347
-1.67057
-1.27657
-0.88382
-0.39006
0.29669
1.13351
2.05020
2.89404
3.56542
4.15443
4.83087
5.65857
6.56565
7.47856
8.32678
9.04599
9.58635
9.92250
10.06230
10.03280
9.86313
9.58168
9.21206
8.77560
8.28616
7.75138
7.16976
6.53917
5.86736
5.17986
4.45739
3.70149
2.91451
2.09077
1.25919
0.41113
-0.42804
-1.24264
-2.02947
-2.77889
-3.48792
-4.15383
-4.74932
-5.24342
-5.63295
-5.92296
-6.12143
-6.24541
-6.30294
-6.29596
-6.19182
-5.96954
-5.64936
-5.25141
-4.79097
-4.28546
-3.72773
-3.10287
-2.45748
-1.80158
-1.15473
-0.53184
0.06633
0.65457
1.23538
1.80466
2.36905
2.85836
3.24281
3.52667
3.71364
3.80918
3.82410
3.76443
3.61054
3.35666
3.02880
2.63141
2.16289
1.62753
1.03629
0.40897
-0.24227
-0.90809
-1.56490
-2.19794
-2.83123
-3.46047
-4.07857
-4.63319
-5.09697
-5.46855
-5.74977
-5.95123
-6.08433
-6.15248
-6.16030
-6.10999
-5.96779
-5.70976
-5.35966
-4.93490
-4.45117
-3.92445
-3.33440
-2.71466
-2.07708
-1.44378
-0.83013
-0.22339
0.36856
0.95192
1.52473
2.09678
2.65116
3.12803
3.49627
3.75949
3.92595
4.00553
4.00264
3.89290
3.67198
3.36719
2.99112
2.53362
2.01527
1.43525
0.80477
0.12422
-0.57062
-1.27724
-1.97101
-2.63741
-3.26378
-3.87514
-4.47001
-4.99779
-5.42850
-5.77062
-6.02871
-6.21742
-6.33583
-6.38486
-6.36951
-6.29314
-6.12616
-5.84878
-5.48539
-5.05564
-4.57279
-4.04488
-3.46505
-2.81956
-2.15894
-1.48944
-0.83797
-0.21340
0.38090
0.95728
1.53482
2.10396
2.65382
3.12602
3.49109
3.75394
3.93162
4.01277
4.01555
3.94191
3.77585
3.50821
3.16427
2.74497
2.25535
1.70018
1.08752
0.42422
-0.26173
-0.96197
-1.65368
-2.32106
-2.96469
-3.59328
-4.20090
-4.74351
-5.19212
-5.54525
-5.80898
-5.99881
-6.12912
-6.19576
-6.20127
-6.14770
-6.03758
-6.01221
-6.19552
-6.56445
-7.08248
-7.70386
-8.37531
-9.04473
-9.66194
-10.21104
-10.67990
-11.06850
-11.39359
-11.67127
-11.90827
-12.10787
-12.27318
-12.41040
-12.52484
-12.62420
-12.71685
-12.80972
-12.90793
-13.01719
-13.14382
-13.29189
-13.46408
-13.66355
-13.89011
-14.14653
-14.43649
-14.75880
-15.11019
-15.49049
-15.89420
-16.32063
-16.76616
-17.22620
-17.70136
-18.18961
-18.68793
-19.19526
-19.71142
-20.23596
-20.76896
-21.30606
-21.84585
-22.38817
-22.93091
-23.47499
-24.01978
-24.56526
-25.11298
-25.65633
-26.19604
-26.73447
-27.26778
-27.80247
-28.33651
-28.87028
-29.40355
-29.93756
-30.47048
-31.00431
-31.53484
-32.06725
-32.59985
-33.12820
-33.65280
-34.17528
-34.69640
-35.21788
-35.73702
-36.25588
-36.77440
-37.29226
-37.81024
-38.32792
-38.84518
-39.36371
-39.88116
-40.39890
-40.91570
-41.43352
-41.95072
-42.46776
-42.98471
-43.50290
-44.02000
-44.53715
-45.05446
-45.57169
-46.08870
-46.60560
-47.12248
-47.64029
-48.15752
-48.67493
-49.19248
-49.71003
-50.22770
-50.74486
-51.26214
-51.77996
-52.29714
-52.81490
-53.33232
-53.85011
-54.36729
-54.88328
-55.40180
-55.92280
-56.44532
-56.96926
-57.49772
-58.02563
-58.55427
-59.08390
-59.56437
-59.95563
-60.25772
-60.47705
-60.64650
-60.79774
-60.93103
-61.04664
-61.14465
-61.29568
-61.56218
-61.93312
-62.45261
-63.13779
-63.92935
-64.76174
-65.56933
-66.29152
-67.02915
-67.72985
-68.33780
-68.81512
-69.16332
-69.38823
-69.49911
-69.50478
-69.41466
-69.20983
-68.88343
-68.46395
-67.97547
-67.43588
-66.86260
-66.24825
-65.59637
-64.90573
-64.21306
-63.52998
-62.87261
-62.25043
-61.64953
-61.06129
-60.49504
-59.99927
-59.59541
-59.27849
-59.03765
-58.86102
-58.74568
-58.69105
-58.69661
-58.76105
-58.91827
-59.19057
-59.55434
-59.98978
-60.47773
-61.01421
-61.59836
-62.21535
-62.85444
-63.49082
-64.10772
-64.71486
-65.32079
-65.92621
-66.52290
-67.10533
-67.66729
-68.15000
-68.52222
-68.79082
-68.96354
-69.04905
-69.05699
-68.99246
-68.85777
-68.63462
-68.30723
-67.91295
-67.46207
-66.95150
-66.38188
-65.75703
-65.08783
-64.40576
-63.72353
-63.05810
-62.42177
-61.80784
-61.21214
-60.63483
-60.12639
-59.70783
-59.37575
-59.11855
-58.92442
-58.79044
-58.71723
-58.70882
-58.80145
-59.01272
-59.31648
-59.68988
-60.12757
-60.63108
-61.19185
-61.79302
-62.42495
-63.06165
-63.68440
-64.30403
-64.92893
-65.55799
-66.18163
-66.73766
-67.19478
-67.55376
-67.82048
-68.00336
-68.11569
-68.15978
-68.10203
-67.92542
-67.65656
-67.31717
-66.90620
-66.42366
-65.87445
-65.28397
-64.66559
-64.03919
-63.42330
-62.80788
-62.18940
-61.62205
-61.12004
-60.71056
-60.37308
-60.08998
-59.85996
-59.68192
-59.56039
-59.54347
-59.65809
-59.87851
-60.18170
-60.55082
-60.98876
-61.49099
-62.04554
-62.64447
-63.25590
-63.85928
-64.45393
-65.05568
-65.66365
-66.27164
-66.81217
-67.25495
-67.60069
-67.85634
-68.03429
-68.14443
-68.18715
-68.12856
-67.95272
-67.68569
-67.34765
-66.93601
-66.45725
-65.91268
-65.32807
-64.71133
-64.08758
-63.47158
-62.85912
-62.23753
-61.66745
-61.17293
-60.75794
-60.41693
-60.13169
-59.89578
-59.71257
-59.58432
-59.56122
-59.67042
-59.88695
-60.18801
-60.55653
-60.99122
-61.50586
-62.05968
-62.65656
-63.26621
-63.86711
-64.46236
-65.06467
-65.67342
-66.28163
-66.82293
-67.26560
-67.61126
-67.86599
-68.04265
-68.15120
-68.19248
-68.17020
-68.11954
-68.11954
-68.07010
-68.02191
-67.97476
-67.92871
-67.88388
-67.84016
-67.79557
-67.74813
-67.69648
-67.63856
-67.57329
-67.49771
-67.41091
-67.31228
-67.20123
-67.07731
-66.94099
-66.79201
-66.63068
-66.45906
-66.27805
-66.08799
-65.89028
-65.68592
-65.47826
-65.26876
-65.05912
-64.85113
-64.64717
-64.44934
-64.25923
-64.07836
-63.90979
-63.75355
-63.61154
-63.48474
-63.37401
-63.27984
-63.20244
-63.14160
-63.14160
-63.09655
-63.06635
-63.05102
-63.04336
-63.03953
-63.03761
-63.03665
-63.03617
-63.03594
-63.03582
-63.03576
-63.03573
-63.03571
-63.03570
-63.03570
-63.03570
-63.03570
-63.03570
-63.03570
-63.03570
-63.03570
-63.03570
-63.03570
-63.03570
-63.03570
-63.03570
-63.03570
-63.03570
-63.03570
-63.03570
-63.03570
-63.03570
-63.03570
-63.03570
-63.03570
-63.03570
-63.03570
-63.03570
-63.03570
-63.03570
-63.03570
-63.03570
-63.03570
-63.03570
-63.03570
-63.03570
-63.03570
-63.03570
-63.03570
-63.03570
-63.03570
-63.03570
-63.03570
-63.03570
-63.03570
-63.03570
-63.03570
-63.03570
-63.03570
-63.03570
-63.03570
-63.03570
-63.03570
-63.03570
-63.03570
-63.03570
-63.03570
-63.03570
-63.03570
-63.03570
-63.03570
-63.03570
-63.03570
-63.03570
-63.03570
-63.03570
-63.03570
-63.03570
-63.03570
-63.03570
-63.03570
-63.03570
-63.03570
-63.03570
-63.03570
-63.03570
-63.03570
-63.03570
-63.03570
-63.03570
-63.03570
-63.03570
-63.03570
0.00000
0.00000
0.00000
0.00000
0.00000
0.00000
0.00000
0.00000
0.00000
0.00000
0.00000
0.00000
0.00000
0.00000
0.00000
0.00000
0.00000
0.00000
0.00000
0.00000
0.00000
0.00000
0.00000
0.00000
0.00000
0.00000
0.00000
0.00000
0.00000
0.00000
0.00000
0.00000
0.00000
0.00000
0.00000
0.00000
0.00000
0.00000
0.00000
0.00000
0.00000
0.00000
0.00000
0.00000
0.00000
0.00000
0.00000
0.00000
0.00000
0.00000
0.00000
0.00000
0.00000
0.00000
0.00000
0.00000
0.00000
0.00000
0.00000
0.00000
0.00000
0.00000
0.00000
0.00000
0.00000
0.00000
0.00000
0.00000
0.00000
0.00000
0.00000
0.00000
0.00000
0.00000
0.00000
0.00000
0.00000
0.00000
0.00000
0.00000
0.00000
0.00000
0.00000
0.00000
0.00000
0.00000
0.00000
0.00000
0.00000
0.00000
0.00000
0.00000
0.00000
0.00000
0.00000
0.00000
0.00000
0.00000
0.00000
0.00000
0.00000
0.00000
0.00000
0.00000
0.00000
0.00000
0.00000
0.00000
0.00000
0.00000
0.00000
0.00000
0.00000
0.00000
0.00000
0.00000
0.00000
0.00000
0.00000
0.00000
0.00000
0.00000
0.00000
0.00000
0.00000
0.00000
0.00000
0.00000
0.00000
0.00000
0.00000
0.00000
0.00000
0.00000
0.00000
0.00000
0.00000
0.00000
0.00000
0.00000
0.00000
0.00000
0.00000
0.00000
0.00000
0.00000
0.00000
0.00000
0.00000
0.00000
0.00000
0.00000
0.00000
0.00000
0.00000
0.00000
0.00000
0.00000
0.00000
0.00000
0.00000
0.00000
0.00000
0.00000
0.00000
0.00000
0.00000
0.00000
0.00000
0.00000
0.00000
0.00000
0.00000
0.00000
0.00000
0.00000
0.00000
0.00000
0.00000
0.00000
0.00000
0.00000
0.00000
0.00000
0.00000
0.00000
0.00000
0.00000
0.00000
0.00000
0.00000
0.00000
0.00000
0.00000
0.00000
0.00000
0.00000
0.00000
0.00000
0.00000
0.00000
0.00000
0.00000
0.00000
0.00000
0.00000
0.00000
0.00000
0.00000
0.00000
0.00000
0.00000
0.00000
0.00000
0.00000
0.00000
0.00000
0.00000
0.00000
0.00000
0.00000
0.00000
0.00000
0.00000
0.00000
0.00000
0.00000
0.00000
0.00000
0.00000
0.00000
0.00000
0.00000
0.00000
0.00000
0.00000
0.00000
0.00000
0.00000
0.00000
0.00000
0.00000
0.00000
0.00000
0.00000
0.00000
0.00000
0.00000
0.00000
0.00000
0.00000
0.00000
0.00000
0.00000
0.00000
0.00000
0.00000
0.00000
0.00000
0.00000
0.00000
0.00000
0.00000
0.00000
0.00000
0.00000
0.00000
0.00000
0.00000
0.00000
0.00000
0.00000
0.00000
0.00000
0.00000
0.00000
0.00000
0.00000
0.00000
0.00000
0.00000
0.00000
0.00000
0.00000
0.00000
0.00000
0.00000
0.00000
0.00000
0.00000
0.00000
0.00000
0.00000
0.00000
0.00000
0.00000
0.00000
0.00000
0.00000
0.00000
0.00000
0.00000
0.00000
0.00000
0.00000
0.00000
0.00000
0.00000
0.00000
0.00000
0.00000
0.00000
0.00000
0.00000
0.00000
0.00000
0.00000
0.00000
0.00000
0.00000
0.00000
0.00000
0.00000
0.00000
0.00000
0.00000
0.00000
0.00000
0.00000
0.00000
0.00000
0.00000
0.00000
0.00000
0.00000
0.00000
0.00000
0.00000
0.00000
0.00000
0.00000
0.00000
0.00000
0.00000
0.00000
0.00000
0.00000
0.00000
0.00000
0.00000
0.00000
0.00000
0.00000
0.00000
0.00000
0.00000
0.00000
0.00000
0.00000
0.00000
0.00000
0.00000
0.00000
0.00000
0.00000
0.00000
0.00000
0.00000
0.00000
0.00000
0.00000
0.00000
0.00000
0.00000
0.00000
0.00000
0.00000
0.00000
0.00000
0.00000
0.00000
0.00000
0.00000
0.00000
0.00000
0.00000
0.00000
0.00000
0.00000
0.00000
0.00000
0.00000
0.00000
0.00000
0.00000
0.00000
0.00000
0.00000
0.00000
0.00000
0.00000
0.00000
0.00000
0.00000
0.00000
0.00000
0.00000
0.00000
0.00000
0.00000
0.00000
0.00000
0.00000
0.00000
0.00000
0.00000
0.00000
0.00000
0.00000
0.00000
0.00000
0.00000
0.00000
0.00000
0.00000
0.00000
0.00000
0.00000
0.00000
0.00000
0.00000
0.00000
0.00000
0.00000
0.00000
0.00000
0.00000
0.00000
0.00000
0.00000
0.00000
0.00000
0.00000
0.00000
0.00000
0.00000
0.00000
0.00000
0.00000
0.00000
0.00000
0.00000
0.00000
0.00000
0.00000
0.00000
0.00000
0.00000
0.00000
0.00000
0.00000
0.00000
0.00000
0.00000
0.00000
0.00000
0.00000
0.00000
0.00000
0.00000
0.00000
0.00000
0.00000
0.00000
0.00000
0.00000
0.00000
0.00000
0.00000
0.00000
0.00000
0.00000
0.00000
0.00000
0.00000
0.00000
0.00000
0.00000
0.00000
0.00000
0.00000
0.00000
0.00000
0.00000
0.00000
0.00000
0.00000
0.00000
0.00000
0.00000
0.00000
0.00000
0.00000
0.00000
0.00000
0.00000
0.00000
0.00000
0.00000
0.00000
0.00000
0.00000
0.00000
0.00000
0.00000
0.00000
0.00000
0.00000
0.00000
0.00000
0.00000
0.00000
0.00000
0.00000
0.00000
0.00000
0.00000
0.00000
0.00000
0.00000
0.00000
0.00000
0.00000
0.00000
0.00000
0.00000
0.00000
0.00000
0.00000
0.00000
0.00000
0.00000
0.00000
0.00000
0.00000
0.00000
0.00000
0.00000
0.00000
0.00000
0.00000
0.00000
0.00000
0.00000
0.00000
0.00000
0.00000
0.00000
0.00000
0.00000
0.00000
0.00000
0.00000
0.00000
0.00000
0.00000
0.00000
0.00000
0.00000
0.00000
0.00000
0.00000
0.00000
0.00000
0.00000
0.00000
0.00000
0.00000
0.00000
0.00000
0.00000
0.00000
0.00000
0.00000
0.00000
0.00000
0.00000
0.00000
0.00000
0.00000
0.00000
0.00000
0.00000
0.00000
0.00000
0.00000
0.00000
0.00000
0.00000
0.00000
0.00000
0.00000
0.00000
0.00000
0.00000
0.00000
0.00000
0.00000
0.00000
0.00000
0.00000
0.00000
0.00000
0.00000
0.00000
0.00000
0.00000
0.00000
0.00000
0.00000
0.00000
0.00000
0.00000
0.00000
0.00000
0.00000
0.00000
0.00000
0.00000
0.00000
0.00000
0.00000
0.00000
0.00000
0.00000
0.00000
0.00000
0.00000
0.00000
0.00000
0.00000
0.00000
0.00000
0.00000
0.00000
0.00000
0.00000
0.00000
0.00000
0.00000
0.00000
0.00000
0.00000
0.00000
0.00000
0.00000
0.00000
0.00000
0.00000
0.00000
0.00000
0.00000
0.00000
0.00000
0.00000
0.00000
0.00000
0.00000
0.00000
0.00000
0.00000
0.00000
0.00000
0.00000
0.00000
0.00000
0.00000
0.00000
0.00000
0.00000
0.00000
0.00000
0.00000
0.00000
0.00000
0.00000
0.00000
0.00000
0.00000
0.00000
0.00000
0.00000
0.00000
0.00000
0.00000
0.00000
0.00000
0.00000
0.00000
0.00000
0.00000
0.00000
0.00000
0.00000
0.00000
0.00000
0.00000
0.00000
0.00000
0.00000
0.00000
0.00000
0.00000
0.00000
0.00000
0.00000
0.00000
0.00000
0.00000
0.00000
0.00000
0.00000
0.00000
0.00000
0.00000
0.00000
0.00000
0.00000
0.00000
0.00000
0.00000
0.00000
0.00000
0.00000
0.00000
0.00000
0.00000
0.00000
0.00000
0.00000
0.00000
0.00000
0.00000
0.00000
0.00000
0.00000
0.00000
0.00000
0.00000
0.00000
0.00000
0.00000
0.00000
0.00000
0.00000
0.00000
0.00000
0.00000
0.00000
0.00000
0.00000
0.00000
0.00000
0.00000
0.00000
0.00000
0.00000
0.00000
0.00000
0.00000
0.00000
0.00000
0.00000
0.00000
0.00000
0.00000
0.00000
0.00000
0.00000
0.00000
0.00000
0.00000
0.00000
0.00000
0.00000
0.00000
0.00000
0.00000
0.00000
0.00000
0.00000
0.00000
0.00000
0.00000
0.00000
0.00000
0.00000
0.00000
0.00000
0.00000
0.00000
0.00000
0.00000
0.00000
0.00000
0.00000
0.00000
0.00000
0.00000
0.00000
0.00000
0.00000
0.00000
0.00000
0.00000
0.00000
0.00000
0.00000
0.00000
0.00000
0.00000
0.00000
0.00000
0.00000
0.00000
0.00000
0.00000
0.00000
0.00000
0.00000
0.00000
0.00000
0.00000
0.00000
0.00000
0.00000
0.00000
0.00000
0.00000
0.00000
0.00000
0.00000
0.00000
0.00000
0.00000
0.00000
0.00000
0.00000
0.00000
0.00000
0.00000
0.00000
0.00000
0.00000
0.00000
0.00000
0.00000
0.00000
0.00000
0.00000
0.00000
0.00000
0.00000
0.00000
0.00000
0.00000
0.00000
0.00000
0.00000
0.00000
0.00000
0.00000
0.00000
0.00000
0.00000
0.00000
0.00000
0.00000
0.00000
0.00000
0.00000
0.00000
0.00000
0.00000
0.00000
0.00000
0.00000
0.00000
0.00000
0.00000
0.00000
0.00000
0.00000
0.00000
0.00000
0.00000
0.00000
0.00000
0.00000
0.00000
0.00000
0.00000
0.00000
0.00000
0.00000
0.00000
0.00000
0.00000
0.00000
0.00000
0.00000
0.00000
0.00000
0.00000
0.00000
0.00000
0.00000
0.00000
0.00000
0.00000
0.00000
0.00000
0.00000
0.00000
0.00000
0.00000
0.00000
0.00000
0.00000
0.00000
0.00000
0.00000
0.00000
0.00000
0.00000
0.00000
0.00000
0.00000
0.00000
0.00000
0.00000
0.00000
0.00000
0.00000
0.00000
0.00000
0.00000
0.00000
0.00000
0.00000
0.00000
0.00000
0.00000
0.00000
0.00000
0.00000
0.00000
0.00000
0.00000
0.00000
0.00000
0.00000
0.00000
0.00000
0.00000
0.00000
0.00000
0.00000
0.00000
0.00000
0.00000
0.00000
0.00000
0.00000
0.00000
0.00000
0.00000
0.00000
0.00000
0.00000
0.00000
0.00000
0.00000
0.00000
0.00000
0.00000
0.00000
0.00000
0.00000
0.00000
0.00000
0.00000
0.00000
0.00000
0.00000
0.00000
0.00000
0.00000
0.00000
0.00000
0.00000
0.00000
0.00000
0.00000
0.00000
0.00000
0.00000
0.00000
0.00000
0.00000
0.00000
0.00000
0.00000
0.00000
0.00000
0.00000
0.00000
0.00000
0.00000
0.00000
0.00000
0.00000
0.00000
0.00000
0.00000
0.00000
0.00000
0.00000
0.00000
0.00000
0.00000
0.00000
0.00000
0.00000
0.00000
0.00000
0.00000
0.00000
0.00000
0.00000
0.00000
0.00000
0.00000
0.00000
0.00000
0.00000
0.00000
0.00000
0.00000
0.00000
0.00000
0.00000
0.00000
0.00000
0.00000
0.00000
0.00000
0.00000
0.00000
0.00000
0.00000
0.00000
0.00000
0.00000
0.00000
0.00000
0.00000
0.00000
0.00000
0.00000
0.00000
0.00000
0.00000
0.00000
0.00000
0.00000
0.00000
0.00000
0.00000
0.00000
0.00000
0.00000
0.00000
0.00000
0.00000
0.00000
0.00000
0.00000
0.00000
0.00000
0.00000
0.00000
0.00000
0.00000
0.00000
0.00000
0.00000
0.00000
0.00000
0.00000
0.00000
0.00000
0.00000
0.00000
0.00000
0.00000
0.00000
0.00000
0.00000
0.00000
0.00000
0.00000
0.00000
0.00000
0.00000
0.00000
0.00000
0.00000
0.00000
0.00000
0.00000
0.00000
0.00000
0.00000
0.00000
0.00000
0.00000
0.00000
0.00000
0.00000
0.00000
0.00000
0.00000
0.00000
0.00000
0.00000
0.00000
0.00000
0.00000
0.00000
0.00000
0.00000
0.00000
0.00000
0.00000
0.00000
0.00000
0.00000
0.00000
0.00000
0.00000
0.00000
0.00000
0.00000
0.00000
0.00000
0.00000
0.00000
0.00000
0.00000
0.00000
0.00000
0.00000
0.00000
0.00000
0.00000
0.00000
0.00000
0.00000
0.00000
0.00000
0.00000
0.00000
0.00000
0.00000
0.00000
0.00000
0.00000
0.00000
0.00000
0.00000
0.00000
0.00000
0.00000
0.00000
0.00000
0.00000
0.00000
0.00000
0.00000
0.00000
0.01054
0.05670
0.14182
0.14182
0.29053
0.55114
0.92893
1.41048
1.95934
2.55599
3.18610
3.83949
4.50792
5.18365
5.86099
6.53981
7.22055
7.90582
8.59596
9.29084
9.99355
10.70561
11.42316
12.14198
12.85973
13.57271
14.29428
15.02451
15.76458
16.51853
17.28497
18.06409
18.85113
19.64219
20.44480
21.25473
22.07092
22.89234
23.71764
24.54631
25.37939
26.21285
27.04850
27.88558
28.72417
29.56386
30.40404
31.24441
32.08673
32.92494
33.76721
34.61262
35.45531
36.29851
37.14139
37.98418
38.82911
39.67154
40.51467
41.35817
42.20153
43.04533
43.88846
44.73133
45.57623
46.41877
47.26220
48.10543
48.94864
49.79228
50.63519
51.48454
52.33163
53.17429
54.01818
54.86134
55.70442
56.54803
57.39168
58.23527
59.08040
59.91966
60.76268
61.60587
62.44941
63.29304
64.13650
64.97919
65.82545
66.66508
67.50813
68.35218
69.19553
70.03928
70.88295
71.72633
72.57117
73.41387
74.25781
75.10062
75.94428
76.78856
77.63183
78.47526
79.31951
80.15901
81.00292
81.84471
82.68781
83.53101
84.37438
85.21222
86.05913
86.88894
87.72386
88.57119
89.42786
90.28902
91.15141
92.02778
92.02778
92.91187
93.78020
94.62782
95.44102
96.21020
96.90382
97.47906
97.93037
98.26042
98.47586
98.58789
98.60671
98.54263
98.40379
98.17650
97.85489
97.46087
97.00879
96.49273
95.91644
95.28437
94.60986
93.89736
93.17788
92.46217
91.77667
91.12644
90.52098
89.95032
89.41097
88.90344
88.47068
88.13207
88.13207
87.88071
87.70235
87.59011
87.54158
87.55683
87.63584
87.80752
88.08982
88.45813
88.89277
89.37725
89.91527
90.50505
91.14115
91.79471
92.45670
93.10179
93.73468
94.36204
94.98881
95.60612
96.21106
96.74264
97.17055
97.49516
97.72810
97.87872
97.95817
97.96920
97.91319
97.79184
97.58291
97.27367
96.88824
96.44530
95.94595
95.38761
94.77615
94.13536
93.47502
92.82640
92.19825
91.58879
90.99042
90.40116
89.82860
89.27399
88.79442
88.41004
88.11458
87.90148
87.75904
87.68265
87.67154
87.76011
87.96809
88.26714
88.63900
89.07176
89.56571
90.12224
90.73180
91.36668
92.01803
92.66349
93.29505
93.92990
94.57151
95.20714
95.83679
96.44805
96.98546
97.41289
97.73460
97.95796
98.09191
98.14736
98.13082
98.04496
97.89075
97.65345
97.31914
96.91243
96.45288
95.93078
95.35549
94.72996
94.05760
93.36623
92.67829
92.01075
91.37674
90.78511
90.21438
89.66563
89.14364
88.65593
88.24482
87.92909
87.70189
87.55111
87.47651
87.47478
87.57253
87.78238
88.07880
88.44359
88.87947
89.38479
89.95379
90.57530
91.22394
91.88868
92.55141
93.19680
93.84190
94.48627
95.12894
95.70671
96.18875
96.57030
96.85824
97.06327
97.19748
97.26479
97.26650
97.17140
96.96141
96.66183
96.29398
95.85808
95.35469
94.79174
94.18746
93.55008
92.91246
92.29197
91.69487
91.10305
90.51996
90.00050
89.56562
89.21359
88.92755
88.69981
88.52831
88.41729
88.41187
88.53655
88.76552
89.07608
89.45533
89.90175
90.41444
90.97272
91.56950
92.17892
92.78162
93.39809
94.03350
94.67613
95.26527
95.76552
96.17292
96.49054
96.72963
96.90353
97.01494
97.06347
97.01186
96.83984
96.57341
96.23449
95.82596
95.34891
94.80969
94.22542
93.60216
92.97218
92.35693
91.75658
91.17018
90.58662
90.06400
89.62844
89.27294
88.98416
88.75269
88.57814
88.46135
88.44898
88.56748
88.79161
89.09783
89.47093
89.91164
90.41970
90.97389
91.56665
92.17248
92.77107
93.38550
94.01746
94.66122
95.24957
95.74962
96.15615
96.47376
96.71250
96.88639
96.99781
97.04648
96.99501
96.82307
96.55645
96.21695
95.80935
95.33255
94.79370
94.20823
93.58520
92.95558
92.34023
91.74543
91.15990
90.57696
89.98535
89.37581
89.37581
88.72222
88.07882
87.49193
86.98930
86.58185
86.26489
86.01923
85.82951
85.69011
85.59833
85.54956
85.53902
85.56157
85.60949
85.67500
85.74927
85.82534
85.89648
85.95656
86.00106
86.02847
86.03745
86.02391
85.98482
85.92162
85.83708
85.73321
85.61214
85.47531
85.32493
85.16339
84.99296
84.81503
84.63101
84.44126
84.24480
84.04310
83.83666
83.62632
83.41274
83.19664
82.97834
82.75829
82.53635
82.31491
82.09151
81.86749
81.64319
81.41804
81.19244
80.96648
80.74241
80.52273
80.30540
80.08997
79.87603
79.66322
79.45142
79.24066
79.02985
78.81990
78.61014
78.40070
78.19180
77.98295
77.77422
77.56556
77.35679
77.14837
76.94002
76.73169
76.52335
76.31510
76.10623
75.98261
76.02318
76.19414
76.46121
76.80868
77.22464
77.69902
78.22244
78.73450
79.18307
79.56805
79.83516
79.92548
79.85783
79.65373
79.29583
78.78259
78.16647
77.50030
76.82101
76.15376
75.51532
74.91515
74.34058
73.83470
73.42187
73.10547
72.87468
72.71225
72.61483
72.58241
72.61515
72.74269
72.98160
73.30559
73.69401
74.14604
74.66353
75.24228
75.85419
76.49489
77.13944
77.76407
78.38099
78.99470
79.55491
80.03709
80.43770
80.76656
81.03985
81.25783
81.42121
81.52739
81.53100
81.40570
81.17426
80.86211
80.48391
80.03863
79.52880
78.96674
78.36141
77.74354
77.13527
76.53536
75.92925
75.31923
74.70992
74.16861
73.72504
73.37833
73.12329
72.94670
72.83834
72.79747
72.85776
73.03665
73.30743
73.64791
74.06009
74.54316
75.09363
75.68228
76.30346
76.92938
77.54464
78.15967
78.78233
79.35462
79.85159
80.26603
80.60708
80.89211
81.12392
81.30338
81.42831
81.44888
81.33710
81.11876
80.81594
80.44732
80.01037
79.50938
78.95482
78.35355
77.72396
77.12473
76.52737
75.92390
75.31435
74.70522
74.16377
73.72046
73.37301
73.11880
72.94253
72.83449
72.79360
72.85395
73.03275
73.30268
73.64369
74.05581
74.53943
75.08870
75.67697
76.29791
76.92480
77.54083
78.15709
78.77929
79.35141
79.84800
80.26258
80.60330
80.88814
81.11995
81.29982
81.42478
81.44543
81.33398
81.11567
80.81358
80.44564
80.00914
79.50764
78.95492
78.35689
77.74628
77.14385
76.54807
75.94538
75.33683
74.72724
74.18669
73.74389
73.39797
73.14243
72.96427
72.85436
72.81169
72.87069
73.04608
73.31324
73.65102
74.06182
74.54379
75.08835
75.67340
76.29249
76.91723
77.53245
78.14443
78.76432
79.33457
79.83050
80.24564
80.58747
80.87284
81.10824
81.29147
81.41945
81.44262
81.33333
81.11669
80.81468
80.44819
80.01312
79.51472
78.96344
78.36701
77.75722
77.15622
76.56236
75.96177
75.35344
74.74616
74.20569
73.76290
73.41740
73.16207
72.98370
72.87424
72.82989
72.88583
73.05974
73.32651
73.66374
74.07382
74.55227
75.09518
75.67839
76.29369
76.91745
77.53044
78.14297
78.76427
79.33687
79.83002
80.24566
80.58696
80.87295
81.10846
81.29132
81.41884
81.44136
81.33204
81.11532
80.81365
80.44642
80.01057
79.50993
78.95722
78.35903
77.74994
77.14826
76.55342
75.95139
75.34328
74.73544
74.12037
73.50887
72.87520
72.19377
71.47694
70.72441
69.93746
69.12010
68.27312
67.39671
66.50456
65.59601
64.68006
63.75956
62.88446
62.12979
61.52360
61.05852
60.73139
60.52915
60.43939
60.44942
60.54753
60.72283
60.87794
60.87316
60.66915
60.28845
59.76988
59.15897
58.56207
57.97883
57.35788
56.74768
56.18831
55.70019
55.29395
54.98214
54.77216
54.64833
54.59821
54.62058
54.71470
54.87899
55.11131
55.40597
55.76604
56.20053
56.68891
57.22681
57.81929
58.46089
59.14517
59.84976
60.56964
61.27874
61.96625
62.62420
63.25829
63.83612
64.32814
64.73256
65.05240
65.30445
65.49589
65.62818
65.69988
65.66928
65.51219
65.25400
64.91729
64.51751
64.05170
63.52238
62.94785
62.33445
61.71921
61.11418
60.51440
59.90471
59.28906
58.68023
58.14083
57.69973
57.35603
57.10357
56.92969
56.82612
56.78998
56.85463
57.03622
57.30968
57.65314
58.06609
58.54938
59.09840
59.68671
60.30879
60.93581
61.55144
62.16658
62.78947
63.36214
63.85791
64.27276
64.61405
64.89894
65.13093
65.31046
65.43323
65.45154
65.33897
65.12082
64.81799
64.45191
64.01488
63.51305
62.95948
62.36069
61.74751
61.14499
60.54773
59.94782
59.33922
58.73089
58.19035
57.74760
57.40163
57.14656
56.96797
56.85814
56.81552
56.87432
57.05035
57.31753
57.65561
58.06685
58.54737
59.09199
59.67725
60.29467
60.91892
61.53165
62.14401
62.76509
63.33726
63.83054
64.24571
64.58692
64.87274
65.10837
65.29162
65.41934
65.44218
65.33322
65.11688
64.81590
64.44947
64.01422
63.51474
62.96293
62.36511
61.75834
61.15738
60.56368
59.96252
59.35532
58.74802
58.20919
57.76583
57.42156
57.16578
56.98718
56.87670
56.83209
56.88768
57.06113
57.32801
57.66486
58.07414
58.55161
59.09492
59.67887
60.29526
60.91963
61.53423
62.14481
62.76515
63.35162
63.84368
64.25540
64.59502
64.88411
65.11465
65.29219
65.41590
65.43497
65.32170
65.10140
64.79660
64.42612
63.98923
63.48876
62.93420
62.33574
61.72481
61.12335
60.52776
59.92456
59.31352
58.70640
58.09062
57.56648
57.20599
57.03015
57.04392
57.23750
57.58366
58.03485
58.55133
59.09963
59.68194
60.31872
61.01145
61.75981
62.55210
63.38118
64.24999
65.14856
66.07869
67.03023
67.98374
68.92791
69.86548
70.79197
71.71843
72.64936
73.56562
74.48152
75.40073
76.32503
77.26035
78.19564
79.14255
80.09863
81.06204
82.03151
83.00136
83.97338
84.95223
85.92657
86.90866
87.89391
88.88082
89.86908
90.85865
91.84983
92.84446
93.83209
94.82507
95.81860
96.81211
97.80564
98.80023
99.79483
100.79279
101.78366
102.77434
103.76377
104.75288
105.74324
106.73387
107.72657
108.72206
109.71580
110.71076
111.70721
112.70309
113.69986
114.69648
115.69370
116.69326
117.67566
118.65001
119.62388
120.59550
121.57014
122.53144
123.47284
124.38818
125.26852
126.11109
126.88144
127.52948
128.04521
128.42689
128.67999
128.81268
128.79720
128.62529
128.32671
127.92497
127.44543
126.90864
126.33271
125.71922
125.08388
124.43358
123.79384
123.18032
122.59315
122.01687
121.44969
120.90020
120.42394
120.03882
119.73258
119.48781
119.30298
119.18362
119.13028
119.18130
119.35783
119.63387
119.98641
120.41028
120.89839
121.44940
122.05329
122.69031
123.35252
124.01586
124.66253
125.30051
125.93919
126.55024
127.09374
127.54073
127.89084
128.15699
128.34657
128.46780
128.52777
128.52725
128.46594
128.34477
128.13656
127.82012
127.41891
126.95275
126.43803
125.88737
125.28126
124.64731
124.00074
123.36501
122.75690
122.17087
121.59878
121.05735
120.54043
120.03457
119.60427
119.26376
119.00847
118.82568
118.70837
118.66160
118.71907
118.89315
119.15300
119.48504
119.89033
120.36136
120.89804
121.47904
122.09443
122.73647
123.37844
124.00672
124.65181
125.31235
125.97930
126.64437
127.24319
127.74259
128.13601
128.42852
128.62183
128.72715
128.76198
128.73016
128.63194
128.44334
128.15126
127.77883
127.34275
126.85557
126.31427
125.71708
125.05568
124.37786
123.69756
123.03515
122.40481
121.81637
121.26347
120.73840
120.28523
119.91760
119.62045
119.38054
119.19756
119.07225
119.00999
119.05099
119.21666
119.47882
119.80989
120.20902
120.67573
121.20334
121.78936
122.41339
123.06990
123.73216
124.37878
125.02236
125.67006
126.31463
126.94920
127.51533
127.97773
128.33290
128.58547
128.74558
128.83179
128.85081
128.80389
128.69223
128.48747
128.17043
127.77308
127.31575
126.79853
126.22252
125.59368
124.92250
124.23195
123.53721
122.86049
122.22160
121.63103
121.05874
120.52856
120.07156
119.70644
119.41617
119.19029
119.03126
118.93738
118.90734
118.97602
119.16323
119.44434
119.79783
120.22542
120.72073
121.26531
121.85972
122.48577
123.14603
123.77352
124.40789
125.04952
125.71815
126.33013
126.85317
127.28197
127.61516
127.86010
128.03323
128.13805
128.17766
128.15565
128.04103
127.80836
127.47910
127.07646
126.61905
126.10349
125.51718
124.87829
124.21321
123.53169
122.86294
122.22698
121.63345
121.08420
120.54661
120.03005
119.58709
119.24047
118.98753
118.81467
118.71281
118.67871
118.71064
118.80537
118.98893
119.28715
119.67517
120.12942
120.63669
121.18366
121.76749
122.37352
122.97972
123.58313
124.20475
124.84288
125.49001
126.13237
126.78336
127.36603
127.84804
128.22214
128.49281
128.66382
128.74494
128.74712
128.64678
128.43674
128.13935
127.77392
127.33191
126.81754
126.24266
125.61282
124.95202
124.26869
123.59246
122.94102
122.32475
121.73341
121.15889
120.59115
120.02081
119.39128
118.70927
117.99739
117.26102
116.50661
115.73703
114.95809
114.17320
113.38056
112.58044
111.77390
110.96260
110.14749
109.32721
108.50559
107.68147
106.85592
106.02829
105.20221
104.37761
103.55380
102.72846
101.90599
101.08269
100.25962
99.43832
98.61546
97.79264
96.96841
96.14391
95.31941
94.49575
93.67276
92.84999
92.02768
91.20524
90.38283
89.55811
88.73895
87.91632
87.09361
86.27052
85.45301
84.63804
83.82403
83.01009
82.19824
81.38572
80.57318
79.76079
78.94887
78.13687
77.32524
76.51131
75.69942
74.88693
74.07393
73.26133
72.44845
71.63557
70.82290
70.00821
69.19566
68.38260
67.57013
66.75771
65.94534
65.13257
64.32012
63.50551
62.69304
61.88056
61.06805
60.25333
59.44043
58.63066
57.81999
57.00637
56.19650
55.38134
54.56475
53.74626
52.92708
52.10591
51.28635
50.46140
49.64267
48.81956
47.99634
47.17281
46.35080
45.52642
44.70706
43.89042
43.07756
42.26472
41.45231
40.64002
39.82732
39.01481
38.20220
37.38726
36.57862
35.76637
34.95342
34.14194
33.32937
32.51581
31.70343
30.88908
30.08001
29.26721
28.45446
27.64161
26.82802
26.01509
25.20213
24.38703
23.57497
22.76254
21.94895
21.13552
20.32300
19.50890
18.69883
17.88723
17.07594
16.26267
15.44598
14.62928
13.81116
12.99114
12.17063
11.34849
10.52754
9.70555
8.88380
8.06103
7.23674
6.41221
5.58780
4.76112
3.94022
3.05694
2.10106
1.14272
0.21378
-0.67087
-1.50656
-2.27580
-2.97280
-3.60027
-4.21770
-4.92282
-5.70709
-6.50735
-7.25963
-7.90930
-8.54417
-9.16581
-9.64284
-9.94491
-10.05603
-9.97642
-9.72082
-9.31601
-8.80513
-8.18344
-7.49962
-6.76570
-5.99359
-5.19186
-4.36757
-3.52566
-2.68252
-1.85479
-1.05548
-0.29117
0.43453
1.11976
1.77656
2.40527
2.95146
3.38573
3.70708
3.92207
4.03422
4.05432
3.99677
3.84095
3.57887
3.23529
2.82864
2.35764
1.82096
1.22358
0.57772
-0.11298
-0.81095
-1.50619
-2.18102
-2.82461
-3.43918
-4.02891
-4.59452
-5.09091
-5.49334
-5.80926
-6.04528
-6.21240
-6.31469
-6.35181
-6.32324
-6.19767
-5.95743
-5.62639
-5.22690
-4.77044
-4.25592
-3.68409
-3.05854
-2.41273
-1.75796
-1.11372
-0.48312
0.15036
0.78629
1.40004
1.94491
2.39466
2.75176
3.02164
3.21983
3.35140
3.41811
3.41957
3.32329
3.11100
2.80730
2.43517
1.97889
1.47446
0.91091
0.29174
-0.35220
-1.01398
-1.68500
-2.31981
-2.93253
-3.53353
-4.12679
-4.65106
-5.08710
-5.43807
-5.70971
-5.91847
-6.06396
-6.14721
-6.16655
-6.08579
-5.88462
-5.58666
-5.21670
-4.78641
-4.29498
-3.73924
-3.13148
-2.49791
-1.84928
-1.20728
-0.57744
0.05720
0.69676
1.33087
1.95576
2.50998
2.96156
3.31097
3.56103
3.72318
3.80764
3.81836
3.75704
3.60145
3.34086
2.99975
2.59666
2.12713
1.59126
0.99514
0.35107
-0.33441
-1.02785
-1.72332
-2.39966
-3.03978
-3.64323
-4.22292
-4.77955
-5.26546
-5.65814
-5.96102
-6.18322
-6.33793
-6.42556
-6.44728
-6.40346
-6.40047
-6.56042
-6.88839
-7.34204
-7.87481
-8.44758
-9.03337
-9.62799
-10.25572
-10.91798
-11.61109
-12.32980
-13.07600
-13.84272
-14.62687
-15.43443
-16.25994
-17.10625
-17.96646
-18.81790
-19.66986
-20.52006
-21.37295
-22.22126
-23.07224
-23.93321
-24.80419
-25.67913
-26.56968
-27.41623
-28.18069
-28.86092
-29.45404
-29.96588
-30.39884
-30.75311
-31.03185
-31.30573
-31.63746
-32.08120
-32.65740
-33.30930
-33.99829
-34.69468
-35.35583
-35.93127
-36.38022
-36.67404
-36.79755
-36.85250
-36.88474
-36.80875
-36.59791
-36.28303
-35.88614
-35.42539
-34.91645
-34.36465
-33.77265
-33.15277
-32.52726
-31.91323
-31.29134
-30.65886
-30.02074
-29.38890
-28.76987
-28.22958
-27.79308
-27.46195
-27.23109
-27.09643
-27.04582
-27.06961
-27.16687
-27.35338
-27.64144
-28.00488
-28.42930
-28.90698
-29.44633
-30.05718
-30.72471
-31.40359
-32.08575
-32.75281
-33.39288
-34.01379
-34.62134
-35.21223
-35.73730
-36.17259
-36.52049
-36.78745
-36.98674
-37.12100
-37.19147
-37.19781
-37.10403
-36.89072
-36.58255
-36.20099
-35.76177
-35.26224
-34.70557
-34.09682
-33.46548
-32.82413
-32.19038
-31.56306
-30.93292
-30.30097
-29.66981
-29.05115
-28.50198
-28.05644
-27.71161
-27.46245
-27.30224
-27.22557
-27.22670
-27.30014
-27.46417
-27.72880
-28.07023
-28.47588
-28.94967
-29.48601
-30.08133
-30.72510
-31.38956
-32.06273
-32.72594
-33.36560
-33.98577
-34.59414
-35.18782
-35.71590
-36.15633
-36.50883
-36.78077
-36.98515
-37.12453
-37.20012
-37.21123
-37.12332
-36.91594
-36.61482
-36.24122
-35.80766
-35.31231
-34.77280
-34.16810
-33.54213
-32.90439
-32.27489
-31.64555
-31.01301
-30.37509
-29.75779
-29.20768
-28.75148
-28.38540
-28.10725
-27.89832
-27.75507
-27.67589
-27.66142
-27.74503
-27.94471
-28.23745
-28.60065
-29.02888
-29.51997
-30.07371
-30.68155
-31.31613
-31.96906
-32.61959
-33.24780
-33.85961
-34.46459
-35.05925
-35.59024
-36.03510
-36.39516
-36.67749
-36.89221
-37.04639
-37.13742
-37.16376
-37.09020
-36.89665
-36.60743
-36.24422
-35.82044
-35.33357
-34.78700
-34.18661
-33.56100
-32.92114
-32.28570
-31.65705
-31.02841
-30.39429
-29.75955
-29.13502
-28.52574
-27.99248
-27.56950
-27.25500
-27.04378
-26.92611
-26.89240
-26.93602
-27.07572
-27.31891
-27.64048
-28.03322
-28.49410
-29.02332
-29.61453
-30.25978
-30.95110
-31.65324
-32.35782
-33.04732
-33.70309
-34.32595
-34.92658
-35.50589
-36.01617
-36.43443
-36.76279
-37.00720
-37.18303
-37.29347
-37.33769
-37.31539
-37.26153
-37.20884
-37.15741
-37.15741
-37.10716
-37.05828
-37.01062
-36.96420
-36.91901
-36.87504
-36.83429
-36.80023
-36.77427
-36.75788
-36.75199
-36.75767
-36.77723
-36.81119
-36.85839
-36.91918
-36.99362
-37.08073
-37.18113
-37.29383
-37.41803
-37.55165
-37.69360
-37.84246
-37.99637
-38.15299
-38.31106
-38.46814
-38.62209
-38.77099
-38.91246
-39.04516
-39.16776
-39.27760
-39.37465
-39.45727
-39.52469
-39.57919
-39.62752
-39.65939
-39.67564
-39.68366
-39.68366
-39.68767
-39.68967
-39.69068
-39.69118
-39.69143
-39.69156
-39.69162
-39.69165
-39.69167
-39.69167
-39.69168
-39.69168
-39.69168
-39.69168
-39.69168
-39.69168
-39.69168
-39.69168
-39.69168
-39.69168
-39.69168
-39.69168
-39.69168
-39.69168
-39.69168
-39.69168
-39.69168
-39.69168
-39.69168
-39.69168
-39.69168
-39.69168
-39.69168
-39.69168
-39.69168
-39.69168
-39.69168
-39.69168
-39.69168
-39.69168
-39.69168
-39.69168
-39.69168
-39.69168
-39.69168
-39.69168
-39.69168
-39.69168
-39.69168
-39.69168
-39.69168
-39.69168
-39.69168
-39.69168
-39.69168
-39.69168
-39.69168
-39.69168
-39.69168
-39.69168
-39.69168
-39.69168
-39.69168
-39.69168
-39.69168
-39.69168
-39.69168
-39.69168
-39.69168
-39.69168
-39.69168
-39.69168
-39.69168
-39.69168
-39.69168
-39.69168
-39.69168
0.00000
0.00000
0.00000
0.00000
0.00000
0.00000
0.00000
0.00000
0.00000
0.00000
0.00000
0.00000
0.00000
0.00000
0.00000
0.00000
0.00000
0.00000
0.00000
0.00000
0.00000
0.00000
0.00000
0.00000
0.00000
0.00000
0.00000
0.00000
0.00000
0.00000
0.00000
0.00000
0.00000
0.00000
0.00000
0.00000
0.00000
0.00000
0.00000
0.00000
0.00000
0.00000
0.00000
0.00000
0.00000
0.00000
0.00000
0.00000
0.00000
0.00000
0.00000
0.00000
0.00000
0.00000
0.00000
0.00000
0.00000
0.00000
0.00000
0.00000
0.00000
0.00000
0.00000
0.00000
0.00000
0.00000
0.00000
0.00000
0.00000
0.00000
0.00000
0.00000
0.00000
0.00000
0.00000
0.00000
0.00000
0.00000
0.00000
0.00000
0.00000
0.00000
0.00000
0.00000
0.00000
0.00000
0.00000
0.00000
0.00000
0.00000
0.00000
0.00000
0.00000
0.00000
0.00000
0.00000
0.00000
0.00000
0.00000
0.00000
0.00000
0.00000
0.00000
0.00000
0.00000
0.00000
0.00000
0.00000
0.00000
0.00000
0.00000
0.00000
0.00000
0.00000
0.00000
0.00000
0.00000
0.00000
0.00000
0.00000
0.00000
0.00000
0.00000
0.00000
0.00000
0.00000
0.00000
0.00000
0.00000
0.00000
0.00000
0.00000
0.00000
0.00000
0.00000
0.00000
0.00000
0.00000
0.00000
0.00000
0.00000
0.00000
0.00000
0.00000
0.00000
0.00000
0.00000
0.00000
0.00000
0.00000
0.00000
0.00000
0.00000
0.00000
0.00000
0.00000
0.00000
0.00000
0.00000
0.00000
0.00000
0.00000
0.00000
0.00000
0.00000
0.00000
0.00000
0.00000
0.00000
0.00000
0.00000
0.00000
0.00000
0.00000
0.00000
0.00000
0.00000
0.00000
0.00000
0.00000
0.00000
0.00000
0.00000
0.00000
0.00000
0.00000
0.00000
0.00000
0.00000
0.00000
0.00000
0.00000
0.00000
0.00000
0.00000
0.00000
0.00000
0.00000
0.00000
0.00000
0.00000
0.00000
0.00000
0.00000
0.00000
0.00000
0.00000
0.00000
0.00000
0.00000
0.00000
0.00000
0.00000
0.00000
0.00000
0.00000
0.00000
0.00000
0.00000
0.00000
0.00000
0.00000
0.00000
0.00000
0.00000
0.00000
0.00000
0.00000
0.00000
0.00000
0.00000
0.00000
0.00000
0.00000
0.00000
0.00000
0.00000
0.00000
0.00000
0.00000
0.00000
0.00000
0.00000
0.00000
0.00000
0.00000
0.00000
0.00000
0.00000
0.00000
0.00000
0.00000
0.00000
0.00000
0.00000
0.00000
0.00000
0.00000
0.00000
0.00000
0.00000
0.00000
0.00000
0.00000
0.00000
0.00000
0.00000
0.00000
0.00000
0.00000
0.00000
0.00000
0.00000
0.00000
0.00000
0.00000
0.00000
0.00000
0.00000
0.00000
0.00000
0.00000
0.00000
0.00000
0.00000
0.00000
0.00000
0.00000
0.00000
0.00000
0.00000
0.00000
0.00000
0.00000
0.00000
0.00000
0.00000
0.00000
0.00000
0.00000
0.00000
0.00000
0.00000
0.00000
0.00000
0.00000
0.00000
0.00000
0.00000
0.00000
0.00000
0.00000
0.00000
0.00000
0.00000
0.00000
0.00000
0.00000
0.00000
0.00000
0.00000
0.00000
0.00000
0.00000
0.00000
0.00000
0.00000
0.00000
0.00000
0.00000
0.00000
0.00000
0.00000
0.00000
0.00000
0.00000
0.00000
0.00000
0.00000
0.00000
0.00000
0.00000
0.00000
0.00000
0.00000
0.00000
0.00000
0.00000
0.00000
0.00000
0.00000
0.00000
0.00000
0.00000
0.00000
0.00000
0.00000
0.00000
0.00000
0.00000
0.00000
0.00000
0.00000
0.00000
0.00000
0.00000
0.00000
0.00000
0.00000
0.00000
0.00000
0.00000
0.00000
0.00000
0.00000
0.00000
0.00000
0.00000
0.00000
0.00000
0.00000
0.00000
0.00000
0.00000
0.00000
0.00000
0.00000
0.00000
0.00000
0.00000
0.00000
0.00000
0.00000
0.00000
0.00000
0.00000
0.00000
0.00000
0.00000
0.00000
0.00000
0.00000
0.00000
0.00000
0.00000
0.00000
0.00000
0.00000
0.00000
0.00000
0.00000
0.00000
0.00000
0.00000
0.00000
0.00000
0.00000
0.00000
0.00000
0.00000
0.00000
0.00000
0.00000
0.00000
0.00000
0.00000
0.00000
0.00000
0.00000
0.00000
0.00000
0.00000
0.00000
0.00000
0.00000
0.00000
0.00000
0.00000
0.00000
0.00000
0.00000
0.00000
0.00000
0.00000
0.00000
0.00000
0.00000
0.00000
0.00000
0.00000
0.00000
0.00000
0.00000
0.00000
0.00000
0.00000
0.00000
0.00000
0.00000
0.00000
0.00000
0.00000
0.00000
0.00000
0.00000
0.00000
0.00000
0.00000
0.00000
0.00000
0.00000
0.00000
0.00000
0.00000
0.00000
0.00000
0.00000
0.00000
0.00000
0.00000
0.00000
0.00000
0.00000
0.00000
0.00000
0.00000
0.00000
0.00000
0.00000
0.00000
0.00000
0.00000
0.00000
0.00000
0.00000
0.00000
0.00000
0.00000
0.00000
0.00000
0.00000
0.00000
0.00000
0.00000
0.00000
0.00000
0.00000
0.00000
0.00000
0.00000
0.00000
0.00000
0.00000
0.00000
0.00000
0.00000
0.00000
0.00000
0.00000
0.00000
0.00000
0.00000
0.00000
0.00000
0.00000
0.00000
0.00000
0.00000
0.00000
0.00000
0.00000
0.00000
0.00000
0.00000
0.00000
0.00000
0.00000
0.00000
0.00000
0.00000
0.00000
0.00000
0.00000
0.00000
0.00000
0.00000
0.00000
0.00000
0.00000
0.00000
0.00000
0.00000
0.00000
0.00000
0.00000
0.00000
0.00000
0.00000
0.00000
0.00000
0.00000
0.00000
0.00000
0.00000
0.00000
0.00000
0.00000
0.00000
0.00000
0.00000
0.00000
0.00000
0.00000
0.00000
0.00000
0.00000
0.00000
0.00000
0.00000
0.00000
0.00000
0.00000
0.00000
0.00000
0.00000
0.00000
0.00000
0.00000
0.00000
0.00000
0.00000
0.00000
0.00000
0.00000
0.00000
0.00000
0.00000
0.00000
0.00000
0.00000
0.00000
0.00000
0.00000
0.00000
0.00000
0.00000
0.00000
0.00000
0.00000
0.00000
0.00000
0.00000
0.00000
0.00000
0.00000
0.00000
0.00000
0.00000
0.00000
0.00000
0.00000
0.00000
0.00000
0.00000
0.00000
0.00000
0.00000
0.00000
0.00000
0.00000
0.00000
0.00000
0.00000
0.00000
0.00000
0.00000
0.00000
0.00000
0.00000
0.00000
0.00000
0.00000
0.00000
0.00000
0.00000
0.00000
0.00000
0.00000
0.00000
0.00000
0.00000
0.00000
0.00000
0.00000
0.00000
0.00000
0.00000
0.00000
0.00000
0.00000
0.00000
0.00000
0.00000
0.00000
0.00000
0.00000
0.00000
0.00000
0.00000
0.00000
0.00000
0.00000
0.00000
0.00000
0.00000
0.00000
0.00000
0.00000
0.00000
0.00000
0.00000
0.00000
0.00000
0.00000
0.00000
0.00000
0.00000
0.00000
0.00000
0.00000
0.00000
0.00000
0.00000
0.00000
0.00000
0.00000
0.00000
0.00000
0.00000
0.00000
0.00000
0.00000
0.00000
0.00000
0.00000
0.00000
0.00000
0.00000
0.00000
0.00000
0.00000
0.00000
0.00000
0.00000
0.00000
0.00000
0.00000
0.00000
0.00000
0.00000
0.00000
0.00000
0.00000
0.00000
0.00000
0.00000
0.00000
0.00000
0.00000
0.00000
0.00000
0.00000
0.00000
0.00000
0.00000
0.00000
0.00000
0.00000
0.00000
0.00000
0.00000
0.00000
0.00000
0.00000
0.00000
0.00000
0.00000
0.00000
0.00000
0.00000
0.00000
0.00000
0.00000
0.00000
0.00000
0.00000
0.00000
0.00000
0.00000
0.00000
0.00000
0.00000
0.00000
0.00000
0.00000
0.00000
0.00000
0.00000
0.00000
0.00000
0.00000
0.00000
0.00000
0.00000
0.00000
0.00000
0.00000
0.00000
0.00000
0.00000
0.00000
0.00000
0.00000
0.00000
0.00000
0.00000
0.00000
0.00000
0.00000
0.00000
0.00000
0.00000
0.00000
0.00000
0.00000
0.00000
0.00000
0.00000
0.00000
0.00000
0.00000
0.00000
0.00000
0.00000
0.00000
0.00000
0.00000
0.00000
0.00000
0.00000
0.00000
0.00000
0.00000
0.00000
0.00000
0.00000
0.00000
0.00000
0.00000
0.00000
0.00000
0.00000
0.00000
0.00000
0.00000
0.00000
0.00000
0.00000
0.00000
0.00000
0.00000
0.00000
0.00000
0.00000
0.00000
0.00000
0.00000
0.00000
0.00000
0.00000
0.00000
0.00000
0.00000
0.00000
0.00000
0.00000
0.00000
0.00000
0.00000
0.00000
0.00000
0.00000
0.00000
0.00000
0.00000
0.00000
0.00000
0.00000
0.00000
0.00000
0.00000
0.00000
0.00000
0.00000
0.00000
0.00000
0.00000
0.00000
0.00000
0.00000
0.00000
0.00000
0.00000
0.00000
0.00000
0.00000
0.00000
0.00000
0.00000
0.00000
0.00000
0.00000
0.00000
0.00000
0.00000
0.00000
0.00000
0.00000
0.00000
0.00000
0.00000
0.00000
0.00000
0.00000
0.00000
0.00000
0.00000
0.00000
0.00000
0.00000
0.00000
0.00000
0.00000
0.00000
0.00000
0.00000
0.00000
0.00000
0.00000
0.00000
0.00000
0.00000
0.00000
0.00000
0.00000
0.00000
0.00000
0.00000
0.00000
0.00000
0.00000
0.00000
0.00000
0.00000
0.00000
0.00000
0.00000
0.00000
0.00000
0.00000
0.00000
0.00000
0.00000
0.00000
0.00000
0.00000
0.00000
0.00000
0.00000
0.00000
0.00000
0.00000
0.00000
0.00000
0.00000
0.00000
0.00000
0.00000
0.00000
0.00000
0.00000
0.00000
0.00000
0.00000
0.00000
0.00000
0.00000
0.00000
0.00000
0.00000
0.00000
0.00000
0.00000
0.00000
0.00000
0.00000
0.00000
0.00000
0.00000
0.00000
0.00000
0.00000
0.00000
0.00000
0.00000
0.00000
0.00000
0.00000
0.00000
0.00000
0.00000
0.00000
0.00000
0.00000
0.00000
0.00000
0.00000
0.00000
0.00000
0.00000
0.00000
0.00000
0.00000
0.00000
0.00000
0.00000
0.00000
0.00000
0.00000
0.00000
0.00000
0.00000
0.00000
0.00000
0.00000
0.00000
0.00000
0.00000
0.00000
0.00000
0.00000
0.00000
0.00000
0.00000
0.00000
0.00000
0.00000
0.00000
0.00000
0.00000
0.00000
0.00000
0.00000
0.00000
0.00000
0.00000
0.00000
0.00000
0.00000
0.00000
0.00000
0.00000
0.00000
0.00000
0.00000
0.00000
0.00000
0.00000
0.00000
0.00000
0.00000
0.00000
0.00000
0.00000
0.00000
0.00000
0.00000
0.00000
0.00000
0.00000
0.00000
0.00000
0.00000
0.00000
0.00000
0.00000
0.00000
0.00000
0.00000
0.00000
0.00000
0.00000
0.00000
0.00000
0.00000
0.00000
0.00000
0.00000
0.00000
0.00000
0.00000
0.00000
0.00000
0.00000
0.00000
0.00000
0.00000
0.00000
0.00000
0.00000
0.00000
0.00000
0.00000
0.00000
0.00000
0.00000
0.00000
0.00000
0.00000
0.00000
0.00000
0.00000
0.00000
0.00000
0.00000
0.00000
0.00000
0.00000
0.00000
0.00000
0.00000
0.00000
0.00000
0.00000
0.00000
0.00000
0.00000
0.00000
0.00000
0.00000
0.00000
0.00000
0.00000
0.00000
0.00000
0.00000
0.00000
0.00000
0.00000
0.00000
0.00000
0.00000
0.00000
0.00000
0.00000
0.00000
0.00000
0.00000
0.00000
0.00000
0.00000
0.00000
0.00000
0.00000
0.00000
0.00000
0.00000
0.00000
0.00000
0.00000
0.00000
0.00000
0.00000
0.00000
0.00000
0.00000
0.00000
0.00000
0.00000
0.00000
0.00000
0.00000
0.00000
0.00000
0.00000
0.00000
0.00000
0.00000
0.00000
0.00000
0.00000
0.00000
0.00000
0.00000
0.00000
0.00000
0.00000
0.00000
0.00000
0.00000
0.00000
0.00000
0.00000
0.00000
0.00000
0.00000
0.00000
0.00000
0.00000
0.00000
0.00000
0.00000
0.00000
0.00000
0.00000
0.00000
0.00000
0.00000
0.00000
0.00000
0.00000
0.00000
0.00000
0.00000
0.00000
0.00000
0.00000
0.00000
0.00000
0.00000
0.00000
0.00000
0.00000
0.00000
0.00000
0.00000
0.00000
0.00000
0.00000
0.00000
0.00000
0.00000
0.00000
0.00000
0.00000
0.00000
0.00000
0.00000
0.00000
0.00000
0.00000
0.00000
0.00000
0.00000
0.00000
0.00000
0.00000
0.00000
0.00000
0.00000
0.00000
0.00000
0.00000
0.00000
0.00000
0.00000
0.00000
0.00000
0.00000
0.00000
0.00000
0.00000
0.00000
0.00000
0.00000
0.00000
0.00000
0.00000
0.00000
0.00000
0.00000
0.00000
0.00000
0.00000
0.00000
0.00000
0.00000
0.00000
0.00000
0.00000
0.00000
0.00000
0.00000
0.00000
0.00000
0.00000
0.00000
0.00000
0.00000
0.00000
0.00000
0.00000
0.00000
0.00000
0.00000
0.00000
0.01054
0.05681
0.05681
0.14218
0.26209
0.48130
0.81087
1.23771
1.73445
2.28053
2.86243
3.46761
4.08233
4.70037
5.31929
5.93774
6.55874
7.18073
7.80591
8.43855
9.07704
9.72411
10.37404
11.02606
11.67607
12.33159
12.99524
13.67426
14.35470
15.05273
15.75961
16.47527
17.19666
17.92496
18.66023
19.40301
20.14951
20.90083
21.65573
22.41363
23.17372
23.93607
24.69973
25.46633
26.23189
26.99886
27.76623
28.54948
29.31794
30.08685
30.85598
31.62679
32.39612
33.16598
33.93608
34.70640
35.47758
36.24797
37.01923
37.79144
38.55856
39.32882
40.09979
40.87512
41.64576
42.41674
43.18761
43.95987
44.73023
45.50048
46.27136
47.04786
47.81857
48.58964
49.36024
50.13164
50.90123
51.67105
52.44138
53.21263
53.98267
54.75285
55.52293
56.29519
57.06226
57.83267
58.60254
59.37229
60.14229
60.91188
61.68156
62.45281
63.22227
63.99196
64.76210
65.53278
66.30388
67.07414
67.84414
68.61635
69.38354
70.15393
70.92412
71.69347
72.46314
73.23276
74.00292
74.77457
75.54188
76.31227
77.08315
77.85346
78.62352
79.39382
80.16372
80.93550
81.70482
82.47491
83.24543
84.01281
84.78074
85.55112
86.32303
87.09781
87.86981
88.64628
89.42314
90.20128
90.97957
91.75843
92.53814
93.31941
94.09903
94.87807
95.66795
96.48420
97.31867
98.16613
99.03789
99.93350
100.82581
101.70167
101.70167
102.54763
103.35419
104.08858
104.70466
105.18870
105.54112
105.76631
105.87292
105.83703
105.64809
105.33956
104.93991
104.47320
103.95848
103.39480
102.78479
102.15427
101.51469
100.88556
100.27255
99.65839
99.04084
98.43322
97.89084
97.89084
97.43829
97.07475
96.79456
96.58246
96.43274
96.39054
96.47814
96.67072
96.94456
97.29179
97.71366
98.20485
98.74395
99.32645
99.91811
100.51957
101.14266
101.78249
102.43462
103.09338
103.68972
104.18992
104.58267
104.87760
105.07882
105.19811
105.20766
105.09344
104.88201
104.59294
104.22554
103.78020
103.26264
102.68058
102.06542
101.42423
100.78187
100.15418
99.54054
98.92600
98.36565
97.88420
97.48522
97.16187
96.89950
96.69364
96.54894
96.51095
96.60435
96.80334
97.08485
97.43961
97.86595
98.36077
98.89847
99.47681
100.06709
100.66508
101.28201
101.91981
102.57065
103.22343
103.80765
104.29497
104.67866
104.96293
105.15448
105.26361
105.26409
105.14229
104.92658
104.63265
104.25996
103.80966
103.28825
102.70311
102.08575
101.44046
100.79507
100.16494
99.54348
98.92491
98.36185
97.87794
97.47694
97.15155
96.88895
96.68334
96.53769
96.49974
96.59325
96.79334
97.07679
97.43195
97.86030
98.35776
98.90049
99.48122
100.07345
100.67120
101.28963
101.92204
102.56553
103.21427
103.79786
104.28242
104.66348
104.94548
105.13634
105.24634
105.24846
105.12983
104.91639
104.62654
104.25783
103.80895
103.28755
102.70427
102.09106
101.44788
100.80276
100.17284
99.55243
98.93575
98.37314
97.88850
97.48920
97.16438
96.90132
96.69514
96.54944
96.51113
96.60424
96.80373
97.08381
97.43643
97.86311
98.35787
98.89836
99.47675
100.06673
100.66434
101.27900
101.91700
102.56860
103.21958
103.80601
104.29254
104.67609
104.96123
105.15164
105.26078
105.26230
105.14291
104.92799
104.63566
104.26464
103.81533
103.29740
102.71357
102.09675
101.45427
100.81129
100.18254
99.56299
98.94567
98.38550
97.90191
97.50061
97.17557
96.91228
96.70641
96.55816
96.51768
96.60983
96.80901
97.09180
97.44497
97.87158
98.36620
98.90708
99.48690
100.07442
100.66600
101.27587
101.90552
102.54854
103.19629
103.78076
104.26742
104.64791
104.93113
105.12271
105.23485
105.23910
105.12092
104.90558
104.61286
104.24106
103.79293
103.27316
102.68859
102.07246
101.42954
100.78542
100.15501
99.53771
98.92038
98.28612
98.28612
97.65495
97.00193
96.35969
95.73038
95.15416
94.58799
94.01777
93.44649
92.87648
92.30757
91.74240
91.18154
90.62015
90.06061
89.49363
88.89169
88.30710
87.71997
87.12997
86.53756
85.94072
85.33464
84.71505
84.08041
83.43318
82.77182
82.09718
81.41170
80.71535
80.01377
79.30475
78.59391
77.87789
77.15686
76.43107
75.70151
74.96792
74.23242
73.49398
72.75279
72.01066
71.26761
70.52347
69.77876
69.03189
68.28928
67.54259
66.79562
66.04845
65.30109
64.55370
63.80644
63.05748
62.31124
61.56391
60.81588
60.06782
59.31973
58.57207
57.82418
57.07487
56.32739
55.58436
54.84415
54.10697
53.36949
52.63277
51.89716
51.16056
50.42599
49.68994
48.95436
48.21957
47.48369
46.74903
46.01468
45.27706
44.54566
43.81030
43.07470
42.33854
41.60206
40.86638
40.13146
39.39487
38.66702
37.93330
37.19747
36.46029
35.72101
34.98042
34.23821
33.49200
32.75107
32.00573
31.25998
30.51377
29.76720
29.02016
28.27276
27.52376
26.77982
26.03248
25.28507
24.53714
23.78804
23.03824
22.29081
21.54554
20.80911
20.07217
19.33568
18.59924
17.86573
17.13026
16.39438
15.65792
14.92575
14.19060
13.45505
12.72045
11.98516
11.25015
10.51480
9.77717
9.04519
8.31043
7.57532
6.83984
6.10478
5.37209
4.63868
3.90219
3.16791
2.42975
1.68961
0.94776
0.20319
-0.54085
-1.28542
-2.03176
-2.77654
-3.52258
-4.26857
-5.01490
-5.76199
-6.51010
-7.25717
-8.00521
-8.75203
-9.49928
-10.24680
-10.99402
-11.73717
-12.47688
-13.21385
-13.95137
-14.68352
-15.41825
-16.15340
-16.88815
-17.62438
-18.35976
-19.09453
-19.83137
-20.56360
-21.29836
-22.03302
-22.76786
-23.50297
-24.23831
-24.97342
-25.70788
-26.43828
-27.11130
-27.66975
-28.11212
-28.47463
-28.79796
-29.08967
-29.35213
-29.58728
-29.85780
-30.21911
-30.65766
-31.20942
-31.88202
-32.62794
-33.41096
-34.19506
-34.95190
-35.63456
-36.21523
-36.68311
-37.03855
-37.28567
-37.43255
-37.45333
-37.33375
-37.10370
-36.78958
-36.40805
-35.95550
-35.43397
-34.85238
-34.24242
-33.61176
-32.98138
-32.35119
-31.70982
-31.05685
-30.39867
-29.74117
-29.14928
-28.66598
-28.28804
-28.01068
-27.82801
-27.73060
-27.74257
-27.87750
-28.10753
-28.41307
-28.79541
-29.25359
-29.78251
-30.37203
-30.99206
-31.63603
-32.27427
-32.89736
-33.51471
-34.12757
-34.68510
-35.16156
-35.55502
-35.87195
-36.12870
-36.32947
-36.47050
-36.50405
-36.40610
-36.20258
-35.91644
-35.55950
-35.13021
-34.63290
-34.08983
-33.50918
-32.91704
-32.31948
-31.70664
-31.07471
-30.43314
-29.78474
-29.20048
-28.71664
-28.33572
-28.05396
-27.86340
-27.75373
-27.75189
-27.87090
-28.08557
-28.37782
-28.74908
-29.19793
-29.72182
-30.30694
-30.92418
-31.56794
-32.21343
-32.84397
-33.46499
-34.08223
-34.64589
-35.13131
-35.53171
-35.85353
-36.11383
-36.31792
-36.46244
-36.49937
-36.40487
-36.19791
-35.91450
-35.55886
-35.12939
-34.63197
-34.08889
-33.50758
-32.91560
-32.31432
-31.70325
-31.03733
-30.39302
-29.74306
-29.15873
-28.67543
-28.29611
-28.01593
-27.82967
-27.72457
-27.72803
-27.85290
-28.07260
-28.36901
-28.74369
-29.19678
-29.71778
-30.30487
-30.92482
-31.57031
-32.21685
-32.84756
-33.46422
-34.08410
-34.64341
-35.12587
-35.52566
-35.84977
-36.11249
-36.31777
-36.46289
-36.50033
-36.40688
-36.20759
-35.92576
-35.57251
-35.14543
-34.65046
-34.10907
-33.52830
-32.94067
-32.34434
-31.72689
-31.08957
-30.43876
-29.78831
-29.20101
-28.71342
-28.33163
-28.04734
-27.85595
-27.74671
-27.74533
-27.86489
-28.07999
-28.37295
-28.74191
-29.18968
-29.70882
-30.29162
-30.90773
-31.54948
-32.19160
-32.82149
-33.43688
-34.05093
-34.61239
-35.09484
-35.49498
-35.81943
-36.08591
-36.29474
-36.44454
-36.48737
-36.39728
-36.20022
-35.91951
-35.56638
-35.14210
-34.64906
-34.11098
-33.53406
-32.94542
-32.34992
-31.73346
-31.09678
-30.44652
-29.79425
-29.21012
-28.72355
-28.33962
-28.05524
-27.86271
-27.75175
-27.74871
-27.86706
-28.07977
-28.37078
-28.74072
-29.18822
-29.71107
-30.29457
-30.91207
-31.55652
-32.20136
-32.83125
-33.45154
-34.06819
-34.63126
-35.11543
-35.51666
-35.84159
-36.10437
-36.31004
-36.45578
-36.54608
-36.54876
-36.44879
-36.26510
-36.00559
-35.67488
-35.27034
-34.79951
-34.26683
-33.68223
-33.04674
-32.37203
-31.66377
-30.93049
-30.17012
-29.39164
-28.60010
-27.80242
-27.01237
-26.23760
-25.47539
-24.72698
-23.98982
-23.25912
-22.53111
-21.80956
-21.09205
-20.37639
-19.66215
-18.94978
-18.23743
-17.52573
-16.81454
-16.10281
-15.39633
-14.69273
-13.98942
-13.29250
-12.59321
-11.89406
-11.19583
-10.49707
-9.79867
-9.10017
-8.39628
-7.70141
-7.00325
-6.30456
-5.60633
-4.90800
-4.21015
-3.51202
-2.81270
-2.11726
-1.41929
-0.72181
-0.02449
0.67319
1.37068
2.06562
2.76291
3.46065
4.16115
4.86296
5.56705
6.27333
6.97969
7.68763
8.39779
9.10380
9.81305
10.52267
11.23282
11.94333
12.65386
13.36427
14.07614
14.78657
15.49767
16.20927
16.92073
17.63194
18.34822
19.05975
19.76928
20.46950
21.17125
21.87084
22.56959
23.26772
23.96576
24.66424
25.36432
26.05956
26.75765
27.45754
28.15528
28.85276
29.55016
30.24649
30.94485
31.64220
32.34002
33.03778
33.73554
34.43304
35.12823
35.82430
36.52343
37.22334
37.92609
38.62966
39.33474
40.04320
40.75119
41.45921
42.16944
42.87839
43.58780
44.29750
45.00758
45.71824
46.42883
47.13957
47.85252
48.56090
49.27316
49.98456
50.69603
51.40753
52.11885
52.83086
53.53899
54.23842
54.93781
55.63742
56.33645
57.03541
57.73412
58.43322
59.13257
59.83008
60.52813
61.22577
61.92337
62.62168
63.31938
64.01701
64.71633
65.41107
66.10887
66.80658
67.50402
68.20182
68.89951
69.59470
70.29215
70.99005
71.69088
72.39286
73.09655
73.80154
74.51240
75.21896
75.92932
76.63507
77.34493
78.05510
78.76515
79.47585
80.18636
80.89840
81.61027
82.32082
83.03185
83.74290
84.44878
85.15104
85.85148
86.55085
87.25088
87.96797
88.72661
89.51257
90.31802
91.13805
91.98486
92.85631
93.73025
94.58085
95.40248
96.15558
96.79367
97.30826
97.70277
97.98375
98.15190
98.22003
98.19669
98.09030
97.87944
97.55591
97.14893
96.68529
96.16115
95.58670
94.95569
94.28315
93.60023
92.91985
92.26122
91.62503
91.00126
90.37371
89.77671
89.24783
88.81037
88.46217
88.19942
88.00648
87.88747
87.84086
87.86009
87.97398
88.20281
88.52225
88.91070
89.35586
89.86491
90.41481
90.99714
91.59806
92.19646
92.81765
93.46015
94.11736
94.78086
95.43103
96.07282
96.64218
97.10357
97.45689
97.70153
97.84006
97.88341
97.84696
97.71367
97.47275
97.14905
96.75915
96.31174
95.79877
95.22219
94.59452
93.90743
93.21078
92.51556
91.83875
91.19239
90.57315
89.97245
89.43918
88.99811
88.64564
88.36908
88.15494
88.00284
87.91248
87.88502
87.95787
88.15203
88.44675
88.82270
89.26278
89.76410
90.32325
90.93427
91.56831
92.21712
92.86048
93.48733
94.11773
94.74815
95.37703
95.99517
96.53842
96.98226
97.32487
97.57122
97.72984
97.81291
97.82426
97.76500
97.61256
97.35472
97.01584
96.61503
96.14731
95.61656
95.02565
94.38048
93.69535
92.99896
92.30324
91.62694
90.98259
90.37800
89.79833
89.24065
88.75559
88.36193
88.05719
87.83106
87.67373
87.58164
87.56043
87.64332
87.84219
88.13132
88.48889
88.91804
89.41793
89.98276
90.60129
91.24639
91.90353
92.55987
93.19735
93.83630
94.48004
95.12389
95.70346
96.18542
96.56553
96.84890
97.04307
97.16020
97.20685
97.15047
96.97545
96.70857
96.37094
95.96205
95.48090
94.93218
94.34641
93.73185
93.11369
92.50619
91.89299
91.27390
90.65193
90.08777
89.60957
89.21754
88.90984
88.67180
88.49733
88.43054
88.49510
88.66567
88.91881
89.25049
89.65731
90.13825
90.66736
91.23938
91.82657
92.42097
93.03848
93.67864
94.33506
95.00062
95.60173
96.10822
96.51193
96.81533
97.02574
97.15216
97.16877
97.06095
96.85515
96.57126
96.20845
95.76755
95.25338
94.67492
94.06244
93.42200
92.78454
92.16000
91.54196
90.92615
90.36439
89.88160
89.48136
89.15665
88.89394
88.68816
88.54241
88.50427
88.59766
88.79676
89.07832
89.43178
89.85657
90.35169
90.89251
91.47115
92.06116
92.65736
93.27391
93.91208
94.56215
95.21280
95.79869
96.28499
96.66853
96.95214
97.14380
97.25327
97.25375
97.13273
96.91676
96.62355
96.25151
95.80175
95.28008
94.69375
94.07803
93.43455
92.78988
92.16085
91.54068
90.92377
90.29283
89.65601
89.00215
88.36176
87.75456
87.19173
86.64434
86.10173
85.56384
85.03410
84.51380
83.99797
83.48747
82.97925
82.47097
81.95964
81.44331
80.91908
80.39691
79.86777
79.33338
78.79507
78.24692
77.68527
77.10688
76.51345
75.90918
75.28854
74.65613
74.01448
73.36372
72.70837
72.04274
71.37287
70.69930
70.02084
69.33859
68.65354
67.96518
67.27511
66.58464
65.89000
65.19555
64.50114
63.80503
63.10882
62.41171
61.71389
61.01591
60.31714
59.61954
58.92082
58.22230
57.52385
56.82567
56.12739
55.42901
54.72879
54.03261
53.33383
52.63399
51.93488
51.23554
50.53650
49.83820
49.13830
48.44236
47.74309
47.04413
46.34538
45.64615
44.94694
44.24841
43.55347
42.86613
42.17819
41.49133
40.80492
40.11872
39.43290
38.74753
38.06148
37.37628
36.69160
36.00675
35.32197
34.63725
33.95252
33.26745
32.58263
31.90092
31.21599
30.53334
29.84961
29.16430
28.47684
27.78714
27.09500
26.40265
25.70843
25.01387
24.31753
23.62154
22.92502
22.22768
21.52783
20.82988
20.13211
19.43397
18.73594
18.03773
17.33959
16.63961
15.93933
15.24101
14.54248
13.84389
13.14504
12.44580
11.74697
11.05279
10.36155
9.67344
8.98620
8.29939
7.61272
6.92682
6.23779
5.55126
4.82185
4.14017
3.45496
2.76942
2.08400
1.39912
0.71375
0.02882
-0.65833
-1.34141
-2.02414
-2.70916
-3.39552
-4.08377
-4.77348
-5.46485
-6.15888
-6.85264
-7.54758
-8.24357
-8.94074
-9.63800
-10.33570
-11.03358
-11.67720
-12.21702
-12.65618
-13.01950
-13.33400
-13.60409
-13.83421
-14.02821
-14.25606
-14.57797
-14.97988
-15.49855
-16.14107
-16.85850
-17.61294
-18.37414
-19.12141
-19.81916
-20.42882
-20.92915
-21.31167
-21.58210
-21.74891
-21.82225
-21.81264
-21.70155
-21.48200
-21.18133
-20.80781
-20.35978
-19.84096
-19.25821
-18.61807
-17.96024
-17.28697
-16.62170
-15.97990
-15.35622
-14.74244
-14.18737
-13.71587
-13.33184
-13.02544
-12.78105
-12.59463
-12.46874
-12.45010
-12.56283
-12.78141
-13.08065
-13.44892
-13.88891
-14.39552
-14.94595
-15.53197
-16.12722
-16.72566
-17.34178
-17.97697
-18.62432
-19.27539
-19.86118
-20.34626
-20.72583
-21.00458
-21.18957
-21.29320
-21.28843
-21.16087
-20.93777
-20.63812
-20.26020
-19.80534
-19.27968
-18.69153
-18.06969
-17.42294
-16.77544
-16.14512
-15.52720
-14.90962
-14.34776
-13.86483
-13.46476
-13.14475
-12.88488
-12.68131
-12.53722
-12.50066
-12.59552
-12.79578
-13.07863
-13.43269
-13.86063
-14.35688
-14.89851
-15.47950
-16.06853
-16.66603
-17.28394
-17.92223
-18.57353
-19.22479
-19.81101
-20.29740
-20.67893
-20.96190
-21.15224
-21.26052
-21.26001
-21.13804
-20.92109
-20.62694
-20.25417
-19.80406
-19.28248
-18.69732
-18.07765
-17.43307
-16.78743
-16.15590
-15.53760
-14.92032
-14.35653
-13.87230
-13.47086
-13.14614
-12.88332
-12.67748
-12.53248
-12.49428
-12.58736
-12.78206
-13.05673
-13.40291
-13.82292
-14.31249
-14.84729
-15.42050
-16.00536
-16.61062
-17.22725
-17.86220
-18.51036
-19.15967
-19.74263
-20.22714
-20.61216
-20.89893
-21.10100
-21.23260
-21.29587
-21.25619
-21.09390
-20.83016
-20.49082
-20.08470
-19.60823
-19.05340
-18.43464
-17.76704
-17.08137
-16.38577
-15.70555
-15.05674
-14.44986
-13.90426
-13.44504
-13.06922
-12.76061
-12.50791
-12.31232
-12.18160
-12.11706
-12.15804
-12.32686
-12.59161
-12.92637
-13.32929
-13.79006
-14.31129
-14.87240
-15.46398
-16.06177
-16.66482
-17.29798
-17.95557
-18.62595
-19.28302
-19.87394
-20.36234
-20.74576
-21.02849
-21.21661
-21.32180
-21.35782
-21.29577
-21.11936
-20.85286
-20.51333
-20.10597
-19.62948
-19.08904
-18.48839
-17.82397
-17.14224
-16.45388
-15.77862
-15.13005
-14.52276
-13.95487
-13.45364
-13.04080
-12.71160
-12.45431
-12.26006
-12.12651
-12.05540
-12.08572
-12.23862
-12.48474
-12.80267
-13.19399
-13.65681
-14.17118
-14.73094
-15.32805
-15.93669
-16.54392
-17.16692
-17.80763
-18.47635
-19.15815
-19.77230
-20.28734
-20.69512
-20.99746
-21.20135
-21.32393
-21.37577
-21.36266
-21.33534
-21.34814
-21.39922
-21.48446
-21.60111
-21.74596
-21.91521
-22.10793
-22.32042
-22.55228
-22.80081
-23.06153
-23.33155
-23.60715
-23.88421
-24.15940
-24.42925
-24.69826
-24.96544
-25.22762
-25.48588
-25.74038
-25.99229
-26.24313
-26.48757
-26.72865
-26.96668
-27.20215
-27.43540
-27.66742
-27.89802
-28.12828
-28.35608
-28.58407
-28.81157
-29.03865
-29.26548
-29.49191
-29.71810
-29.94452
-30.16939
-30.39528
-30.62931
-30.85501
-31.08083
-31.30644
-31.53377
-31.76016
-31.98463
-32.21029
-32.43597
-32.66174
-32.88755
-33.11322
-33.33908
-33.56503
-33.78956
-34.01486
-34.24026
-34.46559
-34.69155
-34.91718
-35.14034
-35.36014
-35.57697
-35.79223
-36.00584
-36.21826
-36.42986
-36.64100
-36.85210
-37.06237
-37.27173
-37.48103
-37.69019
-37.89902
-38.10776
-38.31615
-38.52473
-38.73340
-38.94160
-39.15067
-39.36233
-39.57776
-39.79646
-40.01571
-40.23664
-40.45881
-40.68347
-40.90740
-41.13257
-41.35954
-41.58675
-41.81304
-42.03896
-42.26562
-42.49096
-42.71793
-42.94462
-43.17133
-43.39828
-43.62534
-43.84937
-44.07015
-44.28785
-44.36476
-44.44051
-44.77518
-45.29687
-45.83195
-46.34006
-46.94842
-47.71926
-48.58915
-49.48674
-50.35940
-51.15564
-51.81257
-52.28458
-52.57582
-52.72114
-52.74303
-52.65626
-52.47928
-52.23292
-51.92383
-51.55308
-51.12275
-50.64213
-50.11085
-49.54369
-48.93014
-48.37162
-47.81918
-47.18232
-46.40847
-45.56882
-44.72141
-43.90662
-43.16414
-42.55517
-42.11579
-41.85618
-41.75890
-41.79629
-41.94524
-42.18385
-42.49343
-42.91467
-43.42507
-44.08289
-44.82796
-45.59660
-46.35836
-47.08431
-47.75783
-48.37056
-48.91799
-49.39476
-49.81521
-50.18331
-50.56086
-51.04275
-51.62519
-52.25454
-52.87233
-53.47712
-54.05764
-54.62333
-55.18260
-55.68815
-56.10902
-56.41899
-56.59474
-56.63352
-56.54178
-56.33695
-56.03982
-55.68583
-55.30754
-54.87254
-54.37376
-53.82995
-53.24433
-52.63846
-52.00257
-51.34850
-50.68152
-50.00259
-49.31159
-48.60926
-47.89513
-47.16739
-46.43313
-45.69280
-44.94919
-44.19528
-43.43638
-42.67342
-41.90656
-41.13782
-40.35233
-39.55167
-38.73376
-37.89818
-37.05247
-36.19586
-35.32434
-34.44497
-33.55580
-32.65894
-31.75698
-30.84918
-29.93880
-29.02402
-28.10607
-27.18894
-26.26986
-25.34920
-24.42717
-23.50407
-22.58127
-21.65825
-20.73309
-19.80957
-18.88546
-17.96070
-17.03532
-16.11029
-15.18521
-14.25972
-13.33283
-12.40811
-11.48254
-10.55732
-9.63215
-8.70654
-7.78100
-6.85587
-5.92944
-5.00492
-4.07996
-3.15701
-2.23762
-1.34805
-0.50155
0.30155
1.06271
1.77489
2.39771
2.88771
3.25471
3.50505
3.63722
3.66703
3.56192
3.29863
2.90834
2.42170
1.86773
1.26955
0.64098
-0.00994
-0.67989
-1.34897
-2.00131
-2.61952
-3.20442
-3.78708
-4.35628
-4.90203
-5.37485
-5.75171
-6.03527
-6.23169
-6.35492
-6.41110
-6.40117
-6.32818
-6.16683
-5.89813
-5.54492
-5.12316
-4.64718
-4.11778
-3.53630
-2.92326
-2.28926
-1.66318
-1.04779
-0.44296
0.16074
0.76444
1.36096
1.94312
2.51979
3.01839
3.40636
3.68294
3.85116
3.92118
3.90422
3.78157
3.54441
3.22658
2.84053
2.38420
1.85988
1.28531
0.66297
0.01793
-0.64118
-1.29019
-1.92741
-2.56578
-3.20213
-3.83733
-4.40182
-4.87127
-5.24969
-5.53370
-5.75254
-5.91176
-6.01163
-6.04629
-5.97687
-5.78339
-5.49175
-5.12563
-4.68949
-4.18716
-3.62638
-3.02026
-2.37918
-1.73315
-1.10056
-0.47685
0.15017
0.76414
1.36650
1.95037
2.45743
2.85711
3.15887
3.37183
3.50394
3.56032
3.54440
3.43118
3.20290
2.89513
2.51961
2.07381
1.54729
0.96766
0.35361
-0.28539
-0.93619
-1.56211
-2.18584
-2.80970
-3.38400
-3.87961
-4.29301
-4.63251
-4.91525
-5.14435
-5.31855
-5.43583
-5.44936
-5.33273
-5.11045
-4.80518
-4.43121
-3.99106
-3.48612
-2.92983
-2.32953
-1.71640
-1.11234
-0.51549
0.08841
0.69762
1.30752
1.84839
2.29161
2.64169
2.90329
3.08463
3.19524
3.23841
3.18060
3.00543
2.73867
2.40029
1.98881
1.50919
0.96378
0.37835
-0.24055
-0.86223
-1.47634
-2.09430
-2.71673
-3.28921
-3.78590
-4.20316
-4.56167
-4.86027
-5.10558
-5.29607
-5.43043
-5.45914
-5.35514
-5.14390
-4.85095
-4.49732
-4.07297
-3.58301
-3.04019
-2.45232
-1.85076
-1.25601
-0.64666
-0.03771
0.59111
1.21136
1.76541
2.22240
2.58416
2.86030
3.05662
3.18124
3.23967
3.19691
3.03622
2.78346
2.45715
2.05606
1.57242
1.03763
0.43319
-0.20618
-0.87465
-1.54490
-2.19841
-2.82335
-3.45261
-4.06987
-4.62260
-5.08163
-5.44543
-5.72052
-5.92027
-6.05333
-6.12715
-6.14219
-6.05699
-5.84607
-5.53732
-5.15379
-4.71218
-4.21054
-3.64696
-3.04169
-2.41389
-1.78669
-1.17145
-0.56353
0.05116
0.66845
1.28787
1.88581
2.41068
2.82341
3.13206
3.33932
3.45909
3.50054
3.43558
3.25652
2.98448
2.64292
2.22310
1.73508
1.17299
0.55860
-0.08637
-0.74967
-1.41249
-2.05702
-2.68015
-3.29219
-3.84777
-4.32071
-4.70959
-5.02182
-5.27570
-5.47269
-5.61249
-5.69375
-5.72005
-5.71972
-5.71940
-5.71909
-5.71879
-5.71879
-5.71849
-5.71820
-5.71791
-5.71764
-5.71524
-5.70665
-5.68829
-5.65865
-5.61652
-5.55904
-5.48535
-5.39660
-5.29257
-5.17260
-5.03785
-4.88592
-4.71768
-4.53435
-4.33697
-4.12817
-3.90929
-3.68090
-3.44899
-3.21256
-2.97573
-2.74004
-2.50843
-2.28290
-2.06564
-1.85869
-1.66489
-1.48504
-1.32346
-1.18423
-1.06958
-0.95660
-0.83449
-0.73138
-0.63835
-0.55499
-0.55499
-0.48153
-0.41786
-0.36398
-0.31987
-0.28572
-0.26132
-0.24685
-0.23958
-0.23594
-0.23412
-0.23321
-0.23276
-0.23253
-0.23242
-0.23236
-0.23233
-0.23232
-0.23231
-0.23231
-0.23231
-0.23231
-0.23231
-0.23230
-0.23230
-0.23230
-0.23230
-0.23230
-0.23230
-0.23230
-0.23230
-0.23230
-0.23230
-0.23230
-0.23230
-0.23230
-0.23230
-0.23230
-0.23230
-0.23230
-0.23230
-0.23230
-0.23230
-0.23230
-0.23230
-0.23230
-0.23230
-0.23230
-0.23230
-0.23230
-0.23230
-0.23230
-0.23230
-0.23230
-0.23230
-0.23230
-0.23230
-0.23230
-0.23230
-0.23230
-0.23230
-0.23230
-0.23230
-0.23230
-0.23230
-0.23230
-0.23230
-0.23230
-0.23230
-0.23230
-0.23230
-0.23230
-0.23230
-0.23230
-0.23230
-0.23230
-0.23230
-0.23230
-0.23230
-0.23230
-0.23230
0.00000
0.00000
0.00000
0.00000
0.00000
0.00000
0.00000
0.00000
0.00000
0.00000
0.00000
0.00000
0.00000
0.00000
0.00000
0.00000
0.00000
0.00000
0.00000
0.00000
0.00000
0.00000
0.00000
0.00000
0.00000
0.00000
0.00000
0.00000
0.00000
0.00000
0.00000
0.00000
0.00000
0.00000
0.00000
0.00000
0.00000
0.00000
0.00000
0.00000
0.00000
0.00000
0.00000
0.00000
0.00000
0.00000
0.00000
0.00000
0.00000
0.00000
0.00000
0.00000
0.00000
0.00000
0.00000
0.00000
0.00000
0.00000
0.00000
0.00000
0.00000
0.00000
0.00000
0.00000
0.00000
0.00000
0.00000
0.00000
0.00000
0.00000
0.00000
0.00000
0.00000
0.00000
0.00000
0.00000
0.00000
0.00000
0.00000
0.00000
0.00000
0.00000
0.00000
0.00000
0.00000
0.00000
0.00000
0.00000
0.00000
0.00000
0.00000
0.00000
0.00000
0.00000
0.00000
0.00000
0.00000
0.00000
0.00000
0.00000
0.00000
0.00000
0.00000
0.00000
0.00000
0.00000
0.00000
0.00000
0.00000
0.00000
0.00000
0.00000
0.00000
0.00000
0.00000
0.00000
0.00000
0.00000
0.00000
0.00000
0.00000
0.00000
0.00000
0.00000
0.00000
0.00000
0.00000
0.00000
0.00000
0.00000
0.00000
0.00000
0.00000
0.00000
0.00000
0.00000
0.00000
0.00000
0.00000
0.00000
0.00000
0.00000
0.00000
0.00000
0.00000
0.00000
0.00000
0.00000
0.00000
0.00000
0.00000
0.00000
0.00000
0.00000
0.00000
0.00000
0.00000
0.00000
0.00000
0.00000
0.00000
0.00000
0.00000
0.00000
0.00000
0.00000
0.00000
0.00000
0.00000
0.00000
0.00000
0.00000
0.00000
0.00000
0.00000
0.00000
0.00000
0.00000
0.00000
0.00000
0.00000
0.00000
0.00000
0.00000
0.00000
0.00000
0.00000
0.00000
0.00000
0.00000
0.00000
0.00000
0.00000
0.00000
0.00000
0.00000
0.00000
0.00000
0.00000
0.00000
0.00000
0.00000
0.00000
0.00000
0.00000
0.00000
0.00000
0.00000
0.00000
0.00000
0.00000
0.00000
0.00000
0.00000
0.00000
0.00000
0.00000
0.00000
0.00000
0.00000
0.00000
0.00000
0.00000
0.00000
0.00000
0.00000
0.00000
0.00000
0.00000
0.00000
0.00000
0.00000
0.00000
0.00000
0.00000
0.00000
0.00000
0.00000
0.00000
0.00000
0.00000
0.00000
0.00000
0.00000
0.00000
0.00000
0.00000
0.00000
0.00000
0.00000
0.00000
0.00000
0.00000
0.00000
0.00000
0.00000
0.00000
0.00000
0.00000
0.00000
0.00000
0.00000
0.00000
0.00000
0.00000
0.00000
0.00000
0.00000
0.00000
0.00000
0.00000
0.00000
0.00000
0.00000
0.00000
0.00000
0.00000
0.00000
0.00000
0.00000
0.00000
0.00000
0.00000
0.00000
0.00000
0.00000
0.00000
0.00000
0.00000
0.00000
0.00000
0.00000
0.00000
0.00000
0.00000
0.00000
0.00000
0.00000
0.00000
0.00000
0.00000
0.00000
0.00000
0.00000
0.00000
0.00000
0.00000
0.00000
0.00000
0.00000
0.00000
0.00000
0.00000
0.00000
0.00000
0.00000
0.00000
0.00000
0.00000
0.00000
0.00000
0.00000
0.00000
0.00000
0.00000
0.00000
0.00000
0.00000
0.00000
0.00000
0.00000
0.00000
0.00000
0.00000
0.00000
0.00000
0.00000
0.00000
0.00000
0.00000
0.00000
0.00000
0.00000
0.00000
0.00000
0.00000
0.00000
0.00000
0.00000
0.00000
0.00000
0.00000
0.00000
0.00000
0.00000
0.00000
0.00000
0.00000
0.00000
0.00000
0.00000
0.00000
0.00000
0.00000
0.00000
0.00000
0.00000
0.00000
0.00000
0.00000
0.00000
0.00000
0.00000
0.00000
0.00000
0.00000
0.00000
0.00000
0.00000
0.00000
0.00000
0.00000
0.00000
0.00000
0.00000
0.00000
0.00000
0.00000
0.00000
0.00000
0.00000
0.00000
0.00000
0.00000
0.00000
0.00000
0.00000
0.00000
0.00000
0.00000
0.00000
0.00000
0.00000
0.00000
0.00000
0.00000
0.00000
0.00000
0.00000
0.00000
0.00000
0.00000
0.00000
0.00000
0.00000
0.00000
0.00000
0.00000
0.00000
0.00000
0.00000
0.00000
0.00000
0.00000
0.00000
0.00000
0.00000
0.00000
0.00000
0.00000
0.00000
0.00000
0.00000
0.00000
0.00000
0.00000
0.00000
0.00000
0.00000
0.00000
0.00000
0.00000
0.00000
0.00000
0.00000
0.00000
0.00000
0.00000
0.00000
0.00000
0.00000
0.00000
0.00000
0.00000
0.00000
0.00000
0.00000
0.00000
0.00000
0.00000
0.00000
0.00000
0.00000
0.00000
0.00000
0.00000
0.00000
0.00000
0.00000
0.00000
0.00000
0.00000
0.00000
0.00000
0.00000
0.00000
0.00000
0.00000
0.00000
0.00000
0.00000
0.00000
0.00000
0.00000
0.00000
0.00000
0.00000
0.00000
0.00000
0.00000
0.00000
0.00000
0.00000
0.00000
0.00000
0.00000
0.00000
0.00000
0.00000
0.00000
0.00000
0.00000
0.00000
0.00000
0.00000
0.00000
0.00000
0.00000
0.00000
0.00000
0.00000
0.00000
0.00000
0.00000
0.00000
0.00000
0.00000
0.00000
0.00000
0.00000
0.00000
0.00000
0.00000
0.00000
0.00000
0.00000
0.00000
0.00000
0.00000
0.00000
0.00000
0.00000
0.00000
0.00000
0.00000
0.00000
0.00000
0.00000
0.00000
0.00000
0.00000
0.00000
0.00000
0.00000
0.00000
0.00000
0.00000
0.00000
0.00000
0.00000
0.00000
0.00000
0.00000
0.00000
0.00000
0.00000
0.00000
0.00000
0.00000
0.00000
0.00000
0.00000
0.00000
0.00000
0.00000
0.00000
0.00000
0.00000
0.00000
0.00000
0.00000
0.00000
0.00000
0.00000
0.00000
0.00000
0.00000
0.00000
0.00000
0.00000
0.00000
0.00000
0.00000
0.00000
0.00000
0.00000
0.00000
0.00000
0.00000
0.00000
0.00000
0.00000
0.00000
0.00000
0.00000
0.00000
0.00000
0.00000
0.00000
0.00000
0.00000
0.00000
0.00000
0.00000
0.00000
0.00000
0.00000
0.00000
0.00000
0.00000
0.00000
0.00000
0.00000
0.00000
0.00000
0.00000
0.00000
0.00000
0.00000
0.00000
0.00000
0.00000
0.00000
0.00000
0.00000
0.00000
0.00000
0.00000
0.00000
0.00000
0.00000
0.00000
0.00000
0.00000
0.00000
0.00000
0.00000
0.00000
0.00000
0.00000
0.00000
0.00000
0.00000
0.00000
0.00000
0.00000
0.00000
0.00000
0.00000
0.00000
0.00000
0.00000
0.00000
0.00000
0.00000
0.00000
0.00000
0.00000
0.00000
0.00000
0.00000
0.00000
0.00000
0.00000
0.00000
0.00000
0.00000
0.00000
0.00000
0.00000
0.00000
0.00000
0.00000
0.00000
0.00000
0.00000
0.00000
0.00000
0.00000
0.00000
0.00000
0.00000
0.00000
0.00000
0.00000
0.00000
0.00000
0.00000
0.00000
0.00000
0.00000
0.00000
0.00000
0.00000
0.00000
0.00000
0.00000
0.00000
0.00000
0.00000
0.00000
0.00000
0.00000
0.00000
0.00000
0.00000
0.00000
0.00000
0.00000
0.00000
0.00000
0.00000
0.00000
0.00000
0.00000
0.00000
0.00000
0.00000
0.00000
0.00000
0.00000
0.00000
0.00000
0.00000
0.00000
0.00000
0.00000
0.00000
0.00000
0.00000
0.00000
0.00000
0.00000
0.00000
0.00000
0.00000
0.00000
0.00000
0.00000
0.00000
0.00000
0.00000
0.00000
0.00000
0.00000
0.00000
0.00000
0.00000
0.00000
0.00000
0.00000
0.00000
0.00000
0.00000
0.00000
0.00000
0.00000
0.00000
0.00000
0.00000
0.00000
0.00000
0.00000
0.00000
0.00000
0.00000
0.00000
0.00000
0.00000
0.00000
0.00000
0.00000
0.00000
0.00000
0.00000
0.00000
0.00000
0.00000
0.00000
0.00000
0.00000
0.00000
0.00000
0.00000
0.00000
0.00000
0.00000
0.00000
0.00000
0.00000
0.00000
0.00000
0.00000
0.00000
0.00000
0.00000
0.00000
0.00000
0.00000
0.00000
0.00000
0.00000
0.00000
0.00000
0.00000
0.00000
0.00000
0.00000
0.00000
0.00000
0.00000
0.00000
0.00000
0.00000
0.00000
0.00000
0.00000
0.00000
0.00000
0.00000
0.00000
0.00000
0.00000
0.00000
0.00000
0.00000
0.00000
0.00000
0.00000
0.00000
0.00000
0.00000
0.00000
0.00000
0.00000
0.00000
0.00000
0.00000
0.00000
0.00000
0.00000
0.00000
0.00000
0.00000
0.00000
0.00000
0.00000
0.00000
0.00000
0.00000
0.00000
0.00000
0.00000
0.00000
0.00000
0.00000
0.00000
0.00000
0.00000
0.00000
0.00000
0.00000
0.00000
0.00000
0.00000
0.00000
0.00000
0.00000
0.00000
0.00000
0.00000
0.00000
0.00000
0.00000
0.00000
0.00000
0.00000
0.00000
0.00000
0.00000
0.00000
0.00000
0.00000
0.00000
0.00000
0.00000
0.00000
0.00000
0.00000
0.00000
0.00000
0.00000
0.00000
0.00000
0.00000
0.00000
0.00000
0.00000
0.00000
0.00000
0.00000
0.00000
0.00000
0.00000
0.00000
0.00000
0.00000
0.00000
0.00000
0.00000
0.00000
0.00000
0.00000
0.00000
0.00000
0.00000
0.00000
0.00000
0.00000
0.00000
0.00000
0.00000
0.00000
0.00000
0.00000
0.00000
0.00000
0.00000
0.00000
0.00000
0.00000
0.00000
0.00000
0.00000
0.00000
0.00000
0.00000
0.00000
0.00000
0.00000
0.00000
0.00000
0.00000
0.00000
0.00000
0.00000
0.00000
0.00000
0.00000
0.00000
0.00000
0.00000
0.00000
0.00000
0.00000
0.00000
0.00000
0.00000
0.00000
0.00000
0.00000
0.00000
0.00000
0.00000
0.00000
0.00000
0.00000
0.00000
0.00000
0.00000
0.00000
0.00000
0.00000
0.00000
0.00000
0.00000
0.00000
0.00000
0.00000
0.00000
0.00000
0.00000
0.00000
0.00000
0.00000
0.00000
0.00000
0.00000
0.00000
0.00000
0.00000
0.00000
0.00000
0.00000
0.00000
0.00000
0.00000
0.00000
0.00000
0.00000
0.00000
0.00000
0.00000
0.00000
0.00000
0.00000
0.00000
0.00000
0.00000
0.00000
0.00000
0.00000
0.00000
0.00000
0.00000
0.00000
0.00000
0.00000
0.00000
0.00000
0.00000
0.00000
0.00000
0.00000
0.00000
0.00000
0.00000
0.00000
0.00000
0.00000
0.00000
0.00000
0.00000
0.00000
0.00000
0.00000
0.00000
0.00000
0.00000
0.00000
0.00000
0.00000
0.00000
0.00000
0.00000
0.00000
0.00000
0.00000
0.00000
0.00000
0.00000
0.00000
0.00000
0.00000
0.00000
0.00000
0.00000
0.00000
0.00000
0.00000
0.00000
0.00000
0.00000
0.00000
0.00000
0.00000
0.00000
0.00000
0.00000
0.00000
0.00000
0.00000
0.00000
0.00000
0.00000
0.00000
0.00000
0.00000
0.00000
0.00000
0.00000
0.00000
0.00000
0.00000
0.00000
0.00000
0.00000
0.00000
0.00000
0.00000
0.00000
0.00000
0.00000
0.00000
0.00000
0.00000
0.00000
0.00000
0.00000
0.00000
0.00000
0.00000
0.00000
0.00000
0.00000
0.00000
0.00000
0.00000
0.00000
0.00000
0.00000
0.00000
0.00000
0.00000
0.00000
0.01440
0.01440
0.10040
0.29354
0.60500
1.02129
1.52937
2.10881
2.75574
3.45753
4.20760
5.00275
5.83452
6.69234
7.58570
8.50125
9.44188
10.39689
11.36826
12.35427
13.34552
14.32106
15.28852
16.24734
17.20046
18.14898
19.09816
20.04587
20.99776
21.94695
22.90403
23.86492
24.82759
25.78767
26.74784
27.70794
28.67247
29.63196
30.59782
31.56408
32.53101
33.49850
34.46648
35.43469
36.40640
37.37148
38.34123
39.30631
40.26025
41.20271
42.13518
43.06801
44.00478
44.91574
44.91574
45.79712
46.64125
47.44759
48.21531
48.94155
49.59197
50.12380
50.53175
50.82280
50.99961
51.06782
51.00214
50.79133
50.45837
50.04117
49.55899
49.03283
48.46338
47.84981
47.19553
46.53308
45.87525
45.23687
44.62595
44.01926
43.42320
42.83913
42.27655
41.78725
41.39282
41.08743
40.86484
40.86484
40.70889
40.61655
40.58631
40.61816
40.71139
40.89595
41.19330
41.57804
42.03084
42.53336
43.08230
43.67834
44.30203
44.94187
45.57513
46.18409
46.78882
47.39350
47.99527
48.58768
49.16355
49.72572
50.20057
50.56404
50.82405
50.98815
51.06601
51.06619
50.99306
50.82745
50.55920
50.21437
49.80365
49.32591
48.78635
48.18796
47.53824
46.84948
46.14687
45.44498
44.75971
44.10515
43.48804
42.89871
42.37708
41.94743
41.60659
41.34506
41.14676
41.00789
40.92825
40.90896
40.94949
41.08546
41.34022
41.68494
42.10223
42.57270
43.09653
43.66763
44.27538
44.89107
45.49646
46.13123
46.74683
47.37350
48.00136
48.62116
49.16765
49.60694
49.94174
50.17649
50.32324
50.39154
50.35408
50.19646
49.94453
49.61957
49.21938
48.74713
48.20663
47.60548
46.97263
46.31521
45.65709
45.01594
44.39509
43.78300
43.22484
42.74853
42.35618
42.04088
41.78507
41.58304
41.43621
41.34761
41.36200
41.50556
41.75262
42.08082
42.47397
42.93150
43.45524
44.02326
44.63415
45.25493
45.86520
46.46936
47.07967
47.69368
48.30750
48.84895
49.29387
49.64128
49.89648
50.07281
50.17847
50.21663
50.15367
49.97403
49.70249
49.36129
48.94810
48.46343
47.91275
47.32201
46.69775
46.07251
45.45515
44.84126
44.21648
43.64370
43.14768
42.73213
42.39035
42.10580
41.87411
41.69462
41.56975
41.54961
41.66185
41.88107
42.18605
42.55408
42.98921
43.49098
44.04510
44.64288
45.25296
45.85446
46.45154
47.05197
47.66114
48.27024
48.81159
49.25505
49.60087
49.85637
50.03457
50.14410
50.18641
50.12725
49.95076
49.68302
49.34457
48.93351
48.45311
47.90825
47.32304
46.70579
46.08144
45.46792
44.85595
44.23556
43.66345
43.17103
42.75573
42.41388
42.12810
41.89247
41.70929
41.58147
41.55846
41.66809
41.88507
42.20541
42.57738
43.01784
43.52245
44.07909
44.68128
45.29439
45.89881
46.49848
47.10199
47.71227
48.32129
48.86244
49.30717
49.65146
49.90637
50.08300
50.18952
50.22865
50.16721
49.98828
49.71710
49.37713
48.96561
48.48353
47.93459
47.34707
46.72792
46.10187
45.48467
44.87343
44.25146
44.25146
43.60877
42.95973
42.30319
41.68999
41.16342
40.76102
40.50948
40.41906
40.47966
40.66080
40.93061
41.27583
41.70631
42.22294
42.82244
43.49851
44.24040
45.03826
45.88043
46.76441
47.68376
48.62405
49.55694
50.48355
51.39600
52.28742
53.16616
54.02789
54.86637
55.69274
56.50412
57.30979
58.11272
58.91083
59.70607
60.50320
61.30043
62.10147
62.89216
63.68447
64.47546
65.26694
66.05727
66.84812
67.63844
68.43165
69.21738
70.00076
70.78301
71.56365
72.35086
73.16040
73.98518
74.82211
75.66315
76.49174
77.29334
78.07902
78.85050
79.55979
80.16801
80.67021
81.06535
81.30484
81.34450
81.21056
80.93311
80.54157
80.06179
79.51469
78.90604
78.25457
77.59131
76.93855
76.30978
75.69031
75.08197
74.47972
73.95261
73.52359
73.19385
72.95603
72.79705
72.70781
72.68548
72.76201
72.95311
73.23419
73.58443
74.00671
74.49923
75.05670
75.65293
76.28123
76.91398
77.53657
78.15526
78.77520
79.34481
79.83909
80.25339
80.59464
80.87860
81.10826
81.28116
81.34499
81.27312
81.09161
80.82384
80.48401
80.07220
79.58975
79.05873
78.48655
77.90128
77.31032
76.69795
76.06338
75.42117
74.77488
74.19207
73.70891
73.32804
73.04581
72.85460
72.74386
72.74094
72.85859
73.07056
73.36097
73.73106
74.17852
74.69742
75.27718
75.89039
76.53051
77.17276
77.80159
78.41884
79.03381
79.59507
80.07801
80.47606
80.80019
81.06653
81.27524
81.42563
81.46844
81.37809
81.17988
80.89969
80.54582
80.12068
79.62773
79.08831
78.51063
77.92082
77.32334
76.70703
76.07008
75.42396
74.77561
74.19154
73.70701
73.32541
73.04219
72.85273
72.74403
72.74283
72.86239
73.07735
73.36971
73.74151
74.19449
74.71815
75.30179
75.91942
76.56354
77.20958
77.84032
78.46095
79.07854
79.64178
80.12499
80.52633
80.85087
81.11384
81.31983
81.46586
81.50401
81.41098
81.21243
80.93122
80.57876
80.15181
79.65693
79.11596
78.53658
77.94646
77.35131
76.73386
76.09606
75.44419
74.79314
74.20659
73.71939
73.33626
73.05234
72.86076
72.75165
72.75040
72.87020
73.08598
73.37924
73.75088
74.19992
74.72051
75.30524
75.92316
76.56635
77.21165
77.84192
78.46049
79.07648
79.63952
80.12347
80.52502
80.84954
81.11294
81.31904
81.46412
81.50222
81.40887
81.20990
80.92871
80.57614
80.14954
79.65358
79.11324
78.53457
77.94406
77.34723
76.72931
76.09094
75.44484
74.79483
74.21281
73.72776
73.34523
73.06242
72.87095
72.75866
72.75424
72.87241
73.08611
73.37573
73.74450
74.19047
74.70939
75.29173
75.90727
76.55025
77.19018
77.81728
78.43613
79.05253
79.61460
80.09759
80.49824
80.82328
81.08624
81.29206
81.44018
81.48063
81.38806
81.18862
80.90568
80.55137
80.12652
79.63187
79.09112
78.51269
77.92268
77.33148
76.72132
76.09021
75.44752
74.79948
74.13981
73.53040
72.98311
72.47886
71.99923
71.56056
71.15938
70.78525
70.43703
70.11113
69.80469
69.51436
69.23845
68.97109
68.70929
68.44620
68.18083
67.91248
67.63704
67.35287
67.05868
66.75299
66.43780
66.11438
65.78163
65.44056
65.09306
64.74025
64.38060
64.01430
63.64533
63.27049
62.89208
62.51070
62.12772
61.74209
61.35467
60.96532
60.57603
60.18585
59.79475
59.40327
59.01152
58.61940
58.22698
57.83370
57.44070
57.04721
56.65397
56.24266
55.84874
55.44142
55.04746
54.65326
54.26001
53.86686
53.47359
53.08012
52.68647
52.29315
51.90010
51.50498
51.11222
50.71310
50.32010
49.92699
49.53376
49.14035
48.74704
48.35286
47.95964
47.56655
47.17309
46.78014
46.38740
45.99459
45.60141
45.20756
44.81237
44.41915
44.02521
43.63262
43.23992
42.84696
42.45423
42.06083
41.66824
41.27519
40.88268
40.49002
40.09733
39.70472
39.31210
38.91884
38.52642
38.13377
37.74111
37.34782
36.95496
36.56193
36.16933
35.77583
35.38458
34.99169
34.59902
34.20644
33.81377
33.42121
33.02859
32.63481
32.24333
31.85007
31.45735
31.06444
30.67160
30.28254
29.89696
29.51314
29.13203
28.85979
28.83074
29.06678
29.54169
30.00803
30.37519
30.85617
31.53157
32.34433
33.22648
34.10709
34.91806
35.60550
36.16648
36.62324
36.97371
37.22711
37.38655
37.45841
37.45255
37.37983
37.24582
37.05374
36.80839
36.51394
36.17133
35.78524
35.33960
34.82006
34.24453
33.62549
32.97900
32.31111
31.61969
30.91610
30.22297
29.55575
28.92409
28.32166
27.72695
27.13993
26.57066
26.02972
25.57095
25.22578
24.98754
24.84724
24.79566
24.82236
24.92249
25.11395
25.40460
25.76924
26.19566
26.68934
27.24317
27.85366
28.51406
29.21217
29.91784
30.62051
31.30273
31.95457
32.56589
33.15620
33.71770
34.20767
34.60488
34.91348
35.14803
35.31680
35.42122
35.46358
35.44388
35.36340
35.19153
34.90710
34.53733
34.09819
33.61192
33.07499
32.48718
31.85328
31.19943
30.53753
29.88861
29.26594
28.65873
28.06130
27.47499
26.90289
26.35080
25.87688
25.50891
25.24182
25.06936
24.97958
24.96351
25.01767
25.14051
25.35109
25.65990
26.04479
26.48281
26.98144
27.54031
28.15536
28.81664
29.49294
30.17443
30.84381
31.48195
32.09866
32.69841
33.28176
33.79692
34.22247
34.55820
34.80783
34.99546
35.12781
35.20268
35.21909
35.17647
35.03872
34.78418
34.43559
34.01542
33.54014
33.01478
32.44291
31.82517
31.18340
30.52995
29.88684
29.27093
28.66732
28.07429
27.49007
26.91947
26.36795
25.89488
25.52636
25.25989
25.08315
24.98755
24.96522
25.01351
25.13048
25.33503
25.64017
26.02130
26.46162
26.96388
27.52461
28.13717
28.80306
29.48417
30.17026
30.83982
31.48341
32.09970
32.69894
33.28109
33.79572
34.22136
34.56164
34.82411
35.02458
35.16437
35.24347
35.26198
35.22042
35.08593
34.83532
34.49489
34.08169
33.61361
33.09425
32.52305
31.90387
31.26020
30.60130
29.95710
29.33551
28.73174
28.13523
27.54511
26.96715
26.41224
25.86881
25.28562
24.61167
23.90254
23.21465
22.60086
22.10516
21.76029
21.57409
21.52582
21.58721
21.73561
21.96729
22.27967
22.66608
23.12224
23.64203
24.21307
24.83270
25.49384
26.18941
26.91392
27.66428
28.43628
29.22862
30.03656
30.85906
31.69387
32.48891
33.19958
33.76948
34.12109
34.23516
34.11167
33.76920
33.24268
32.61512
31.94486
31.23280
30.49818
29.76708
29.06095
28.39075
27.76433
27.17107
26.62490
26.15678
25.79241
25.52058
25.33690
25.22932
25.19187
25.22310
25.32153
25.50848
25.79825
26.16662
26.59250
27.08379
27.63700
28.24713
28.88794
29.55154
30.21637
30.86191
31.50430
32.12118
32.68302
33.16427
33.56175
33.87998
34.13814
34.33989
34.48203
34.51580
34.41706
34.21090
33.92208
33.56306
33.13081
32.63017
32.08520
31.50251
30.90803
30.31410
29.70234
29.07082
28.42664
27.77683
27.19258
26.70861
26.32743
26.04547
25.85584
25.74827
25.74820
25.86918
26.08583
26.37920
26.75150
27.20067
27.72152
28.30623
28.92416
29.56848
30.21258
30.84177
31.47634
32.09354
32.65630
33.14023
33.54113
33.86232
34.12278
34.32670
34.47107
34.50798
34.41257
34.20975
33.92446
33.56734
33.13608
32.63856
32.09465
31.51312
30.92036
30.32191
29.70684
29.07427
28.43042
27.78194
27.19800
26.71427
26.33307
26.05094
25.86123
25.75331
25.75322
25.87395
26.09005
26.38335
26.75571
27.20569
27.72716
28.31351
28.93099
29.57481
30.22020
30.84934
31.47006
32.08755
32.65132
33.13574
33.53640
33.85710
34.11750
34.32154
34.46606
34.50327
34.40922
34.20930
33.92729
33.57393
33.14705
32.65136
32.11025
31.53162
30.94117
30.34230
29.72707
29.08932
28.44342
27.79494
27.21051
26.72625
26.34444
26.06142
25.87009
25.75789
25.75360
25.87156
26.08623
26.37771
26.74768
27.19613
27.71299
28.29648
28.91307
29.55482
30.19812
30.82595
31.44546
32.06207
32.62382
33.10723
33.50796
33.83239
34.09554
34.30139
34.44771
34.48583
34.39290
34.19419
33.91301
33.56050
33.13350
32.63853
32.09801
31.51848
30.92886
30.33179
29.71428
29.07671
28.43113
27.78272
27.12332
26.54292
26.10105
25.79234
25.61093
25.54061
25.56176
25.66090
25.83206
26.07163
26.37221
26.72702
27.12996
27.56990
28.04310
28.54259
29.05931
29.58683
30.10597
30.61758
31.11478
31.59466
32.05113
32.48440
32.90065
33.30183
33.68961
34.06786
34.43651
34.79620
35.14947
35.49747
35.84111
36.18199
36.51939
36.85483
37.18861
37.52079
37.85213
38.17914
38.50234
38.82330
39.13975
39.45620
39.77066
40.08467
40.39771
40.71017
41.02202
41.33430
41.64400
42.00950
42.47871
43.03462
43.66358
44.38901
45.20599
46.07086
46.94113
47.79978
48.62190
49.37322
50.00591
50.50433
50.86718
51.10100
51.21530
51.22342
51.10639
50.85784
50.50779
50.08227
49.60345
49.07219
48.48961
47.85240
47.19633
46.53139
45.87801
45.24858
44.62301
44.00138
43.38764
42.83830
42.37910
42.00994
41.72667
41.51363
41.36589
41.32680
41.41777
41.61399
41.89222
42.24516
42.67289
43.16879
43.71143
44.29311
44.88720
45.48663
46.10666
46.74761
47.40289
48.06426
48.66353
49.16536
49.56355
49.86211
50.06747
50.18899
50.20102
50.08936
49.87966
49.59198
49.22625
48.78288
48.26698
47.68675
47.07240
46.43237
45.79119
45.16516
44.55167
43.93679
43.37667
42.89538
42.49630
42.17239
41.90988
41.70428
41.55743
41.51751
41.61114
41.81143
42.09516
42.44918
42.87773
43.37470
43.91367
44.49331
45.08451
45.68216
46.30005
46.93358
47.57843
48.22877
48.81012
49.29465
49.67626
49.95878
50.14875
50.25685
50.25721
50.13658
49.92171
49.62895
49.25738
48.80855
48.28450
47.69979
47.08154
46.43540
45.79226
45.16164
44.54054
43.92347
43.36016
42.87616
42.47474
42.14948
41.88687
41.68094
41.53524
41.49807
41.59551
41.79940
42.08511
42.45337
42.88478
43.38571
43.93259
44.51725
45.11227
45.70674
46.32009
46.95270
47.59685
48.27376
48.85746
49.33968
49.71798
49.99647
50.18214
50.28683
50.28300
50.15668
49.93493
49.63614
49.25915
48.80551
48.28026
47.69044
47.07193
46.42529
45.77922
45.14817
44.53113
43.91492
43.35254
42.86929
42.46946
42.14541
41.88276
41.67773
41.53261
41.49532
41.58951
41.78980
42.07079
42.42366
42.85045
43.34447
43.88544
44.46327
45.05465
45.65253
46.27023
46.90795
47.55897
48.20989
48.79682
49.28337
49.66709
49.95137
50.14256
50.25157
50.25181
50.13038
49.91372
49.61962
49.24658
48.79532
48.27613
47.69107
47.07294
46.42912
45.78344
45.15329
44.53184
43.91301
43.35028
42.86652
42.46517
42.14424
41.88337
41.67895
41.53442
41.49768
41.59191
41.79166
42.07383
42.42830
42.85603
43.35210
43.89393
44.47497
45.06330
45.66077
46.27822
46.91589
47.56210
48.21658
48.81088
49.29379
49.67316
49.95386
50.14274
50.25010
50.25014
50.12969
49.91377
49.62058
49.24894
48.79990
48.27573
47.69125
47.07262
46.42792
45.78185
45.15003
44.53113
43.91401
43.28309
42.65172
41.99754
41.36273
40.79755
40.32339
39.95093
39.67378
39.47251
39.33196
39.24730
39.21566
39.23331
39.29441
39.39138
39.51692
39.66302
39.82158
39.98509
40.14333
40.29172
40.42683
40.54400
40.64070
40.71272
40.75950
40.78302
40.78453
40.76653
40.73090
40.67956
40.61477
40.53910
40.45450
40.36264
40.26464
40.16172
40.05357
39.93977
39.82078
39.69770
39.57117
39.44195
39.31054
39.17724
39.04225
38.90693
38.77004
38.63240
38.49408
38.35528
38.21826
38.08416
37.95241
37.82287
37.69499
37.56826
37.44274
37.31774
37.19320
37.06941
36.94578
36.82328
36.70060
36.57798
36.45557
36.33327
36.21108
36.08897
35.96678
35.84549
35.72360
35.60171
35.47976
35.35783
35.23591
35.11398
34.99192
34.87000
34.74786
34.62606
34.50405
34.38206
34.25990
34.13784
34.01542
33.89377
33.77154
33.64925
33.52697
33.40473
33.28245
33.16022
33.03780
32.91558
32.79319
32.67079
32.54836
32.42601
32.30365
32.18132
32.05874
31.93640
31.81388
31.69140
31.56890
31.44638
31.31569
31.19312
31.07005
30.94797
30.82525
30.70262
30.58006
30.45753
30.33517
30.21259
30.08960
29.96769
29.84515
29.72264
29.60019
29.47775
29.35519
29.23281
29.10970
28.98724
28.86455
28.74203
28.61842
28.57977
28.70555
28.95069
29.27095
29.65280
30.08830
30.56585
31.07544
31.61255
32.12696
32.57352
32.88943
33.01463
32.96912
32.78291
32.48606
32.09732
31.60225
31.00773
30.35879
29.69614
29.04410
28.41982
27.83458
27.25206
26.67661
26.17152
25.76718
25.46211
25.25139
25.11926
25.06264
25.07376
25.15084
25.29342
25.49240
25.77434
26.16152
26.62723
27.15067
27.71426
28.31424
28.97019
29.64569
30.33065
30.99329
31.62571
32.21181
32.76398
33.28953
33.74261
34.10716
34.40057
34.63650
34.81579
34.93174
34.98418
34.93548
34.76850
34.50606
34.16626
33.75458
33.27561
32.73794
32.14298
31.51236
30.85166
30.18300
29.53032
28.89847
28.26074
27.62404
26.99816
26.44015
25.98320
25.62700
25.36734
25.19266
25.09108
25.06352
25.10650
25.21545
25.41031
25.70523
26.07680
26.50671
26.99804
27.54699
28.15292
28.80434
29.47595
30.15916
30.82661
31.46502
32.06419
32.63901
33.19711
33.73230
34.23721
34.66672
34.99948
35.24349
35.40802
35.50336
35.53164
35.49318
35.36034
35.11606
34.78481
34.38679
33.92667
33.40632
32.82941
32.19986
31.54920
30.88377
30.22842
29.59260
28.95655
28.31722
27.68321
27.05891
26.50552
26.05248
25.70045
25.44206
25.26968
25.16970
25.13738
25.17181
25.27190
25.46107
25.75326
26.12598
26.55896
27.05031
27.59790
28.20080
28.85021
29.52231
30.20245
30.86903
31.50601
32.10395
32.67839
33.23143
33.75959
34.25711
34.67704
35.00329
35.24197
35.40351
35.49680
35.52323
35.48412
35.35061
35.10615
34.77378
34.37361
33.91346
33.39418
32.81953
32.19126
31.54002
30.88126
30.22678
29.58659
28.94855
28.30872
27.67523
27.05125
26.49627
26.04455
25.69249
25.43434
25.26205
25.16190
25.12927
25.16325
25.26334
25.45072
25.74222
26.11428
26.54697
27.03778
27.58549
28.18756
28.83806
29.50616
30.18700
30.85318
31.49043
32.08844
32.66175
33.21471
33.74789
34.25126
34.67896
35.01110
35.25428
35.41830
35.51318
35.54101
35.50222
35.36919
35.12530
34.79391
34.39580
33.93610
33.41618
32.85207
32.22412
31.57763
30.91993
30.26970
29.63038
28.98707
28.34469
27.70570
27.07776
26.52144
26.06666
25.71217
25.45211
25.27848
25.17758
25.14439
25.17811
25.27753
25.46561
25.75710
26.12865
26.56113
27.04852
27.59552
28.19627
28.84506
29.51557
30.19546
30.86101
31.49636
32.09301
32.66711
33.22091
33.75310
34.25704
34.68433
35.01654
35.26080
35.42471
35.51929
35.54627
35.50684
35.37305
35.12819
34.79586
34.39696
33.93652
33.41586
32.83801
32.21099
31.56075
30.89860
30.24327
29.60201
28.96396
28.32350
27.68354
27.05730
26.43187
25.83458
25.83458
25.25020
24.67810
24.11903
23.57274
23.03831
22.51754
22.01058
21.52013
21.04705
20.59300
20.16032
19.74995
19.36157
19.00138
18.66586
18.35792
18.07824
17.82777
17.60719
17.41674
17.25785
17.13125
17.03504
16.96768
16.92847
16.91649
16.92936
16.96563
17.02363
17.11173
17.23484
17.38428
17.55127
17.72727
17.90352
18.08622
18.29534
18.53619
18.81128
19.11707
19.11707
19.40380
19.67551
19.93188
20.17338
20.40020
20.61151
20.80798
20.98924
21.15545
21.30651
21.44257
21.56342
21.66948
21.76019
21.83587
21.89655
21.94215
21.97268
21.98815
21.99588
21.99975
22.00168
22.00265
22.00313
22.00338
22.00350
22.00356
22.00359
22.00360
22.00361
22.00361
22.00362
22.00362
22.00362
22.00362
22.00362
22.00362
22.00362
22.00362
22.00362
22.00362
22.00362
22.00362
22.00362
22.00362
22.00362
22.00362
22.00362
22.00362
22.00362
22.00362
22.00362
22.00362
22.00362
22.00362
22.00362
22.00362
22.00362
22.00362
22.00362
22.00362
22.00362
22.00362
22.00362
22.00362
22.00362
22.00362
22.00362
22.00362
22.00362
22.00362
22.00362
22.00362
22.00362
22.00362
22.00362
22.00362
22.00362
22.00362
22.00362
22.00362
22.00362
22.00362
22.00362
22.00362
22.00362
22.00362
22.00362
22.00362
22.00362
22.00362
22.00362
22.00362
22.00362
22.00362
22.00362
22.00362
22.00362
22.00362
22.00362
22.00362
22.00362
22.00362
22.00362
22.00362
22.00362
22.00362
22.00362
22.00362
22.00362
22.00362
22.00362
22.00362
22.00362
22.00362
22.00362
22.00362
22.00362
22.00362
22.00362
22.00362
22.00362
22.00362
22.00362
22.00362
22.00362
22.00362
22.00362
22.00362
22.00362
22.00362
22.00362
22.00362
22.00362
22.00362
22.00362
22.00362
22.00362
22.00362
22.00362
22.00362
22.00362
22.00362
22.00362
22.00362
22.00362
22.00362
22.00362
22.00362
22.00362
22.00362
22.00362
22.00362
22.00362
22.00362
22.00362
22.00362
22.00362
22.00362
22.00362
22.00362
22.00362
22.00362
22.00362
22.00362
22.00362
22.00362
22.00362
22.00362
22.00362
22.00362
22.00362
22.00362
22.00362
22.00362
22.00362
22.00362
22.00362
22.00362
22.00362
22.00362
22.00362
22.00362
22.00362
22.00362
22.00362
22.00362
22.00362
22.00362
22.00362
22.00362
22.00362
22.00362
22.00362
22.00362
22.00362
22.00362
22.00362
22.00362
22.00362
22.00362
22.00362
22.00362
22.00362
22.00362
22.00362
22.00362
22.00362
22.00362
22.00362
22.00362
22.00362
22.00362
22.00362
22.00362
22.00362
22.00362
22.00362
22.00362
22.00362
22.00362
22.00362
22.00362
22.00362
22.00362
22.00362
22.00362
22.00362
22.00362
22.00362
22.00362
22.00362
22.00362
22.00362
22.00362
22.00362
22.00362
22.00362
22.00362
22.00362
22.00362
22.00362
22.00362
22.00362
22.00362
22.00362
22.00362
22.00362
22.00362
22.00362
22.00362
22.00362
22.00362
22.00362
22.00362
22.00362
22.00362
22.00362
22.00362
22.00362
22.00362
22.00362
22.00362
22.00362
22.00362
22.00362
22.00362
22.00362
22.00362
22.00362
22.00362
22.00362
22.00362
22.00362
22.00362
22.00362
22.00362
22.00362
22.00362
22.00362
22.00362
22.00362
22.00362
22.00362
22.00362
22.00362
22.00362
22.00362
22.00362
22.00362
22.00362
22.00362
22.00362
22.00362
22.00362
22.00362
22.00362
22.00362
22.00362
22.00362
22.00362
22.00362
22.00362
22.00362
22.00362
22.00362
22.00362
22.00362
22.00362
22.00362
22.00362
22.00362
22.00362
22.00362
22.00362
22.00362
22.00362
22.00362
22.00362
22.00362
22.00362
22.00362
22.00362
22.00362
22.00362
22.00362
22.00362
22.00362
22.00362
22.00362
22.00362
22.00362
22.00362
22.00362
22.00362
22.00362
22.00362
22.00362
22.00362
22.00362
22.00362
22.00362
22.00362
22.00362
22.00362
22.00362
22.00362
22.00362
22.00362
22.00362
22.00362
22.00362
22.00362
22.00362
22.00362
22.00362
22.00362
22.00362
22.00362
22.00362
22.00362
22.00362
22.00362
22.00362
22.00362
22.00362
22.00362
22.00362
22.00362
22.00362
22.00362
22.00362
22.00362
22.00362
22.00362
22.00362
22.00362
22.00362
22.00362
22.00362
22.00362
22.00362
22.00362
22.00362
22.00362
22.00362
22.00362
22.00362
22.00362
22.00362
22.00362
22.00362
22.00362
22.00362
22.00362
22.00362
22.00362
22.00362
22.00362
22.00362
22.00362
22.00362
22.00362
22.00362
22.00362
22.00362
22.00362
22.00362
22.00362
22.00362
22.00362
22.00362
22.00362
22.00362
22.00362
22.00362
22.00362
22.00362
22.00362
22.00362
22.00362
22.00362
22.00362
22.00362
22.00362
22.00362
22.00362
22.00362
22.00362
22.00362
22.00362
22.00362
22.00362
22.00362
22.00362
22.00362
22.00362
22.00362
22.00362
22.00362
22.00362
22.00362
22.00362
22.00362
22.00362
22.00362
22.00362
22.00362
22.00362
22.00362
22.00362
22.00362
22.00362
22.00362
22.00362
22.00362
22.00362
22.00362
22.00362
22.00362
22.00362
22.00362
22.00362
22.00362
22.00362
22.00362
22.00362
22.00362
22.00362
22.00362
22.00362
22.00362
22.00362
22.00362
22.00362
22.00362
22.00362
22.00362
22.00362
22.00362
22.00362
22.00362
22.00362
22.00362
22.00362
22.00362
22.00362
22.00362
22.00362
22.00362
22.00362
22.00362
22.00362
22.00362
22.00362
22.00362
22.00362
22.00362
22.00362
22.00362
22.00362
22.00362
22.00362
22.00362
22.00362
22.00362
22.00362
22.00362
22.00362
22.00362
22.00362
22.00362
22.00362
22.00362
22.00362
22.00362
22.00362
22.00362
22.00362
22.00362
22.00362
22.00362
22.00362
22.00362
22.00362
22.00362
22.00362
22.00362
22.00362
22.00362
22.00362
22.00362
22.00362
22.00362
22.00362
22.00362
22.00362
22.00362
22.00362
22.00362
22.00362
22.00362
22.00362
22.00362
22.00362
22.00362
22.00362
22.00362
22.00362
22.00362
22.00362
22.00362
22.00362
22.00362
22.00362
22.00362
22.00362
22.00362
22.00362
22.00362
22.00362
22.00362
22.00362
22.00362
22.00362
22.00362
22.00362
22.00362
22.00362
22.00362
22.00362
22.00362
22.00362
22.00362
22.00362
22.00362
22.00362
22.00362
22.00362
22.00362
22.00362
22.00362
22.00362
22.00362
22.00362
22.00362
22.00362
22.00362
22.00362
22.00362
22.00362
22.00362
22.00362
22.00362
22.00362
22.00362
22.00362
22.00362
22.00362
22.00362
22.00362
22.00362
22.00362
22.00362
22.00362
22.00362
22.00362
22.00362
22.00362
22.00362
22.00362
22.00362
22.00362
22.00362
22.00362
22.00362
22.00362
22.00362
22.00362
22.00362
22.00362
22.00362
22.00362
22.00362
22.00362
22.00362
22.00362
22.00362
22.00362
22.00362
22.00362
22.00362
22.00362
22.00362
22.00362
22.00362
22.00362
22.00362
22.00362
22.00362
22.00362
22.00362
22.00362
22.00362
22.00362
22.00362
22.00362
22.00362
22.00362
22.00362
22.00362
22.00362
22.00362
22.00362
22.00362
22.00362
22.00362
22.00362
22.00362
22.00362
22.00362
22.00362
22.00362
22.00362
22.00362
22.00362
22.00362
22.00362
22.00362
22.00362
22.00362
22.00362
22.00362
22.00362
22.00362
22.00362
22.00362
22.00362
22.00362
22.00362
22.00362
22.00362
22.00362
22.00362
22.00362
22.00362
22.00362
22.00362
22.00362
22.00362
22.00362
22.00362
22.00362
22.00362
22.00362
22.00362
22.00362
22.00362
22.00362
22.00362
22.00362
22.00362
22.00362
22.00362
22.00362
22.00362
22.00362
22.00362
22.00362
22.00362
22.00362
22.00362
22.00362
22.00362
22.00362
22.00362
22.00362
22.00362
22.00362
22.00362
22.00362
22.00362
22.00362
22.00362
22.00362
22.00362
22.00362
22.00362
22.00362
22.00362
22.00362
22.00362
22.00362
22.00362
22.00362
22.00362
22.00362
22.00362
22.00362
22.00362
22.00362
22.00362
22.00362
22.00362
22.00362
22.00362
22.00362
22.00362
22.00362
22.00362
22.00362
22.00362
22.00362
22.00362
22.00362
22.00362
22.00362
22.00362
22.00362
22.00362
22.00362
22.00362
22.00362
22.00362
22.00362
22.00362
22.00362
22.00362
22.00362
22.00362
22.00362
22.00362
22.00362
22.00362
22.00362
22.00362
22.00362
22.00362
22.00362
22.00362
22.00362
22.00362
22.00362
22.00362
22.00362
22.00362
22.00362
22.00362
22.00362
22.00362
22.00362
22.00362
22.00362
22.00362
22.00362
22.00362
22.00362
22.00362
22.00362
22.00362
22.00362
22.00362
22.00362
22.00362
22.00362
22.00362
22.00362
22.00362
22.00362
22.00362
22.00362
22.00362
22.00362
22.00362
22.00362
22.00362
22.00362
22.00362
22.00362
22.00362
22.00362
22.00362
22.00362
22.00362
22.00362
22.00362
22.00362
22.00362
22.00362
22.00362
22.00362
22.00362
22.00362
22.00362
22.00362
22.00362
22.00362
22.00362
22.00362
22.00362
22.00362
22.00362
22.00362
22.00362
22.00362
22.00362
22.00362
22.00362
22.00362
22.00362
22.00362
22.00362
22.00362
22.00362
22.00362
22.00362
22.00362
22.00362
22.00362
22.00362
22.00362
22.00362
22.00362
22.00362
22.00362
22.00362
22.00362
22.00362
22.00362
22.00362
22.00362
22.00362
22.00362
22.00362
22.00362
22.00362
22.00362
22.00362
22.00362
22.00362
22.00362
22.00362
22.00362
22.00362
22.00362
22.00362
22.00362
22.00362
22.00362
22.00362
22.00362
22.00362
22.00362
22.00362
0.00000
0.00000
0.00000
0.00000
0.00000
0.00000
0.00000
0.00000
0.00000
0.00000
0.00000
0.00000
0.00000
0.00000
0.00000
0.00000
0.00000
0.00000
0.00000
0.00000
0.00000
0.00000
0.00000
0.00000
0.00000
0.00000
0.00000
0.00000
0.00000
0.00000
0.00000
0.00000
0.00000
0.00000
0.00000
0.00000
0.00000
0.00000
0.00000
0.00000
0.00000
0.00000
0.00000
0.00000
0.00000
0.00000
0.00000
0.00000
0.00000
0.00000
0.00000
0.00000
0.00000
0.00000
0.00000
0.00000
0.00000
0.00000
0.00000
0.00000
0.00000
0.00000
0.00000
0.00000
0.00000
0.00000
0.00000
0.00000
0.00000
0.00000
0.00000
0.00000
0.00000
0.00000
0.00000
0.00000
0.00000
0.00000
0.00000
0.00000
0.00000
0.00000
0.00000
0.00000
0.00000
0.00000
0.00000
0.00000
0.00000
0.00000
0.00000
0.00000
0.00000
0.00000
0.00000
0.00000
0.00000
0.00000
0.00000
0.00000
0.00000
0.00000
0.00000
0.00000
0.00000
0.00000
0.00000
0.00000
0.00000
0.00000
0.00000
0.00000
0.00000
0.00000
0.00000
0.00000
0.00000
0.00000
0.00000
0.00000
0.00000
0.00000
0.00000
0.00000
0.00000
0.00000
0.00000
0.00000
0.00000
0.00000
0.00000
0.00000
0.00000
0.00000
0.00000
0.00000
0.00000
0.00000
0.00000
0.00000
0.00000
0.00000
0.00000
0.00000
0.00000
0.00000
0.00000
0.00000
0.00000
0.00000
0.00000
0.00000
0.00000
0.00000
0.00000
0.00000
0.00000
0.00000
0.00000
0.00000
0.00000
0.00000
0.00000
0.00000
0.00000
0.00000
0.00000
0.00000
0.00000
0.00000
0.00000
0.00000
0.00000
0.00000
0.00000
0.00000
0.00000
0.00000
0.00000
0.00000
0.00000
0.00000
0.00000
0.00000
0.00000
0.00000
0.00000
0.00000
0.00000
0.00000
0.00000
0.00000
0.00000
0.00000
0.00000
0.00000
0.00000
0.00000
0.00000
0.00000
0.00000
0.00000
0.00000
0.00000
0.00000
0.00000
0.00000
0.00000
0.00000
0.00000
0.00000
0.00000
0.00000
0.00000
0.00000
0.00000
0.00000
0.00000
0.00000
0.00000
0.00000
0.00000
0.00000
0.00000
0.00000
0.00000
0.00000
0.00000
0.00000
0.00000
0.00000
0.00000
0.00000
0.00000
0.00000
0.00000
0.00000
0.00000
0.00000
0.00000
0.00000
0.00000
0.00000
0.00000
0.00000
0.00000
0.00000
0.00000
0.00000
0.00000
0.00000
0.00000
0.00000
0.00000
0.00000
0.00000
0.00000
0.00000
0.00000
0.00000
0.00000
0.00000
0.00000
0.00000
0.00000
0.00000
0.00000
0.00000
0.00000
0.00000
0.00000
0.00000
0.00000
0.00000
0.00000
0.00000
0.00000
0.00000
0.00000
0.00000
0.00000
0.00000
0.00000
0.00000
0.00000
0.00000
0.00000
0.00000
0.00000
0.00000
0.00000
0.00000
0.00000
0.00000
0.00000
0.00000
0.00000
0.00000
0.00000
0.00000
0.00000
0.00000
0.00000
0.00000
0.00000
0.00000
0.00000
0.00000
0.00000
0.00000
0.00000
0.00000
0.00000
0.00000
0.00000
0.00000
0.00000
0.00000
0.00000
0.00000
0.00000
0.00000
0.00000
0.00000
0.00000
0.00000
0.00000
0.00000
0.00000
0.00000
0.00000
0.00000
0.00000
0.00000
0.00000
0.00000
0.00000
0.00000
0.00000
0.00000
0.00000
0.00000
0.00000
0.00000
0.00000
0.00000
0.00000
0.00000
0.00000
0.00000
0.00000
0.00000
0.00000
0.00000
0.00000
0.00000
0.00000
0.00000
0.00000
0.00000
0.00000
0.00000
0.00000
0.00000
0.00000
0.00000
0.00000
0.00000
0.00000
0.00000
0.00000
0.00000
0.00000
0.00000
0.00000
0.00000
0.00000
0.00000
0.00000
0.00000
0.00000
0.00000
0.00000
0.00000
0.00000
0.00000
0.00000
0.00000
0.00000
0.00000
0.00000
0.00000
0.00000
0.00000
0.00000
0.00000
0.00000
0.00000
0.00000
0.00000
0.00000
0.00000
0.00000
0.00000
0.00000
0.00000
0.00000
0.00000
0.00000
0.00000
0.00000
0.00000
0.00000
0.00000
0.00000
0.00000
0.00000
0.00000
0.00000
0.00000
0.00000
0.00000
0.00000
0.00000
0.00000
0.00000
0.00000
0.00000
0.00000
0.00000
0.00000
0.00000
0.00000
0.00000
0.00000
0.00000
0.00000
0.00000
0.00000
0.00000
0.00000
0.00000
0.00000
0.00000
0.00000
0.00000
0.00000
0.00000
0.00000
0.00000
0.00000
0.00000
0.00000
0.00000
0.00000
0.00000
0.00000
0.00000
0.00000
0.00000
0.00000
0.00000
0.00000
0.00000
0.00000
0.00000
0.00000
0.00000
0.00000
0.00000
0.00000
0.00000
0.00000
0.00000
0.00000
0.00000
0.00000
0.00000
0.00000
0.00000
0.00000
0.00000
0.00000
0.00000
0.00000
0.00000
0.00000
0.00000
0.00000
0.00000
0.00000
0.00000
0.00000
0.00000
0.00000
0.00000
0.00000
0.00000
0.00000
0.00000
0.00000
0.00000
0.00000
0.00000
0.00000
0.00000
0.00000
0.00000
0.00000
0.00000
0.00000
0.00000
0.00000
0.00000
0.00000
0.00000
0.00000
0.00000
0.00000
0.00000
0.00000
0.00000
0.00000
0.00000
0.00000
0.00000
0.00000
0.00000
0.00000
0.00000
0.00000
0.00000
0.00000
0.00000
0.00000
0.00000
0.00000
0.00000
0.00000
0.00000
0.00000
0.00000
0.00000
0.00000
0.00000
0.00000
0.00000
0.00000
0.00000
0.00000
0.00000
0.00000
0.00000
0.00000
0.00000
0.00000
0.00000
0.00000
0.00000
0.00000
0.00000
0.00000
0.00000
0.00000
0.00000
0.00000
0.00000
0.00000
0.00000
0.00000
0.00000
0.00000
0.00000
0.00000
0.00000
0.00000
0.00000
0.00000
0.00000
0.00000
0.00000
0.00000
0.00000
0.00000
0.00000
0.00000
0.00000
0.00000
0.00000
0.00000
0.00000
0.00000
0.00000
0.00000
0.00000
0.00000
0.00000
0.00000
0.00000
0.00000
0.00000
0.00000
0.00000
0.00000
0.00000
0.00000
0.00000
0.00000
0.00000
0.00000
0.00000
0.00000
0.00000
0.00000
0.00000
0.00000
0.00000
0.00000
0.00000
0.00000
0.00000
0.00000
0.00000
0.00000
0.00000
0.00000
0.00000
0.00000
0.00000
0.00000
0.00000
0.00000
0.00000
0.00000
0.00000
0.00000
0.00000
0.00000
0.00000
0.00000
0.00000
0.00000
0.00000
0.00000
0.00000
0.00000
0.00000
0.00000
0.00000
0.00000
0.00000
0.00000
0.00000
0.00000
0.00000
0.00000
0.00000
0.00000
0.00000
0.00000
0.00000
0.00000
0.00000
0.00000
0.00000
0.00000
0.00000
0.00000
0.00000
0.00000
0.00000
0.00000
0.00000
0.00000
0.00000
0.00000
0.00000
0.00000
0.00000
0.00000
0.00000
0.00000
0.00000
0.00000
0.00000
0.00000
0.00000
0.00000
0.00000
0.00000
0.00000
0.00000
0.00000
0.00000
0.00000
0.00000
0.00000
0.00000
0.00000
0.00000
0.00000
0.00000
0.00000
0.00000
0.00000
0.00000
0.00000
0.00000
0.00000
0.00000
0.00000
0.00000
0.00000
0.00000
0.00000
0.00000
0.00000
0.00000
0.00000
0.00000
0.00000
0.00000
0.00000
0.00000
0.00000
0.00000
0.00000
0.00000
0.00000
0.00000
0.00000
0.00000
0.00000
0.00000
0.00000
0.00000
0.00000
0.00000
0.00000
0.00000
0.00000
0.00000
0.00000
0.00000
0.00000
0.00000
0.00000
0.00000
0.00000
0.00000
0.00000
0.00000
0.00000
0.00000
0.00000
0.00000
0.00000
0.00000
0.00000
0.00000
0.00000
0.00000
0.00000
0.00000
0.00000
0.00000
0.00000
0.00000
0.00000
0.00000
0.00000
0.00000
0.00000
0.00000
0.00000
0.00000
0.00000
0.00000
0.00000
0.00000
0.00000
0.00000
0.00000
0.00000
0.00000
0.00000
0.00000
0.00000
0.00000
0.00000
0.00000
0.00000
0.00000
0.00000
0.00000
0.00000
0.00000
0.00000
0.00000
0.00000
0.00000
0.00000
0.00000
0.00000
0.00000
0.00000
0.00000
0.00000
0.00000
0.00000
0.00000
0.00000
0.00000
0.00000
0.00000
0.00000
0.00000
0.00000
0.00000
0.00000
0.00000
0.00000
0.00000
0.00000
0.00000
0.00000
0.00000
0.00000
0.00000
0.00000
0.00000
0.00000
0.00000
0.00000
0.00000
0.00000
0.00000
0.00000
0.00000
0.00000
0.00000
0.00000
0.00000
0.00000
0.00000
0.00000
0.00000
0.00000
0.00000
0.00000
0.00000
0.00000
0.00000
0.00000
0.00000
0.00000
0.00000
0.00000
0.00000
0.00000
0.00000
0.00000
0.00000
0.00000
0.00000
0.00000
0.00000
0.00000
0.00000
0.00000
0.00000
0.00000
0.00000
0.00000
0.00000
0.00000
0.00000
0.00000
0.00000
0.00000
0.00000
0.00000
0.00000
0.00000
0.00000
0.00000
0.00000
0.00000
0.00000
0.00000
0.00000
0.00000
0.00000
0.00000
0.00000
0.00000
0.00000
0.00000
0.00000
0.00000
0.00000
0.00000
0.00000
0.00000
0.00000
0.00000
0.00000
0.00000
0.00000
0.00000
0.00000
0.00000
0.00000
0.00000
0.00000
0.00000
0.00000
0.00000
0.00000
0.00000
0.00000
0.00000
0.00000
0.00000
0.00000
0.00000
0.00000
0.00000
0.00000
0.00000
0.00000
0.00000
0.00000
0.00000
0.00000
0.00000
0.00000
0.00000
0.00000
0.00000
0.00000
0.00000
0.00000
0.00000
0.00000
0.00000
0.00000
0.00000
0.00000
0.00000
0.00000
0.00000
0.00000
0.00000
0.00000
0.00000
0.00000
0.00000
0.00000
0.00000
0.00000
0.00000
0.00000
0.00000
0.00000
0.00000
0.00000
0.00000
0.00000
0.00000
0.00000
0.00000
0.00000
0.00000
0.00000
0.00000
0.00000
0.00000
0.00000
0.00000
0.00000
0.00000
0.00000
0.00000
0.00000
0.00000
0.00000
0.00000
0.00000
0.00000
0.00000
0.00000
0.00000
0.00000
0.00000
0.00000
0.00000
0.00000
0.00000
0.00000
0.00000
0.00000
0.00000
0.00000
0.00000
0.00000
0.00000
0.00000
0.00000
0.00000
0.00000
0.00000
0.00000
0.00000
0.00000
0.00000
0.00000
0.00000
0.00000
0.00000
0.00000
0.00000
0.00000
0.00000
0.00000
0.00000
0.00000
0.00000
0.00000
0.00000
0.00000
0.00000
0.00000
0.00000
0.00000
0.00000
0.00000
0.00000
0.00000
0.00000
0.00000
0.00000
0.00000
0.00000
0.00000
0.00000
0.00000
0.00000
0.00000
0.00000
0.00000
0.00000
0.00000
0.00000
0.00000
0.00000
0.00000
0.00000
0.00000
0.00000
0.00000
0.00000
0.00000
0.00000
0.00000
0.00000
0.00000
0.00000
0.00000
0.00000
0.00000
0.00000
0.00000
0.00000
0.00000
0.00000
0.00000
0.00000
0.00000
0.00000
0.00000
0.00000
0.00000
0.00000
0.00000
0.00000
0.00000
0.00000
0.00000
0.00000
0.00000
0.00000
0.00000
0.00000
0.00000
0.00000
0.00000
0.00000
0.00000
0.00000
0.00000
0.00000
0.00000
0.00000
0.00000
0.00000
0.00000
0.00000
0.00000
0.00000
0.00000
0.00000
0.00000
0.00000
0.00000
0.00000
0.00000
0.00000
0.00000
0.00000
0.00000
0.00000
0.00000
0.00000
0.00000
0.00000
0.00000
0.00000
0.00000
0.00000
0.00000
0.00000
0.00000
0.00000
0.00000
0.00000
0.00000
0.00000
0.00000
0.00000
0.00000
0.00000
0.00000
0.00000
0.00000
0.00000
0.00000
0.00000
0.00000
0.00000
0.00000
0.00000
0.00000
0.00000
0.00000
0.00000
0.00000
0.00000
0.00000
0.00000
0.00000
0.00000
0.00000
0.00000
0.00000
0.00000
0.00000
0.00000
0.00000
0.00000
0.00000
0.00000
0.00000
0.00000
0.00000
0.00000
0.00000
0.00000
0.00000
0.00000
0.00000
0.00000
0.00000
0.00000
0.00000
0.00000
0.00000
0.00000
0.00000
0.00000
0.00000
0.00000
0.00000
0.00000
0.00000
0.00000
0.00000
0.00000
0.00000
0.00000
0.00000
0.00000
0.00000
0.00000
0.00000
0.00000
0.00000
0.00000
0.00000
0.00000
0.00000
0.00000
0.00000
0.00000
0.00000
0.00000
0.00000
0.00000
0.00000
0.00000
0.00000
0.00000
0.00000
0.00000
0.00000
0.00000
0.00000
0.00000
0.00000
0.00000
0.00000
0.00000
0.00000
0.00000
0.00000
0.00000
0.00000
0.00000
0.00000
0.00000
0.00000
0.00000
0.00000
0.00000
0.00000
0.00000
0.00000
0.00000
0.00000
0.00000
0.00000
0.00000
0.00000
0.00000
0.00000
0.00000
0.00000
0.00000
0.00000
0.00000
0.00000
0.00000
0.00000
0.00000
0.00000
0.00000
0.00000
0.00000
0.00000
0.00000
0.00000
0.00000
0.00000
0.00000
0.00000
0.00000
0.00000
0.00000
0.00000
0.00000
0.00000
0.00000
0.00000
0.00000
0.00000
0.00000
0.00000
0.00000
0.00000
0.00000
0.00000
0.00000
0.00000
0.00000
0.00000
0.00000
0.00000
0.00000
0.00000
0.00000
0.00000
0.00000
0.00000
0.00000
0.00000
0.00000
0.00000
0.00000
0.00000
0.00000
0.00000
0.00000
0.00000
0.00000
0.00000
0.00000
0.00000
0.00000
0.00000
0.00000
0.00000
0.00000
0.00000
0.00000
0.00000
0.00000
0.00000
0.00000
0.00000
0.00000
0.00000
0.00000
0.00000
0.00000
0.00000
0.00000
0.00000
0.00000
0.00000
0.00000
0.00000
0.00000
0.00000
0.00000
0.00000
0.00000
0.00000
0.00000
0.00000
0.00000
0.00000
0.00000
0.00000
0.00000
0.00000
0.00000
0.00000
0.00000
0.00000
0.00000
0.00000
0.00000
0.00000
0.00000
0.00000
0.00000
0.00000
0.00000
0.00000
0.00000
0.00000
0.00000
0.00000
0.00000
0.00000
0.00000
0.00000
0.00000
0.00000
0.00000
0.00000
0.00000
0.00000
0.00000
0.00000
0.00000
0.00000
0.00000
0.00000
0.00000
0.00000
0.00000
0.00000
0.00000
0.00000
0.00000
0.00000
0.00000
0.00000
0.00000
0.00000
0.00000
0.00000
0.00000
0.00000
0.00000
0.00000
0.00000
0.00000
0.00000
0.00000
0.00000
0.00000
0.00000
0.00000
0.00000
0.00000
0.00000
0.00000
0.00000
0.00000
0.00000
0.00000
0.00000
0.00000
0.00000
0.00000
0.00000
0.00000
0.00000
0.00000
0.00000
0.00000
0.00000
0.00000
0.00000
0.00000
0.00000
0.00000
0.00000
0.00000
0.00000
0.00000
0.00000
0.00000
0.00000
0.00000
0.00000
0.00000
0.00000
0.00000
0.00000
0.00000
0.00000
0.00000
0.00000
0.00000
0.00000
0.00000
0.00000
0.00000
0.00000
0.00000
0.00000
0.00000
0.00000
0.00000
0.00000
0.00000
0.00000
0.00000
0.00000
0.00000
0.00000
0.00000
0.00000
0.00000
0.00000
0.00000
0.00000
0.00000
0.00000
0.00000
0.00000
0.00000
0.00000
0.00000
0.00000
0.00000
0.00000
0.00000
0.00000
0.00000
0.00000
0.00000
0.00000
0.00000
0.00000
0.00000
0.00000
0.00000
0.00000
0.00000
0.00000
0.00000
0.00000
0.00000
0.00000
0.00000
0.00000
0.00000
0.00000
0.00000
0.00000
0.00000
0.00000
0.00000
0.00000
0.00000
0.00000
0.00000
0.00000
0.00000
0.00000
0.00000
0.00000
0.00000
0.00000
0.00000
0.00000
0.00000
0.00000
0.00000
0.00000
0.00000
0.00000
0.00000
0.00000
0.00000
0.00000
0.00000
0.00000
0.00000
0.00000
0.00000
0.00000
0.00000
0.00000
0.00000
0.00000
0.00000
0.00000
0.00000
0.00000
0.00000
0.00000
0.00000
0.00000
0.00000
0.00000
0.00000
0.00000
0.00000
0.00000
0.00000
0.00000
0.00000
0.00000
0.00000
0.00000
0.00000
0.00000
0.00000
0.00000
0.00000
0.00000
0.00000
0.00000
0.00000
0.00000
0.00000
0.00000
0.00000
0.00000
0.00000
0.00000
0.00000
0.00000
0.00000
0.00000
0.00000
0.00000
0.00000
0.00000
0.00000
0.00000
0.00000
0.00000
0.00000
0.00000
0.00000
0.00000
0.00000
0.00000
0.00000
0.00000
0.00000
0.00000
0.00000
0.00000
0.01056
0.05685
0.14203
0.28235
0.52615
0.88514
1.33706
1.85647
2.43219
3.04195
3.67471
4.32603
4.98513
5.64950
6.31807
6.99163
7.66887
8.35282
9.04363
9.74395
10.45182
11.16250
11.87530
12.58342
13.29640
14.01718
14.74846
15.48866
16.24348
17.00503
17.77782
18.55328
19.33870
20.12668
20.91955
21.71673
22.51945
23.32566
24.13681
24.94860
25.76298
26.57975
27.39722
28.21629
29.03645
29.85709
30.68032
31.49808
32.31858
33.14219
33.96610
34.78942
35.61229
36.43545
37.26013
38.08385
38.90791
39.73169
40.55506
41.37844
42.20255
43.02599
43.85126
44.67432
45.49809
46.32232
47.14559
47.97314
48.81676
49.66950
50.52688
51.38701
52.26431
53.15338
53.15338
54.03217
54.88331
55.69459
56.45889
57.14475
57.70916
58.14810
58.46397
58.66534
58.76273
58.76564
58.65065
58.40637
58.06329
57.64613
57.17602
56.64901
56.06417
55.43034
54.77715
54.11501
53.47001
52.84850
52.23750
51.63520
51.09442
50.63876
50.26671
49.96445
49.96445
49.72203
49.53498
49.40524
49.33381
49.36275
49.51676
49.77160
50.10628
50.50174
50.96324
51.48724
52.05917
52.67249
53.29588
53.90915
54.51474
55.12165
55.73507
56.34597
56.88849
57.33176
57.67760
57.93193
58.10483
58.20781
58.24367
58.17940
57.99725
57.72428
57.38238
56.96810
56.48228
55.93195
55.34167
54.71954
54.09170
53.47485
52.86009
52.23764
51.64433
51.15372
50.74109
50.40179
50.11414
49.88411
49.70582
49.58242
49.56350
49.67670
49.89694
50.20188
50.57140
51.00686
51.50934
52.06317
52.66189
53.27182
53.87332
54.46947
55.07294
55.68252
56.29158
56.83268
57.27659
57.62258
57.87727
58.05369
58.16179
58.20295
58.14287
57.96555
57.69650
57.35748
56.94537
56.46535
55.91967
55.33439
54.71710
54.09275
53.47777
52.86574
52.24491
51.67464
51.17977
50.76486
50.42359
50.13454
49.89580
49.71175
49.58237
49.55818
49.66642
49.88183
50.18209
50.54783
50.98332
51.48221
52.03441
52.63174
53.24086
53.84150
54.43558
55.03635
55.64507
56.24974
56.78936
57.23203
57.57777
57.83349
58.01195
58.12222
58.16676
58.11141
57.93830
57.67198
57.33492
56.92563
56.44851
55.90575
55.32166
54.70867
54.08549
53.47353
52.86115
52.23991
51.66931
51.17439
50.75883
50.41797
50.13240
49.89678
49.71384
49.58615
49.56334
49.67302
49.89049
50.19182
50.55851
50.99385
51.49369
52.04635
52.64377
53.25393
53.85720
54.44913
55.05057
55.65831
56.26601
56.80587
57.24810
57.59379
57.84959
58.02783
58.13803
58.18098
58.12265
57.94712
57.68022
57.34255
56.93151
56.45267
55.90731
55.32253
54.70505
54.08128
53.46799
52.85628
52.23444
51.66649
51.17134
50.75615
50.41427
50.12820
49.89237
49.70918
49.58114
49.55822
49.66773
49.88430
50.18535
50.55183
50.98740
51.48761
52.04120
52.63557
53.24468
53.84616
54.44085
55.04228
55.64973
56.25752
56.79834
57.24009
57.58573
57.84119
58.01956
58.12964
58.17395
58.11698
57.94096
57.67303
57.33454
56.92654
56.44753
55.90209
55.31715
54.69953
54.07396
53.46074
52.84738
52.22605
51.58327
50.93483
50.27640
50.27640
49.65980
49.13152
48.71970
48.42468
48.23664
48.13705
48.11012
48.15231
48.26075
48.43069
48.65529
48.92654
49.23491
49.57318
49.93080
50.30089
50.66809
51.02410
51.36193
51.68287
51.98407
52.26001
52.50860
52.73234
52.93373
53.11708
53.28234
53.43331
53.57206
53.70099
53.82201
53.93644
54.04562
54.15077
54.24973
54.34329
54.43200
54.51688
54.59873
54.67811
54.75551
54.83161
54.90591
54.97950
55.05221
55.12427
55.19576
55.26671
55.33729
55.40772
55.47911
55.55346
55.63035
55.70949
55.79035
55.87268
55.95617
56.04095
56.12600
56.21200
56.29851
56.38547
56.47283
56.56032
56.64801
56.73606
56.82409
56.91240
57.00066
57.08897
57.17728
57.26558
57.35390
57.44239
57.53042
57.61873
57.70699
57.79539
57.88367
57.97182
58.06007
58.14847
58.23651
58.32452
58.41260
58.50060
58.58642
58.66893
58.82174
59.10931
59.51318
59.98573
60.48607
61.00957
61.55868
62.13192
62.72904
63.29278
63.77142
64.17287
64.43315
64.49448
64.38086
64.11926
63.73479
63.22211
62.60199
61.92358
61.22499
60.53145
59.86188
59.22764
58.62237
58.03758
57.52708
57.11816
56.80777
56.58725
56.43956
56.35925
56.34497
56.39617
56.51070
56.71336
57.02053
57.40812
57.85650
58.35904
58.91878
59.52993
60.17069
60.83127
61.48432
62.11134
62.70353
63.28205
63.84526
64.34139
64.74697
65.07028
65.32476
65.51863
65.65309
65.72744
65.69927
65.54466
65.28974
64.95698
64.55857
64.09328
63.56589
62.99524
62.36728
61.74882
61.14007
60.51623
59.88205
59.23989
58.65471
58.15835
57.75522
57.44210
57.21033
57.04404
56.94142
56.90223
56.96200
57.13992
57.41081
57.75473
58.16549
58.64694
59.19021
59.77894
60.40475
61.03730
61.65538
62.25159
62.83825
63.42138
63.94408
64.38097
64.73490
65.02281
65.25340
65.42742
65.54327
65.55476
65.43551
65.21040
64.90244
64.52671
64.08364
63.57163
63.01748
62.42302
61.81646
61.21605
60.60126
59.96883
59.32403
58.73492
58.23555
57.82897
57.51182
57.27277
57.09882
56.98740
56.93857
56.99014
57.16217
57.42859
57.76749
58.17543
58.65220
59.19398
59.78225
60.41112
61.04534
61.66623
62.26197
62.84855
63.43129
63.95229
64.38927
64.74398
65.03206
65.26287
65.43696
65.55308
65.56499
65.44644
65.22192
64.91469
64.54156
64.10114
63.59241
63.03814
62.44565
61.84104
61.23678
60.61920
59.98908
59.34449
58.75614
58.25663
57.84994
57.53271
57.29352
57.11905
57.00785
56.95865
57.00960
57.18104
57.44687
57.78507
58.19237
58.66984
59.20910
59.79748
60.42508
61.05977
61.67986
62.27584
62.86303
63.44623
63.96710
64.40396
64.75835
65.04661
65.27735
65.45142
65.56763
65.57919
65.46612
65.25474
64.96434
64.60432
64.17296
63.68866
63.15349
62.57483
61.98548
61.39719
60.79126
60.14972
59.48792
58.81809
58.14983
57.54811
57.05220
56.66272
56.37625
56.18423
56.07719
56.04495
56.08435
56.19435
56.39253
56.69055
57.06493
57.49746
57.99299
58.54784
59.15955
59.81900
60.49043
61.16742
61.82663
62.45388
63.04582
63.62029
64.17506
64.70975
65.21090
65.63870
65.97085
66.21347
66.37792
66.47272
66.49987
66.46097
66.32866
66.08307
65.74852
65.34646
64.88715
64.36561
63.78818
63.16048
62.51558
61.85684
61.20519
60.57013
59.93352
59.29346
58.67464
58.05582
57.43686
56.86630
56.34121
55.85070
55.39963
54.98095
54.59052
54.22676
53.89123
53.57622
53.27920
52.99775
52.72613
52.46213
52.20195
51.94085
51.67913
51.41282
51.14145
50.86110
50.57025
50.26781
49.95340
49.62695
49.29202
48.94667
48.59232
48.23128
47.86398
47.49197
47.11589
46.73539
46.35330
45.96856
45.58270
45.19282
44.79949
44.40361
44.00536
43.60418
43.20206
42.79818
42.39327
41.98736
41.58069
41.17346
40.76571
40.35704
39.94877
39.54013
39.13131
38.72187
38.31225
37.90662
37.50496
37.10480
36.70766
36.31124
35.91592
35.52141
35.12751
34.73402
34.34047
33.94652
33.55513
33.16217
32.76974
32.37730
31.98478
31.59254
31.20045
30.80763
30.41585
30.02389
29.63178
29.23983
28.84767
28.45566
28.06350
27.67062
27.27886
26.88676
26.49468
26.10251
25.71003
25.31714
24.92464
24.53189
24.13966
23.74748
23.35552
22.96095
22.56436
22.16559
21.76455
21.36073
20.95835
20.55311
20.14720
19.74054
19.33349
18.92582
18.51781
18.10840
17.70167
17.29281
16.88371
16.47847
16.07674
15.67770
15.28002
14.88307
14.48776
14.09300
13.69887
13.30527
12.91191
12.51878
12.12610
11.73296
11.34085
10.94851
10.55614
10.16382
9.77163
9.37951
8.98745
8.59489
8.20264
7.81057
7.41844
7.02620
6.63385
6.24164
5.84958
5.45707
5.06518
4.67273
4.28041
3.88835
3.49622
3.10418
2.71246
2.31964
1.92814
1.53408
1.13746
0.73870
0.33788
-0.06445
-0.46820
-0.87388
-1.27831
-1.68535
-2.09306
-2.50074
-2.90920
-3.31759
-3.72609
-4.13576
-4.46534
-4.84522
-5.44823
-6.19670
-7.02312
-7.89159
-8.77527
-9.65459
-10.51557
-11.35458
-12.11229
-12.73308
-13.34219
-14.05644
-14.81674
-15.56287
-16.23560
-16.78703
-17.17918
-17.39296
-17.43851
-17.34637
-17.14711
-16.85216
-16.49461
-16.03342
-15.47593
-14.87135
-14.25877
-13.66558
-13.10740
-12.42354
-11.67472
-10.89487
-10.10237
-9.30721
-8.49986
-7.64371
-6.78055
-5.96947
-5.25263
-4.65257
-4.21300
-3.98109
-3.95452
-4.10410
-4.39530
-4.79680
-5.27970
-5.83001
-6.41228
-7.04122
-7.67399
-8.30302
-8.91658
-9.53498
-10.16227
-10.79185
-11.41544
-11.96734
-12.41598
-12.76264
-13.01420
-13.17841
-13.26652
-13.28449
-13.20121
-13.00070
-12.70872
-12.34838
-11.91755
-11.41608
-10.85714
-10.26049
-9.63739
-9.01183
-8.40061
-7.78802
-7.17162
-6.60605
-6.11759
-5.70860
-5.37072
-5.09138
-4.86706
-4.69872
-4.63880
-4.71485
-4.89958
-5.17083
-5.51294
-5.92926
-6.41535
-6.94814
-7.52142
-8.11160
-8.70312
-9.31628
-9.94949
-10.59207
-11.23835
-11.82052
-12.30284
-12.68272
-12.96328
-13.15225
-13.26034
-13.26128
-13.14175
-12.92810
-12.63764
-12.26719
-11.81874
-11.29641
-10.71323
-10.09630
-9.45214
-8.80665
-8.17649
-7.55538
-6.94167
-6.37874
-5.89476
-5.49363
-5.16905
-4.90607
-4.70027
-4.55401
-4.51567
-4.60855
-4.80693
-5.08782
-5.44025
-5.86607
-6.36148
-6.90373
-7.47976
-8.06989
-8.66661
-9.28424
-9.92243
-10.57468
-11.22657
-11.81475
-12.29838
-12.68067
-12.96352
-13.15389
-13.26202
-13.30120
-13.21637
-12.97461
-12.61846
-12.18148
-11.69440
-11.15991
-10.56317
-9.90441
-9.19054
-8.42547
-7.62299
-6.77763
-5.89700
-4.98685
-4.05163
-3.09609
-2.12385
-1.14575
-0.17664
0.78954
1.74705
2.69743
3.63949
4.58487
5.53250
6.48952
7.44143
8.40357
9.37054
10.34548
11.32489
12.30842
13.29679
14.28945
15.28164
16.27589
17.26720
18.25836
19.25059
20.24370
21.23795
22.23649
23.22893
24.22653
25.22507
26.22523
27.22698
28.22398
29.22468
30.22777
31.22404
32.21622
33.20023
34.18450
35.16965
36.15244
37.12021
38.06944
38.98067
39.85788
40.67056
41.37841
41.96891
42.43741
42.78444
42.96342
42.94056
42.74744
42.41651
41.97840
41.45945
40.88112
40.24749
39.57522
38.89633
38.22886
37.58634
36.95737
36.33259
35.71441
35.16620
34.71672
34.36696
34.10982
33.93361
33.82858
33.79126
33.85479
34.03620
34.31169
34.65552
35.07131
35.55773
36.10705
36.69503
37.31382
37.93822
38.55213
39.16657
39.78482
40.35261
40.84534
41.25850
41.59886
41.88359
42.11285
42.28525
42.34891
42.27701
42.09561
41.82785
41.48893
41.07576
40.59154
40.06298
39.49141
38.90639
38.31622
37.70559
37.07268
36.42499
35.77501
35.19287
34.70716
34.32445
34.04078
33.84938
33.73967
33.73747
33.85603
34.06762
34.35612
34.72628
35.17470
35.69495
36.27494
36.88936
37.53147
38.17505
38.80332
39.42114
40.03652
40.59705
41.07924
41.47926
41.80443
42.06980
42.27864
42.42916
42.47178
42.38133
42.18366
41.90222
41.54915
41.12549
40.63216
40.09067
39.51280
38.92305
38.32665
37.70900
37.05411
36.38464
35.72490
35.12926
34.63461
34.24599
33.95986
33.76837
33.65192
33.60566
33.66152
33.83875
34.11453
34.46372
34.87945
35.36466
35.91800
36.52759
37.20386
37.89363
38.59044
39.27277
39.92444
40.53537
41.08597
41.54702
41.92316
42.23097
42.48318
42.67732
42.80662
42.86977
42.82732
42.65810
42.38818
42.04547
41.63476
41.15462
40.62649
40.05680
39.45285
38.84704
38.23982
37.62294
36.97219
36.30571
35.65243
35.07043
34.59102
34.21758
33.94444
33.76357
33.66360
33.67358
33.80592
34.03277
34.33598
34.72105
35.17833
35.70604
36.29641
36.91923
37.56747
38.21695
38.85245
39.47274
40.09144
40.65656
41.14154
41.54351
41.86467
42.12516
42.33778
42.49780
42.54832
42.45772
42.25329
41.95975
41.59817
41.15875
40.65134
40.08596
39.48283
38.85054
38.21259
37.58713
36.97230
36.36099
35.74898
35.12925
34.57550
34.12238
33.76950
33.51312
33.34997
33.27399
33.27531
33.37637
33.58337
33.86901
34.23044
34.66783
35.17653
35.74958
36.37564
37.04682
37.73935
38.44934
39.13962
39.80481
40.43426
41.03416
41.61203
42.11969
42.53609
42.86189
43.10227
43.27419
43.38003
43.41902
43.39057
43.26514
43.02642
42.69989
42.30660
41.86214
41.34567
40.78111
40.15056
39.50452
38.85113
38.20763
37.57198
36.93174
36.28829
35.65027
35.02267
34.39660
33.77623
33.12014
32.42423
31.69876
30.94168
30.15559
29.33369
28.48432
27.60370
26.69998
25.77692
24.83804
23.88161
22.90813
21.92303
20.93377
19.94566
18.96343
17.99154
17.02497
16.05730
15.09288
14.12317
13.15124
12.17456
11.19393
10.21528
9.23556
8.25242
7.26735
6.27792
5.29338
4.30298
3.31141
2.31875
1.32550
0.33151
-0.66387
-1.66065
-2.65589
-3.65223
-4.64834
-5.64491
-6.64287
-7.64037
-8.63870
-9.63772
-10.63493
-11.63228
-12.62847
-13.62634
-14.62441
-15.62210
-16.62012
-17.61972
-18.61665
-19.61417
-20.61140
-21.60875
-22.60669
-23.60428
-24.60211
-25.60228
-26.59936
-27.58909
-28.53710
-29.41303
-30.19498
-30.87020
-31.43173
-31.87677
-32.19991
-32.48698
-32.89002
-33.46388
-34.16827
-34.94341
-35.72721
-36.45880
-37.17420
-37.87970
-38.49392
-38.96901
-39.27433
-39.39374
-39.32649
-39.08590
-38.71532
-38.18306
-37.62879
-37.03539
-36.39580
-35.71605
-35.00147
-34.25560
-33.48552
-32.70914
-31.93716
-31.18268
-30.45706
-29.76929
-29.12394
-28.51392
-27.98018
-27.55293
-27.23298
-27.01360
-26.88589
-26.84461
-26.88401
-26.99987
-27.19973
-27.49174
-27.85314
-28.28082
-28.77749
-29.33876
-29.95853
-30.62862
-31.33167
-32.04675
-32.75903
-33.45047
-34.10923
-34.72718
-35.31401
-35.87093
-36.35346
-36.74254
-37.04157
-37.25997
-37.40839
-37.48892
-37.50294
-37.45035
-37.30390
-37.04604
-36.70141
-36.29142
-35.82404
-35.29786
-34.71308
-34.07797
-33.42651
-32.76722
-32.11842
-31.48374
-30.84673
-30.21340
-29.58417
-28.96290
-28.41807
-27.97449
-27.63316
-27.38856
-27.23343
-27.15764
-27.15514
-27.22406
-27.38603
-27.65292
-27.99993
-28.40984
-28.88370
-29.42208
-30.02077
-30.66945
-31.33442
-32.00756
-32.66899
-33.30600
-33.92660
-34.53586
-35.13097
-35.66109
-36.09961
-36.45319
-36.72507
-36.93177
-37.07513
-37.15561
-37.17249
-37.08874
-36.88380
-36.58240
-36.20694
-35.77297
-35.27815
-34.72544
-34.12035
-33.49096
-32.84951
-32.21409
-31.58763
-30.95596
-30.32379
-29.69333
-29.06943
-28.51542
-28.06718
-27.71817
-27.46594
-27.30290
-27.21768
-27.20496
-27.26306
-27.41515
-27.67222
-28.01176
-28.41204
-28.87965
-29.41569
-30.00679
-30.65002
-31.33502
-32.02972
-32.72448
-33.40006
-34.04383
-34.64818
-35.23108
-35.78420
-36.26428
-36.65056
-36.94792
-37.16881
-37.32193
-37.40311
-37.41253
-37.35450
-37.23442
-36.99320
-36.57954
-36.03355
-35.40247
-34.73873
-34.09662
-33.51980
-33.03180
-32.64000
-32.34041
-32.11992
-31.96115
-31.85776
-31.80667
-31.80316
-31.84078
-31.91220
-32.01027
-32.12738
-32.25393
-32.38057
-32.49648
-32.59496
-32.67178
-32.72331
-32.74716
-32.74144
-32.70466
-32.63439
-32.53062
-32.39706
-32.23693
-32.05365
-31.85039
-31.63011
-31.38966
-31.13909
-30.87711
-30.60327
-30.31912
-30.02728
-29.72844
-29.42384
-29.11495
-28.80251
-28.48690
-28.17040
-27.85387
-27.53941
-27.22579
-26.91284
-26.60030
-26.28836
-25.97716
-25.66597
-25.35498
-25.04470
-24.73765
-24.43379
-24.13299
-23.83350
-23.53554
-23.23849
-22.94154
-22.64565
-22.35101
-22.05615
-21.76173
-21.46760
-21.17370
-20.87987
-20.58600
-20.29256
-19.99928
-19.70609
-19.41262
-19.11937
-18.82623
-18.53300
-18.23954
-17.94770
-17.65475
-17.36143
-17.06819
-16.77494
-16.48208
-16.18858
-15.89479
-15.60164
-15.30793
-15.01465
-14.72137
-14.42785
-14.13417
-13.84073
-13.54657
-13.25319
-12.95960
-12.66612
-12.37240
-12.07873
-11.78500
-11.49136
-11.19718
-10.90359
-10.60990
-10.31622
-10.02257
-9.72883
-9.43493
-9.14112
-8.84696
-8.55314
-8.25938
-7.96518
-7.67121
-7.37722
-7.08374
-6.79001
-6.49589
-6.20251
-5.90843
-5.61436
-5.32014
-5.02620
-4.73195
-4.43703
-4.14215
-3.84805
-3.55412
-3.25982
-2.96584
-2.67194
-2.37772
-2.08355
-1.78886
-1.49516
-1.20111
-0.90693
-0.61286
-0.32221
-0.03527
0.24920
0.53235
0.81350
1.09401
1.37372
1.65297
1.93143
2.20953
2.48722
2.76479
3.10048
3.54667
4.08577
4.70313
5.36701
6.04513
6.74115
7.45131
8.17248
8.84225
9.40500
9.85992
10.14911
10.21916
10.09608
9.80840
9.38944
8.86502
8.23634
7.52529
6.77978
6.03426
5.31321
4.63202
4.00308
3.44604
2.98403
2.61571
2.33635
2.12682
1.98008
1.89479
1.87086
1.90737
2.03845
2.28576
2.62456
3.03369
3.49767
4.01892
4.59222
5.20422
5.84363
6.48338
7.10540
7.71884
8.33077
8.94240
9.53934
10.06672
10.49195
10.81769
11.05168
11.20592
11.28970
11.30512
11.22147
11.02325
10.73646
10.38065
9.95359
9.45608
8.89823
8.30083
7.67498
7.04390
6.42438
5.80517
5.18474
4.61478
4.12187
3.70896
3.36987
3.08602
2.85516
2.67918
2.55985
2.54458
2.65949
2.88015
3.18189
3.55059
3.98891
4.49291
5.04789
5.64698
6.25841
6.86269
7.45587
8.05894
8.66751
9.27605
9.81655
10.25963
10.60527
10.86113
11.03844
11.14861
11.19139
11.13275
10.95590
10.68712
10.34737
9.93627
9.45762
8.91066
8.32375
7.70475
7.07913
6.46432
5.85097
5.22816
4.65937
4.16367
3.74862
3.40664
3.12096
2.88531
2.70212
2.57420
2.55127
2.66057
2.87692
3.17775
3.54398
3.97868
4.47849
5.03189
5.62849
6.23806
6.83891
7.43272
8.03347
8.64115
9.24868
9.79028
10.23087
10.57710
10.83255
11.01100
11.12096
11.16527
11.10933
10.93486
10.66905
10.33184
9.92244
9.44482
8.90145
8.31801
7.70156
7.07734
6.46554
5.85332
5.23269
4.66186
4.16673
3.75156
3.41010
3.12432
2.88923
2.70634
2.57871
2.55587
2.66542
2.88197
3.18309
3.55024
3.98584
4.48557
5.03768
5.63442
6.24402
6.84578
7.43983
8.04183
8.64882
9.25624
9.79602
10.23868
10.58463
10.84025
11.01849
11.12876
11.17283
11.11715
10.94398
10.67731
10.34002
9.93021
9.45247
8.90804
8.32478
7.70843
7.08510
6.47327
5.86079
5.23968
4.66866
4.17262
3.75779
3.41662
3.13098
2.89551
2.71280
2.58523
2.56446
2.67898
2.89923
3.20326
3.57258
4.01102
4.51422
5.06923
5.66887
6.28293
6.88374
7.48011
8.08348
8.69233
9.30090
9.84178
10.28509
10.63198
10.88544
11.06218
11.17070
11.21207
11.15239
10.97486
10.70508
10.36236
9.95331
9.47204
8.92408
8.33685
7.71818
7.09275
6.47832
5.86419
5.24584
4.60317
3.98679
3.38527
3.38527
2.79829
2.22570
1.66759
1.12306
0.59398
0.07931
-0.42180
-0.91101
-1.38808
-1.85338
-2.30783
-2.75156
-3.18293
-3.60385
-4.01308
-4.40976
-4.79343
-5.16353
-5.51950
-5.86093
-6.18416
-6.49184
-6.78125
-7.05210
-7.30319
-7.53428
-7.74564
-7.93580
-8.10461
-8.25296
-8.38138
-8.49060
-8.58161
-8.65561
-8.71397
-8.75828
-8.79009
-8.81136
-8.82605
-8.83476
-8.83910
-8.83910
-8.84128
-8.84237
-8.84291
-8.84319
-8.84332
-8.84339
-8.84342
-8.84344
-8.84345
-8.84345
-8.84345
-8.84346
-8.84346
-8.84346
-8.84346
-8.84346
-8.84346
-8.84346
-8.84346
-8.84346
-8.84346
-8.84346
-8.84346
-8.84346
-8.84346
-8.84346
-8.84346
-8.84346
-8.84346
-8.84346
-8.84346
-8.84346
-8.84346
-8.84346
-8.84346
-8.84346
-8.84346
-8.84346
-8.84346
-8.84346
-8.84346
-8.84346
-8.84346
-8.84346
-8.84346
-8.84346
-8.84346
-8.84346
-8.84346
-8.84346
-8.84346
-8.84346
-8.84346
-8.84346
-8.84346
-8.84346
-8.84346
-8.84346
-8.84346
-8.84346
-8.84346
-8.84346
-8.84346
-8.84346
-8.84346
-8.84346
-8.84346
-8.84346
-8.84346
-8.84346
-8.84346
-8.84346
-8.84346
-8.84346
-8.84346
-8.84346
-8.84346
-8.84346
-8.84346
-8.84346
-8.84346
-8.84346
-8.84346
-8.84346
-8.84346
-8.84346
-8.84346
-8.84346
-8.84346
-8.84346
-8.84346
-8.84346
-8.84346
-8.84346
-8.84346
-8.84346
-8.84346
-8.84346
-8.84346
-8.84346
-8.84346
-8.84346
-8.84346
-8.84346
-8.84346
-8.84346
-8.84346
-8.84346
-8.84346
-8.84346
-8.84346
-8.84346
-8.84346
-8.84346
-8.84346
-8.84346
-8.84346
-8.84346
-8.84346
-8.84346
-8.84346
-8.84346
-8.84346
-8.84346
-8.84346
-8.84346
-8.84346
-8.84346
-8.84346
-8.84346
-8.84346
-8.84346
-8.84346
-8.84346
-8.84346
-8.84346
-8.84346
-8.84346
0.00000
0.00000
0.00000
0.00000
0.00000
0.00000
0.00000
0.00000
0.00000
0.00000
0.00000
0.00000
0.00000
0.00000
0.00000
0.00000
0.00000
0.00000
0.00000
0.00000
0.00000
0.00000
0.00000
0.00000
0.00000
0.00000
0.00000
0.00000
0.00000
0.00000
0.00000
0.00000
0.00000
0.00000
0.00000
0.00000
0.00000
0.00000
0.00000
0.00000
0.00000
0.00000
0.00000
0.00000
0.00000
0.00000
0.00000
0.00000
0.00000
0.00000
0.00000
0.00000
0.00000
0.00000
0.00000
0.00000
0.00000
0.00000
0.00000
0.00000
0.00000
0.00000
0.00000
0.00000
0.00000
0.00000
0.00000
0.00000
0.00000
0.00000
0.00000
0.00000
0.00000
0.00000
0.00000
0.00000
0.00000
0.00000
0.00000
0.00000
0.00000
0.00000
0.00000
0.00000
0.00000
0.00000
0.00000
0.00000
0.00000
0.00000
0.00000
0.00000
0.00000
0.00000
0.00000
0.00000
0.00000
0.00000
0.00000
0.00000
0.00000
0.00000
0.00000
0.00000
0.00000
0.00000
0.00000
0.00000
0.00000
0.00000
0.00000
0.00000
0.00000
0.00000
0.00000
0.00000
0.00000
0.00000
0.00000
0.00000
0.00000
0.00000
0.00000
0.00000
0.00000
0.00000
0.00000
0.00000
0.00000
0.00000
0.00000
0.00000
0.00000
0.00000
0.00000
0.00000
0.00000
0.00000
0.00000
0.00000
0.00000
0.00000
0.00000
0.00000
0.00000
0.00000
0.00000
0.00000
0.00000
0.00000
0.00000
0.00000
0.00000
0.00000
0.00000
0.00000
0.00000
0.00000
0.00000
0.00000
0.00000
0.00000
0.00000
0.00000
0.00000
0.00000
0.00000
0.00000
0.00000
0.00000
0.00000
0.00000
0.00000
0.00000
0.00000
0.00000
0.00000
0.00000
0.00000
0.00000
0.00000
0.00000
0.00000
0.00000
0.00000
0.00000
0.00000
0.00000
0.00000
0.00000
0.00000
0.00000
0.00000
0.00000
0.00000
0.00000
0.00000
0.00000
0.00000
0.00000
0.00000
0.00000
0.00000
0.00000
0.00000
0.00000
0.00000
0.00000
0.00000
0.00000
0.00000
0.00000
0.00000
0.00000
0.00000
0.00000
0.00000
0.00000
0.00000
0.00000
0.00000
0.00000
0.00000
0.00000
0.00000
0.00000
0.00000
0.00000
0.00000
0.00000
0.00000
0.00000
0.00000
0.00000
0.00000
0.00000
0.00000
0.00000
0.00000
0.00000
0.00000
0.00000
0.00000
0.00000
0.00000
0.00000
0.00000
0.00000
0.00000
0.00000
0.00000
0.00000
0.00000
0.00000
0.00000
0.00000
0.00000
0.00000
0.00000
0.00000
0.00000
0.00000
0.00000
0.00000
0.00000
0.00000
0.00000
0.00000
0.00000
0.00000
0.00000
0.00000
0.00000
0.00000
0.00000
0.00000
0.00000
0.00000
0.00000
0.00000
0.00000
0.00000
0.00000
0.00000
0.00000
0.00000
0.00000
0.00000
0.00000
0.00000
0.00000
0.00000
0.00000
0.00000
0.00000
0.00000
0.00000
0.00000
0.00000
0.00000
0.00000
0.00000
0.00000
0.00000
0.00000
0.00000
0.00000
0.00000
0.00000
0.00000
0.00000
0.00000
0.00000
0.00000
0.00000
0.00000
0.00000
0.00000
0.00000
0.00000
0.00000
0.00000
0.00000
0.00000
0.00000
0.00000
0.00000
0.00000
0.00000
0.00000
0.00000
0.00000
0.00000
0.00000
0.00000
0.00000
0.00000
0.00000
0.00000
0.00000
0.00000
0.00000
0.00000
0.00000
0.00000
0.00000
0.00000
0.00000
0.00000
0.00000
0.00000
0.00000
0.00000
0.00000
0.00000
0.00000
0.00000
0.00000
0.00000
0.00000
0.00000
0.00000
0.00000
0.00000
0.00000
0.00000
0.00000
0.00000
0.00000
0.00000
0.00000
0.00000
0.00000
0.00000
0.00000
0.00000
0.00000
0.00000
0.00000
0.00000
0.00000
0.00000
0.00000
0.00000
0.00000
0.00000
0.00000
0.00000
0.00000
0.00000
0.00000
0.00000
0.00000
0.00000
0.00000
0.00000
0.00000
0.00000
0.00000
0.00000
0.00000
0.00000
0.00000
0.00000
0.00000
0.00000
0.00000
0.00000
0.00000
0.00000
0.00000
0.00000
0.00000
0.00000
0.00000
0.00000
0.00000
0.00000
0.00000
0.00000
0.00000
0.00000
0.00000
0.00000
0.00000
0.00000
0.00000
0.00000
0.00000
0.00000
0.00000
0.00000
0.00000
0.00000
0.00000
0.00000
0.00000
0.00000
0.00000
0.00000
0.00000
0.00000
0.00000
0.00000
0.00000
0.00000
0.00000
0.00000
0.00000
0.00000
0.00000
0.00000
0.00000
0.00000
0.00000
0.00000
0.00000
0.00000
0.00000
0.00000
0.00000
0.00000
0.00000
0.00000
0.00000
0.00000
0.00000
0.00000
0.00000
0.00000
0.00000
0.00000
0.00000
0.00000
0.00000
0.00000
0.00000
0.00000
0.00000
0.00000
0.00000
0.00000
0.00000
0.00000
0.00000
0.00000
0.00000
0.00000
0.00000
0.00000
0.00000
0.00000
0.00000
0.00000
0.00000
0.00000
0.00000
0.00000
0.00000
0.00000
0.00000
0.00000
0.00000
0.00000
0.00000
0.00000
0.00000
0.00000
0.00000
0.00000
0.00000
0.00000
0.00000
0.00000
0.00000
0.00000
0.00000
0.00000
0.00000
0.00000
0.00000
0.00000
0.00000
0.00000
0.00000
0.00000
0.00000
0.00000
0.00000
0.00000
0.00000
0.00000
0.00000
0.00000
0.00000
0.00000
0.00000
0.00000
0.00000
0.00000
0.00000
0.00000
0.00000
0.00000
0.00000
0.00000
0.00000
0.00000
0.00000
0.00000
0.00000
0.00000
0.00000
0.00000
0.00000
0.00000
0.00000
0.00000
0.00000
0.00000
0.00000
0.00000
0.00000
0.00000
0.00000
0.00000
0.00000
0.00000
0.00000
0.00000
0.00000
0.00000
0.00000
0.00000
0.00000
0.00000
0.00000
0.00000
0.00000
0.00000
0.00000
0.00000
0.00000
0.00000
0.00000
0.00000
0.00000
0.00000
0.00000
0.00000
0.00000
0.00000
0.00000
0.00000
0.00000
0.00000
0.00000
0.00000
0.00000
0.00000
0.00000
0.00000
0.00000
0.00000
0.00000
0.00000
0.00000
0.00000
0.00000
0.00000
0.00000
0.00000
0.00000
0.00000
0.00000
0.00000
0.00000
0.00000
0.00000
0.00000
0.00000
0.00000
0.00000
0.00000
0.00000
0.00000
0.00000
0.00000
0.00000
0.00000
0.00000
0.00000
0.00000
0.00000
0.00000
0.00000
0.00000
0.00000
0.00000
0.00000
0.00000
0.00000
0.00000
0.00000
0.00000
0.00000
0.00000
0.00000
0.00000
0.00000
0.00000
0.00000
0.00000
0.00000
0.00000
0.00000
0.00000
0.00000
0.00000
0.00000
0.00000
0.00000
0.00000
0.00000
0.00000
0.00000
0.00000
0.00000
0.00000
0.00000
0.00000
0.00000
0.00000
0.00000
0.00000
0.00000
0.00000
0.00000
0.00000
0.00000
0.00000
0.00000
0.00000
0.00000
0.00000
0.00000
0.00000
0.00000
0.00000
0.00000
0.00000
0.00000
0.00000
0.00000
0.00000
0.00000
0.00000
0.00000
0.00000
0.00000
0.00000
0.00000
0.00000
0.00000
0.00000
0.00000
0.00000
0.00000
0.00000
0.00000
0.00000
0.00000
0.00000
0.00000
0.00000
0.00000
0.00000
0.00000
0.00000
0.00000
0.00000
0.00000
0.00000
0.00000
0.00000
0.00000
0.00000
0.00000
0.00000
0.00000
0.00000
0.00000
0.00000
0.00000
0.00000
0.00000
0.00000
0.00000
0.00000
0.00000
0.00000
0.00000
0.00000
0.00000
0.00000
0.00000
0.00000
0.00000
0.00000
0.00000
0.00000
0.00000
0.00000
0.00000
0.00000
0.00000
0.00000
0.00000
0.00000
0.00000
0.00000
0.00000
0.00000
0.00000
0.00000
0.00000
0.00000
0.00000
0.00000
0.00000
0.00000
0.00000
0.00000
0.00000
0.00000
0.00000
0.00000
0.00000
0.00000
0.00000
0.00000
0.00000
0.00000
0.00000
0.00000
0.00000
0.00000
0.00000
0.00000
0.00000
0.00000
0.00000
0.00000
0.00000
0.00000
0.00000
0.00000
0.00000
0.00000
0.00000
0.00000
0.00000
0.00000
0.00000
0.00000
0.00000
0.00000
0.00000
0.00000
0.00000
0.00000
0.00000
0.00000
0.00000
0.00000
0.00000
0.00000
0.00000
0.00000
0.00000
0.00000
0.00000
0.00000
0.00000
0.00000
0.00000
0.00000
0.00000
0.00000
0.00000
0.00000
0.00000
0.00000
0.00000
0.00000
0.00000
0.00000
0.00000
0.00000
0.00000
0.00000
0.00000
0.00000
0.00000
0.00000
0.00000
0.00000
0.00000
0.00000
0.00000
0.00000
0.00000
0.00000
0.00000
0.00000
0.00000
0.00000
0.00000
0.00000
0.00000
0.00000
0.00000
0.00000
0.00000
0.00000
0.00000
0.00000
0.00000
0.00000
0.00000
0.00000
0.00000
0.00000
0.00000
0.00000
0.00000
0.00000
0.00000
0.00000
0.00000
0.00000
0.00000
0.00000
0.00000
0.00000
0.00000
0.00000
0.00000
0.00000
0.00000
0.00000
0.00000
0.00000
0.00000
0.00000
0.00000
0.00000
0.00000
0.00000
0.00000
0.00000
0.00000
0.00000
0.00000
0.00000
0.00000
0.00000
0.00000
0.00000
0.00000
0.00000
0.00000
0.00000
0.00000
0.00000
0.00000
0.00000
0.00000
0.00000
0.00000
0.00000
0.00000
0.00000
0.00000
0.00000
0.00000
0.00000
0.00000
0.00000
0.00000
0.00000
0.00000
0.00000
0.00000
0.00000
0.00000
0.00000
0.00000
0.00000
0.00000
0.00000
0.00000
0.00000
0.00000
0.00000
0.00000
0.00000
0.00000
0.00000
0.00000
0.00000
0.00000
0.00000
0.00000
0.00000
0.00000
0.00000
0.00000
0.00000
0.00000
0.00000
0.00000
0.00000
0.00000
0.00000
0.00000
0.00000
0.00000
0.00000
0.00000
0.00000
0.00000
0.00000
0.00000
0.00000
0.00000
0.00000
0.00000
0.00000
0.00000
0.00000
0.00000
0.00000
0.00000
0.00000
0.00000
0.00000
0.00000
0.00000
0.00000
0.00000
0.00000
0.00000
0.00000
0.00000
0.00000
0.00000
0.00000
0.00000
0.00000
0.00000
0.00000
0.00000
0.00000
0.00000
0.00000
0.00000
0.00000
0.00000
0.00000
0.00000
0.00000
0.00000
0.00000
0.00000
0.00000
0.00000
0.00000
0.00000
0.00000
0.00000
0.00000
0.00000
0.00000
0.00000
0.00000
0.00000
0.00000
0.00000
0.00000
0.00000
0.00000
0.00000
0.00000
0.00000
0.00000
0.00000
0.00000
0.00000
0.00000
0.00000
0.00000
0.00000
0.00000
0.00000
0.00000
0.00000
0.00000
0.00000
0.00000
0.00000
0.00000
0.00000
0.00000
0.00000
0.00000
0.00000
0.00000
0.00000
0.00000
0.00000
0.00000
0.00000
0.00000
0.00000
0.00000
0.00000
0.00000
0.00000
0.00000
0.00000
0.00000
0.00000
0.00000
0.00000
0.00000
0.00000
0.00000
0.00000
0.00000
0.00000
0.00000
0.00000
0.00000
0.00000
0.00000
0.00000
0.00000
0.00000
0.00000
0.00000
0.00000
0.00000
0.00000
0.00000
0.00000
0.00000
0.00000
0.00000
0.00000
0.00000
0.00000
0.00000
0.00000
0.00000
0.00000
0.00000
0.00000
0.00000
0.00000
0.00000
0.00000
0.00000
0.00000
0.01055
0.05671
0.05671
0.14183
0.25933
0.39871
0.54712
0.69189
0.88943
1.13130
1.39818
1.65892
1.89222
2.08261
2.22449
2.31908
2.36840
2.37670
2.34891
2.29001
2.20443
2.09812
1.97868
1.85035
1.72048
1.59157
1.46611
1.34948
1.24686
1.16182
1.09549
1.04522
1.00965
0.98738
0.97608
0.97530
0.98471
1.00242
1.02686
1.05682
1.09131
1.12945
1.17058
1.21406
1.25945
1.30657
1.35480
1.40408
1.45434
1.50528
1.55664
1.60845
1.66059
1.71309
1.76570
1.81852
1.87149
1.92464
1.97783
2.03109
2.08438
2.13777
2.19106
2.24438
2.29769
2.35100
2.40429
2.45755
2.51098
2.56432
2.61745
2.67059
2.72373
2.77677
2.82969
2.88269
2.93565
2.98866
3.04153
3.09442
3.14733
3.20021
3.25314
3.30599
3.35879
3.41173
3.46429
3.51701
3.56976
3.62247
3.67522
3.72791
3.85300
4.11404
4.49492
4.98277
5.60736
5.60736
6.36440
7.19742
8.06261
8.92539
9.76097
10.54650
11.27008
11.91875
12.46245
12.87040
13.14633
13.29543
13.32595
13.25382
13.09826
12.87230
12.57156
12.20476
11.77154
11.28670
10.74358
10.14476
9.49480
8.80124
8.09704
7.39293
6.70617
6.04573
5.39759
4.75853
4.13326
3.52876
2.99456
2.99456
2.55700
2.21450
1.96076
1.78887
1.68980
1.66019
1.73266
1.92532
2.21590
2.58089
3.01065
3.50941
4.06551
4.67706
5.31065
5.95676
6.59597
7.22747
7.86596
8.49546
9.13302
9.76438
10.38161
10.92372
11.35419
11.67392
11.88545
11.99771
12.02524
11.97420
11.82762
11.57640
11.24576
10.84805
10.38070
9.84783
9.25772
8.61158
7.92506
7.22717
6.53067
5.85279
5.20506
4.58909
3.99617
3.46958
3.03450
2.68701
2.40995
2.19546
2.04103
1.94650
1.91375
1.98098
2.17100
2.45976
2.82780
3.25933
3.75790
4.30175
4.90681
5.53841
6.18382
6.82418
7.45480
8.06994
8.68296
9.29024
9.90157
10.44388
10.88511
11.22521
11.47114
11.62959
11.71225
11.71847
11.62304
11.41705
11.12920
10.76583
10.32707
9.81732
9.24761
8.62066
7.95115
7.25472
6.55064
5.86122
5.20076
4.57297
3.97136
3.39093
2.88166
2.46445
2.14172
1.91202
1.75524
1.66342
1.63719
1.71439
1.91468
2.20738
2.56687
2.99338
3.47530
4.03003
4.64551
5.28655
5.94327
6.59832
7.24091
7.88289
8.52943
9.15664
9.78521
10.34696
10.80659
11.16685
11.43111
11.60659
11.70499
11.73148
11.68669
11.54617
11.29919
10.96673
10.56642
10.09797
9.56641
8.97474
8.33399
7.67333
7.00504
6.34799
5.71529
5.11670
4.51705
3.92579
3.40216
2.97121
2.63290
2.36924
2.16985
2.03170
1.95608
1.94403
2.03793
2.25821
2.57323
2.96206
3.40633
3.90956
4.46949
5.08041
5.71310
6.35862
6.99162
7.60449
8.22622
8.85425
9.48146
10.09496
10.63711
11.07496
11.40716
11.64362
11.78707
11.84360
11.82605
11.73948
11.56218
11.28052
10.92313
10.50540
10.02282
9.47597
8.87293
8.22245
7.55121
6.87159
6.21081
5.57436
4.95467
4.34777
3.75712
3.23370
2.80074
2.45552
2.19468
1.99914
1.86791
1.80170
1.80119
1.89988
2.11731
2.42941
2.81176
3.25303
3.75531
4.31585
4.92797
5.56071
6.20454
6.84134
7.46414
8.09093
8.72262
9.35353
9.97243
10.52060
10.96649
11.31071
11.55762
11.71645
11.79215
11.78988
11.68825
11.47906
11.18822
10.82130
10.37996
9.86761
9.29045
8.65707
7.99924
7.32470
6.65611
6.00741
5.37881
4.76057
4.13411
4.13411
3.50692
2.85813
2.20818
1.56625
0.90994
0.23296
-0.46510
-1.18380
-1.91479
-2.65611
-3.41072
-4.17436
-4.95066
-5.73627
-6.53376
-7.34345
-8.15933
-8.97221
-9.78115
-10.59142
-11.40375
-12.21857
-13.04343
-13.87877
-14.72421
-15.57404
-16.43198
-17.29836
-18.17166
-19.04856
-19.93107
-20.81825
-21.70901
-22.60113
-23.49575
-24.39218
-25.29084
-26.18907
-27.08873
-27.98959
-28.88977
-29.79284
-30.69586
-31.59939
-32.50482
-33.40379
-34.30691
-35.21018
-36.11383
-37.01708
-37.92109
-38.82529
-39.73041
-40.63416
-41.53776
-42.44156
-43.34563
-44.24895
-45.14824
-46.04767
-46.94987
-47.85126
-48.75474
-49.65964
-50.56660
-51.47387
-52.38152
-53.29058
-54.20082
-55.11027
-56.01997
-56.93005
-57.79085
-58.55733
-59.22951
-59.81655
-60.32370
-60.75323
-61.11139
-61.40090
-61.69528
-62.06111
-62.54138
-63.15294
-63.84966
-64.59174
-65.34902
-66.09852
-66.79139
-67.38773
-67.87185
-68.23891
-68.49333
-68.64208
-68.69717
-68.63836
-68.45797
-68.18464
-67.84129
-67.42415
-66.93307
-66.37537
-65.75782
-65.11679
-64.46120
-63.81281
-63.18561
-62.56522
-61.94392
-61.38132
-60.89944
-60.50130
-60.18036
-59.91886
-59.71594
-59.57192
-59.53610
-59.63362
-59.83878
-60.12814
-60.48604
-60.91611
-61.41342
-61.95669
-62.53870
-63.13165
-63.72604
-64.33880
-64.97057
-65.61490
-66.26348
-66.84765
-67.33184
-67.71120
-67.99218
-68.17845
-68.28477
-68.27980
-68.15288
-67.93070
-67.63088
-67.25343
-66.79916
-66.27397
-65.68597
-65.06445
-64.41719
-63.76886
-63.13595
-62.51238
-61.89525
-61.33259
-60.84974
-60.44943
-60.12904
-59.86931
-59.66559
-59.52252
-59.48601
-59.58078
-59.78117
-60.06410
-60.41773
-60.84493
-61.34104
-61.88188
-62.46098
-63.05143
-63.64804
-64.26504
-64.90225
-65.55315
-66.20560
-66.79177
-67.27848
-67.66198
-67.94597
-68.13839
-68.24926
-68.25221
-68.13392
-67.92112
-67.63189
-67.26372
-66.81523
-66.29390
-65.71255
-65.09729
-64.45456
-63.81091
-63.18201
-62.56292
-61.94758
-61.38586
-60.90300
-60.50246
-60.17748
-59.91452
-59.70836
-59.55983
-59.51896
-59.61109
-59.81003
-60.09261
-60.44645
-60.87088
-61.36500
-61.90542
-62.48337
-63.07332
-63.66980
-64.28700
-64.92537
-65.57026
-66.21870
-66.80253
-67.28711
-67.66898
-67.95170
-68.14313
-68.25349
-68.25600
-68.13781
-67.92496
-67.63601
-67.26608
-66.81768
-66.29742
-65.71604
-65.10202
-64.46071
-63.81764
-63.18950
-62.57235
-61.95642
-61.39482
-60.91139
-60.51262
-60.18817
-59.92183
-59.71333
-59.56307
-59.52060
-59.61110
-59.80919
-60.09072
-60.44255
-60.86786
-61.36749
-61.90741
-62.48521
-63.07516
-63.67175
-64.28686
-64.92477
-65.57042
-66.21888
-66.80373
-67.28841
-67.67038
-67.95316
-68.14318
-68.25145
-68.25217
-68.13169
-67.91601
-67.62309
-67.25130
-66.79930
-66.27554
-65.68749
-65.06893
-64.42453
-63.77844
-63.14783
-62.52669
-61.90819
-61.34743
-60.86308
-60.46145
-60.14032
-59.87962
-59.67514
-59.53032
-59.49303
-59.58699
-59.78632
-60.06808
-60.42105
-60.84813
-61.34369
-61.88534
-62.46550
-63.05653
-63.65358
-64.27088
-64.90867
-65.55959
-66.21046
-66.79679
-67.28441
-67.66771
-67.95168
-68.14310
-68.25222
-68.29245
-68.27013
-68.12396
-67.80084
-67.33992
-66.78060
-66.17266
-65.56339
-65.00094
-64.52114
-64.13959
-63.85690
-63.66303
-63.53673
-63.47563
-63.47797
-63.54090
-63.65991
-63.82894
-64.03975
-64.28161
-64.54435
-64.81773
-65.08811
-65.34721
-65.58660
-65.80279
-65.99481
-66.16571
-66.31591
-66.44040
-66.53304
-66.59369
-66.62751
-66.63936
-66.63147
-66.60578
-66.56534
-66.51279
-66.45025
-66.37959
-66.30094
-66.21402
-66.12009
-66.02123
-65.91739
-65.80982
-65.69921
-65.58610
-65.47106
-65.35437
-65.23624
-65.11726
-64.99732
-64.87881
-64.76300
-64.64939
-64.53764
-64.42742
-64.31822
-64.21069
-64.10331
-63.99666
-63.89049
-63.78478
-63.67936
-63.57418
-63.46902
-63.36470
-63.25996
-63.15542
-63.05098
-62.94662
-62.84243
-62.73812
-62.63377
-62.52953
-62.42521
-62.32090
-62.21655
-62.11217
-62.00779
-61.90331
-61.79862
-61.68991
-61.58517
-61.48057
-61.37592
-61.27109
-61.14802
-60.98939
-60.79943
-60.61735
-60.47887
-60.37798
-60.30945
-60.27098
-60.32614
-60.52772
-60.86618
-61.32441
-61.91301
-62.61097
-63.36261
-64.13379
-64.89878
-65.63992
-66.34628
-67.00625
-67.59337
-68.06991
-68.43864
-68.70914
-68.88971
-68.99171
-69.02098
-68.97699
-68.83623
-68.59092
-68.26712
-67.87405
-67.40120
-66.86948
-66.27838
-65.62339
-64.92049
-64.20046
-63.47233
-62.75937
-62.07684
-61.43585
-60.82428
-60.27987
-59.82428
-59.45810
-59.18016
-58.98598
-58.86397
-58.81187
-58.82545
-58.93284
-59.15371
-59.46307
-59.84326
-60.28024
-60.77783
-61.33822
-61.92800
-62.52988
-63.13461
-63.75748
-64.38562
-65.02226
-65.66369
-66.31845
-66.97284
-67.55339
-68.02202
-68.38299
-68.61227
-68.73703
-68.77318
-68.69991
-68.50149
-68.20968
-67.84589
-67.41512
-66.91550
-66.33943
-65.70306
-65.01761
-64.31343
-63.60785
-62.91416
-62.25088
-61.62777
-61.02086
-60.43187
-59.91352
-59.48893
-59.15772
-58.91420
-58.74621
-58.65517
-58.67167
-58.80883
-59.03999
-59.35338
-59.74410
-60.20895
-60.74183
-61.32032
-61.93433
-62.57550
-63.21962
-63.85176
-64.48580
-65.14324
-65.81288
-66.48347
-67.08953
-67.59496
-67.99232
-68.28051
-68.46631
-68.55995
-68.54080
-68.40117
-68.16989
-67.86464
-67.48288
-67.02540
-66.49896
-65.92523
-65.31729
-64.68513
-64.05203
-63.42542
-62.79478
-62.15496
-61.51750
-60.88984
-60.32708
-59.85874
-59.49017
-59.21327
-59.01271
-58.88103
-58.81678
-58.85708
-59.02125
-59.28362
-59.62036
-60.02432
-60.49486
-61.02955
-61.62353
-62.24259
-62.87820
-63.50947
-64.13617
-64.75145
-65.36717
-65.98371
-66.60853
-67.22910
-67.77591
-68.21408
-68.54499
-68.77384
-68.90855
-68.95791
-68.93024
-68.80474
-68.57232
-68.25748
-67.87607
-67.42468
-66.90398
-66.31891
-65.68395
-65.00286
-64.29404
-63.60019
-62.92447
-62.27938
-61.66001
-61.05786
-60.47973
-59.97067
-59.55356
-59.22660
-58.98422
-58.81227
-58.70627
-58.66573
-58.69142
-58.81396
-59.05164
-59.37971
-59.77606
-60.23020
-60.74382
-61.31528
-61.93568
-62.57554
-63.22404
-63.86269
-64.49060
-65.12176
-65.75696
-66.38720
-67.00314
-67.55013
-67.99347
-68.33477
-68.57949
-68.73630
-68.81660
-68.82489
-68.76240
-68.60620
-68.34602
-68.00583
-67.60359
-67.13400
-66.60169
-66.00784
-65.36932
-64.68962
-63.99859
-63.30855
-62.63865
-62.00033
-61.39811
-60.81828
-60.26247
-59.77725
-59.38418
-59.07949
-58.85352
-58.69646
-58.60466
-58.58386
-58.63225
-58.77398
-59.02606
-59.36368
-59.76628
-60.22851
-60.75406
-61.33709
-61.96775
-62.61810
-63.27761
-63.92822
-64.56115
-65.19495
-65.82588
-66.45430
-67.06443
-67.60531
-68.04279
-68.37800
-68.61677
-68.76674
-68.83970
-68.84009
-68.76950
-68.63016
-68.37302
-67.96726
-67.46032
-66.89050
-66.28757
-65.67399
-65.04032
-64.37057
-63.66556
-62.92586
-62.15553
-61.35703
-60.53793
-59.69765
-58.83530
-57.95306
-57.05469
-56.15478
-55.25810
-54.36131
-53.46710
-52.57316
-51.68580
-50.79820
-49.90450
-49.00311
-48.08878
-47.16152
-46.22696
-45.28138
-44.32859
-43.36644
-42.40163
-41.43283
-40.45955
-39.48128
-38.49910
-37.51213
-36.52350
-35.53219
-34.53902
-33.54440
-32.54799
-31.55086
-30.55223
-29.55533
-28.56221
-27.56782
-26.57277
-25.57645
-24.57896
-23.58155
-22.58372
-21.58435
-20.58675
-19.59066
-18.59211
-17.59342
-16.59458
-15.59567
-14.59601
-13.59429
-12.59952
-11.60008
-10.60030
-9.60077
-8.60014
-7.60103
-6.60170
-5.59994
-4.60074
-3.60138
-2.60200
-1.60270
-0.60364
0.39551
1.39485
2.39107
3.38370
4.37539
5.36828
6.36204
7.35623
8.35033
9.34479
10.34167
11.33696
12.33297
13.33001
14.32649
15.32311
16.32034
17.31711
18.31635
19.30937
20.30671
21.30404
22.30186
23.29932
24.29674
25.29396
26.28905
27.27412
28.26527
29.25741
30.25057
31.24510
32.24042
33.23592
34.23394
35.23201
36.22981
37.22800
38.22669
39.22665
40.22610
41.22531
42.22717
43.22664
44.22636
45.22536
46.22519
47.22543
48.22622
49.22755
50.22337
51.21456
52.20581
53.19735
54.18995
55.18408
56.17807
57.17312
58.17024
59.16600
60.16264
61.15870
62.15485
63.15173
64.14824
65.14524
66.14580
67.13936
68.13672
69.13514
70.13468
71.13206
72.15472
73.15191
74.15060
75.14733
76.14285
77.13438
78.12379
79.11736
80.11130
81.10545
82.10230
83.09743
84.10470
85.10214
86.10072
87.10002
88.09848
89.09746
90.09981
91.09685
92.09644
93.09627
94.09671
95.09646
96.09566
97.08969
98.08319
99.07412
100.06644
101.05925
102.05269
103.03435
104.00868
104.98311
105.96268
106.92980
107.88006
108.79401
109.66355
110.48259
111.22188
111.84474
112.34774
112.72847
112.99610
113.15423
113.16518
113.00395
112.70321
112.29317
111.79907
111.24727
110.65099
110.01638
109.35799
108.70074
108.06069
107.43187
106.80214
106.17496
105.55403
105.00342
104.55568
104.20801
103.95354
103.78119
103.67830
103.64192
103.66982
103.79301
104.02860
104.35126
104.73997
105.19043
105.70574
106.27858
106.89290
107.53817
108.18473
108.81245
109.40876
109.99590
110.57386
111.08426
111.51126
111.85473
112.13132
112.34999
112.51077
112.61286
112.61046
112.47965
112.24489
111.92900
111.54522
111.09514
110.58184
110.02364
109.42640
108.82283
108.20887
107.59159
106.95459
106.30831
105.71830
105.21758
104.81023
104.49438
104.25645
104.08385
103.97393
103.92806
103.98233
104.15658
104.42513
104.76504
105.17489
105.65435
106.19557
106.78290
107.40815
108.04026
108.65718
109.25198
109.83887
110.42235
110.94365
111.38058
111.73466
112.02245
112.25349
112.42673
112.54296
112.55471
112.43580
112.21067
111.90336
111.52892
111.08691
110.57843
110.02311
109.42908
108.82291
108.22296
107.60833
106.97562
106.32938
105.74137
105.24183
104.83501
104.51772
104.27856
104.10454
103.99321
103.94458
103.99624
104.16843
104.43525
104.77463
105.18333
105.66058
106.20016
106.78690
107.41003
108.03998
108.65550
109.24934
109.83541
110.41836
110.93934
111.37769
111.73271
112.02131
112.25274
112.42741
112.54421
112.55663
112.43846
112.21383
111.90879
111.53576
111.09526
110.58709
110.03310
109.44070
108.83616
108.23540
107.62385
106.99175
106.34679
105.75831
105.25884
104.85288
104.53578
104.29632
104.12251
104.01102
103.96216
104.01359
104.18558
104.45219
104.79115
105.20006
105.67669
106.21556
106.80186
107.42540
108.05569
108.67118
109.26558
109.85293
110.43538
110.95605
111.39357
111.74775
112.03546
112.26609
112.43997
112.55616
112.56790
112.44946
112.22482
111.91721
111.54162
111.09912
110.58912
110.03254
109.43881
108.83286
108.23294
107.61819
106.98569
106.33924
105.74973
105.24931
104.84314
104.52624
104.28610
104.11271
104.00187
103.95365
104.00556
104.17835
104.44533
104.78485
105.19302
105.67064
106.20972
106.79538
107.41887
108.04958
108.66505
109.25905
109.84515
110.42787
110.94853
111.38888
111.74338
112.03254
112.26220
112.43544
112.55073
112.56171
112.44214
112.21648
111.90786
111.53070
111.08749
110.57628
110.01958
109.42424
108.81733
108.21623
107.60037
106.96612
106.32140
105.65684
105.06598
104.61619
104.33583
104.23925
104.32104
104.55169
104.89025
105.30199
105.77394
106.32148
106.94542
107.63875
108.39128
109.19992
110.05321
110.94907
111.87990
112.84090
113.81121
114.78822
115.76133
116.73543
117.69303
118.64496
119.59893
120.55324
121.51305
122.46373
123.39564
124.30025
125.16031
125.97963
126.75114
127.43520
127.98838
128.40700
128.69360
128.85606
128.90343
128.80849
128.56467
128.20449
127.75559
127.24470
126.68855
126.09584
125.46173
124.81464
124.16456
123.53088
122.92065
122.31531
121.71786
121.12978
120.60965
120.18240
119.84406
119.58369
119.38768
119.25050
119.17194
119.15364
119.23560
119.44296
119.74934
120.13233
120.57219
121.07024
121.61996
122.21348
122.81454
123.41019
124.01034
124.62278
125.24918
125.87960
126.50388
127.05660
127.50234
127.84480
128.08997
128.24677
128.32628
128.29999
128.15331
127.91180
127.59677
127.20604
126.74170
126.20886
125.61781
124.99343
124.34263
123.68995
123.05428
122.43563
121.82424
121.26820
120.79282
120.39976
120.07975
119.81642
119.60857
119.45691
119.36320
119.37183
119.50864
119.74837
120.06813
120.45312
120.90520
121.42068
121.98532
122.59118
123.20632
123.81264
124.41169
125.01814
125.62839
126.23812
126.77968
127.22312
127.56952
127.82558
128.00359
128.11336
128.15704
128.09945
127.92305
127.65411
127.31499
126.90649
126.42672
125.88044
125.29530
124.67673
124.04859
123.43527
122.82202
122.20512
121.63866
121.14791
120.73051
120.39296
120.11006
119.87950
119.70101
119.57697
119.55761
119.67081
119.89042
120.19440
120.56366
121.00091
121.50217
122.05804
122.65676
123.26757
123.86964
124.46558
125.06876
125.67822
126.28701
126.82844
127.27121
127.61749
127.87172
128.04804
128.15665
128.19796
128.13791
127.96071
127.69227
127.35263
126.94121
126.46149
125.91606
125.33073
124.71320
124.08905
123.47500
122.86184
122.24224
121.67222
121.17558
120.75368
120.40676
120.11646
119.87610
119.68819
119.55585
119.47495
119.49188
119.63748
119.89497
120.24616
120.66768
121.14290
121.67558
122.25546
122.84954
123.44002
124.04608
124.66925
125.28806
125.90337
126.50979
127.04410
127.47475
127.80483
128.04205
128.20656
128.30545
128.33984
128.27146
128.07749
127.78500
127.41604
126.97810
126.47329
125.92075
125.32730
124.70670
124.07994
123.46617
122.85649
122.22619
121.60772
121.05002
120.57802
120.19586
119.89195
119.65035
119.46717
119.34260
119.27731
119.26736
119.35279
119.56786
119.89284
120.30257
120.77455
121.29178
121.85773
122.45918
123.06772
123.66127
124.26699
124.87380
125.48216
126.08705
126.68156
127.20210
127.61792
127.93426
128.16576
128.32434
128.41510
128.43905
128.36009
128.15849
127.86054
127.49118
127.05957
126.55327
125.98113
125.35265
124.69708
124.01980
123.34434
122.68998
122.05841
121.43906
120.83325
120.22568
119.59326
118.95106
118.30884
117.67412
117.04865
116.43938
115.84069
115.25351
114.67994
114.11547
113.55258
112.99254
112.42971
111.86146
111.29106
110.71835
110.14149
109.55917
108.97389
108.38471
107.79042
107.19149
106.59054
105.98463
105.37444
104.76064
104.14225
103.52189
102.89833
102.27151
101.64186
101.01289
100.38361
99.74992
99.11879
98.48808
97.85676
97.22485
96.59250
95.95952
95.32697
94.69370
94.05930
93.42623
92.79257
92.15895
91.52737
90.89444
90.25936
89.62216
88.98208
88.34479
87.70462
87.06186
86.41862
85.77464
85.12976
84.48402
83.83731
83.19318
82.54704
81.90107
81.25409
80.60657
79.95964
79.31748
78.67828
78.04241
77.50613
77.15199
77.01555
77.14316
77.51664
77.88327
78.00482
78.12337
78.46998
79.00955
79.69297
80.46202
81.25438
82.00741
82.67736
83.24568
83.71448
84.08301
84.35516
84.53790
84.64925
84.69744
84.68407
84.61111
84.47991
84.29287
84.05440
83.76938
83.43735
83.06449
82.63552
82.17130
81.63460
81.04116
80.40420
79.73511
79.04429
78.32606
77.59267
76.86979
76.16911
75.50027
74.85798
74.23375
73.68084
73.23230
72.88613
72.63357
72.45250
72.33679
72.28485
72.29697
72.37251
72.54181
72.82502
73.19507
73.63059
74.12940
74.68385
75.29227
75.94575
76.62447
77.31909
78.00160
78.65577
79.26657
79.82766
80.37552
80.90103
81.35317
81.71443
81.98840
82.18714
82.31947
82.38161
82.37405
82.30152
82.13928
81.86643
81.50752
81.08239
80.60437
80.07079
79.50056
78.90181
78.28788
77.67674
77.05817
76.42042
75.77046
75.11619
74.46466
73.82879
73.26585
72.80974
72.46145
72.21087
72.05112
71.97171
71.96547
72.02993
72.16327
72.38406
72.70152
73.09321
73.54028
74.05049
74.61511
75.23530
75.89913
76.58019
77.25988
77.92338
78.55367
79.14895
79.72045
80.26892
80.79469
81.29142
81.70870
82.03348
82.27023
82.42865
82.51114
82.52053
82.46224
82.31384
82.05893
81.71958
81.31685
80.85245
80.32785
79.74408
79.11129
78.45584
77.79251
77.13303
76.49464
75.85611
75.22039
74.58632
73.96689
73.41805
72.97410
72.63064
72.38169
72.21668
72.12415
72.10032
72.14305
72.25157
72.44732
72.74459
73.12048
73.55580
74.05026
74.60076
75.20254
75.85454
76.52606
77.20711
77.87370
78.51033
79.10804
79.68359
80.23745
80.76624
81.26261
81.68320
82.00937
82.24759
82.40903
82.50203
82.52811
82.48753
82.35273
82.10696
81.77369
81.37435
80.91351
80.39281
79.81294
79.18216
78.53115
77.86728
77.21029
76.57261
75.93610
75.29605
74.66254
74.03753
73.41309
72.81635
72.23241
72.23241
71.66123
71.10292
70.55739
70.02453
69.50358
68.99765
68.50791
68.03579
67.58262
67.14816
66.73835
66.35178
65.99027
65.65586
65.34915
65.07078
64.82126
64.60156
64.41207
64.25303
64.12461
64.02701
63.95831
63.91772
63.90444
63.91613
63.95133
64.00823
64.09573
64.21766
64.36664
64.53340
64.70938
64.88585
65.06819
65.27326
65.51318
65.78315
66.08392
66.36564
66.36564
66.63303
66.88386
67.12057
67.34227
67.54925
67.74063
67.91702
68.07836
68.22465
68.35592
68.47214
68.57334
68.65978
68.73067
68.78679
68.82785
68.85385
68.86686
68.87336
68.87661
68.87823
68.87905
68.87945
68.87966
68.87976
68.87981
68.87983
68.87985
68.87985
68.87986
68.87986
68.87986
68.87986
68.87986
68.87986
68.87986
68.87986
68.87986
68.87986
68.87986
68.87986
68.87986
68.87986
68.87986
68.87986
68.87986
68.87986
68.87986
68.87986
68.87986
68.87986
68.87986
68.87986
68.87986
68.87986
68.87986
68.87986
68.87986
68.87986
68.87986
68.87986
68.87986
68.87986
68.87986
68.87986
68.87986
68.87986
68.87986
68.87986
68.87986
68.87986
68.87986
68.87986
68.87986
68.87986
68.87986
68.87986
68.87986
68.87986
0.00000
0.00000
0.00000
0.00000
0.00000
0.00000
0.00000
0.00000
0.00000
0.00000
0.00000
0.00000
0.00000
0.00000
0.00000
0.00000
0.00000
0.00000
0.00000
0.00000
0.00000
0.00000
0.00000
0.00000
0.00000
0.00000
0.00000
0.00000
0.00000
0.00000
0.00000
0.00000
0.00000
0.00000
0.00000
0.00000
0.00000
0.00000
0.00000
0.00000
0.00000
0.00000
0.00000
0.00000
0.00000
0.00000
0.00000
0.00000
0.00000
0.00000
0.00000
0.00000
0.00000
0.00000
0.00000
0.00000
0.00000
0.00000
0.00000
0.00000
0.00000
0.00000
0.00000
0.00000
0.00000
0.00000
0.00000
0.00000
0.00000
0.00000
0.00000
0.00000
0.00000
0.00000
0.00000
0.00000
0.00000
0.00000
0.00000
0.00000
0.00000
0.00000
0.00000
0.00000
0.00000
0.00000
0.00000
0.00000
0.00000
0.00000
0.00000
0.00000
0.00000
0.00000
0.00000
0.00000
0.00000
0.00000
0.00000
0.00000
0.00000
0.00000
0.00000
0.00000
0.00000
0.00000
0.00000
0.00000
0.00000
0.00000
0.00000
0.00000
0.00000
0.00000
0.00000
0.00000
0.00000
0.00000
0.00000
0.00000
0.00000
0.00000
0.00000
0.00000
0.00000
0.00000
0.00000
0.00000
0.00000
0.00000
0.00000
0.00000
0.00000
0.00000
0.00000
0.00000
0.00000
0.00000
0.00000
0.00000
0.00000
0.00000
0.00000
0.00000
0.00000
0.00000
0.00000
0.00000
0.00000
0.00000
0.00000
0.00000
0.00000
0.00000
0.00000
0.00000
0.00000
0.00000
0.00000
0.00000
0.00000
0.00000
0.00000
0.00000
0.00000
0.00000
0.00000
0.00000
0.00000
0.00000
0.00000
0.00000
0.00000
0.00000
0.00000
0.00000
0.00000
0.00000
0.00000
0.00000
0.00000
0.00000
0.00000
0.00000
0.00000
0.00000
0.00000
0.00000
0.00000
0.00000
0.00000
0.00000
0.00000
0.00000
0.00000
0.00000
0.00000
0.00000
0.00000
0.00000
0.00000
0.00000
0.00000
0.00000
0.00000
0.00000
0.00000
0.00000
0.00000
0.00000
0.00000
0.00000
0.00000
0.00000
0.00000
0.00000
0.00000
0.00000
0.00000
0.00000
0.00000
0.00000
0.00000
0.00000
0.00000
0.00000
0.00000
0.00000
0.00000
0.00000
0.00000
0.00000
0.00000
0.00000
0.00000
0.00000
0.00000
0.00000
0.00000
0.00000
0.00000
0.00000
0.00000
0.00000
0.00000
0.00000
0.00000
0.00000
0.00000
0.00000
0.00000
0.00000
0.00000
0.00000
0.00000
0.00000
0.00000
0.00000
0.00000
0.00000
0.00000
0.00000
0.00000
0.00000
0.00000
0.00000
0.00000
0.00000
0.00000
0.00000
0.00000
0.00000
0.00000
0.00000
0.00000
0.00000
0.00000
0.00000
0.00000
0.00000
0.00000
0.00000
0.00000
0.00000
0.00000
0.00000
0.00000
0.00000
0.00000
0.00000
0.00000
0.00000
0.00000
0.00000
0.00000
0.00000
0.00000
0.00000
0.00000
0.00000
0.00000
0.00000
0.00000
0.00000
0.00000
0.00000
0.00000
0.00000
0.00000
0.00000
0.00000
0.00000
0.00000
0.00000
0.00000
0.00000
0.00000
0.00000
0.00000
0.00000
0.00000
0.00000
0.00000
0.00000
0.00000
0.00000
0.00000
0.00000
0.00000
0.00000
0.00000
0.00000
0.00000
0.00000
0.00000
0.00000
0.00000
0.00000
0.00000
0.00000
0.00000
0.00000
0.00000
0.00000
0.00000
0.00000
0.00000
0.00000
0.00000
0.00000
0.00000
0.00000
0.00000
0.00000
0.00000
0.00000
0.00000
0.00000
0.00000
0.00000
0.00000
0.00000
0.00000
0.00000
0.00000
0.00000
0.00000
0.00000
0.00000
0.00000
0.00000
0.00000
0.00000
0.00000
0.00000
0.00000
0.00000
0.00000
0.00000
0.00000
0.00000
0.00000
0.00000
0.00000
0.00000
0.00000
0.00000
0.00000
0.00000
0.00000
0.00000
0.00000
0.00000
0.00000
0.00000
0.00000
0.00000
0.00000
0.00000
0.00000
0.00000
0.00000
0.00000
0.00000
0.00000
0.00000
0.00000
0.00000
0.00000
0.00000
0.00000
0.00000
0.00000
0.00000
0.00000
0.00000
0.00000
0.00000
0.00000
0.00000
0.00000
0.00000
0.00000
0.00000
0.00000
0.00000
0.00000
0.00000
0.00000
0.00000
0.00000
0.00000
0.00000
0.00000
0.00000
0.00000
0.00000
0.00000
0.00000
0.00000
0.00000
0.00000
0.00000
0.00000
0.00000
0.00000
0.00000
0.00000
0.00000
0.00000
0.00000
0.00000
0.00000
0.00000
0.00000
0.00000
0.00000
0.00000
0.00000
0.00000
0.00000
0.00000
0.00000
0.00000
0.00000
0.00000
0.00000
0.00000
0.00000
0.00000
0.00000
0.00000
0.00000
0.00000
0.00000
0.00000
0.00000
0.00000
0.00000
0.00000
0.00000
0.00000
0.00000
0.00000
0.00000
0.00000
0.00000
0.00000
0.00000
0.00000
0.00000
0.00000
0.00000
0.00000
0.00000
0.00000
0.00000
0.00000
0.00000
0.00000
0.00000
0.00000
0.00000
0.00000
0.00000
0.00000
0.00000
0.00000
0.00000
0.00000
0.00000
0.00000
0.00000
0.00000
0.00000
0.00000
0.00000
0.00000
0.00000
0.00000
0.00000
0.00000
0.00000
0.00000
0.00000
0.00000
0.00000
0.00000
0.00000
0.00000
0.00000
0.00000
0.00000
0.00000
0.00000
0.00000
0.00000
0.00000
0.00000
0.00000
0.00000
0.00000
0.00000
0.00000
0.00000
0.00000
0.00000
0.00000
0.00000
0.00000
0.00000
0.00000
0.00000
0.00000
0.00000
0.00000
0.00000
0.00000
0.00000
0.00000
0.00000
0.00000
0.00000
0.00000
0.00000
0.00000
0.00000
0.00000
0.00000
0.00000
0.00000
0.00000
0.00000
0.00000
0.00000
0.00000
0.00000
0.00000
0.00000
0.00000
0.00000
0.00000
0.00000
0.00000
0.00000
0.00000
0.00000
0.00000
0.00000
0.00000
0.00000
0.00000
0.00000
0.00000
0.00000
0.00000
0.00000
0.00000
0.00000
0.00000
0.00000
0.00000
0.00000
0.00000
0.00000
0.00000
0.00000
0.00000
0.00000
0.00000
0.00000
0.00000
0.00000
0.00000
0.00000
0.00000
0.00000
0.00000
0.00000
0.00000
0.00000
0.00000
0.00000
0.00000
0.00000
0.00000
0.00000
0.00000
0.00000
0.00000
0.00000
0.00000
0.00000
0.00000
0.00000
0.00000
0.00000
0.00000
0.00000
0.00000
0.00000
0.00000
0.00000
0.00000
0.00000
0.00000
0.00000
0.00000
0.00000
0.00000
0.00000
0.00000
0.00000
0.00000
0.00000
0.00000
0.00000
0.00000
0.00000
0.00000
0.00000
0.00000
0.00000
0.00000
0.00000
0.00000
0.00000
0.00000
0.00000
0.00000
0.00000
0.00000
0.00000
0.00000
0.00000
0.00000
0.00000
0.00000
0.00000
0.00000
0.00000
0.00000
0.00000
0.00000
0.00000
0.00000
0.00000
0.00000
0.00000
0.00000
0.00000
0.00000
0.00000
0.00000
0.00000
0.00000
0.00000
0.00000
0.00000
0.00000
0.00000
0.00000
0.00000
0.00000
0.00000
0.00000
0.00000
0.00000
0.00000
0.00000
0.00000
0.00000
0.00000
0.00000
0.00000
0.00000
0.00000
0.00000
0.00000
0.00000
0.00000
0.00000
0.00000
0.00000
0.00000
0.00000
0.00000
0.00000
0.00000
0.00000
0.00000
0.00000
0.00000
0.00000
0.00000
0.00000
0.00000
0.00000
0.00000
0.00000
0.00000
0.00000
0.00000
0.00000
0.00000
0.00000
0.00000
0.00000
0.00000
0.00000
0.00000
0.00000
0.00000
0.00000
0.00000
0.00000
0.00000
0.00000
0.00000
0.00000
0.00000
0.00000
0.00000
0.00000
0.00000
0.00000
0.00000
0.00000
0.00000
0.00000
0.00000
0.00000
0.00000
0.00000
0.00000
0.00000
0.00000
0.00000
0.00000
0.00000
0.00000
0.00000
0.00000
0.00000
0.00000
0.00000
0.00000
0.00000
0.00000
0.00000
0.00000
0.00000
0.00000
0.00000
0.00000
0.00000
0.00000
0.00000
0.00000
0.00000
0.00000
0.00000
0.00000
0.00000
0.00000
0.00000
0.00000
0.00000
0.00000
0.00000
0.00000
0.00000
0.00000
0.00000
0.00000
0.00000
0.00000
0.00000
0.00000
0.00000
0.00000
0.00000
0.00000
0.00000
0.00000
0.00000
0.00000
0.00000
0.00000
0.00000
0.00000
0.00000
0.00000
0.00000
0.00000
0.00000
0.00000
0.00000
0.00000
0.00000
0.00000
0.00000
0.00000
0.00000
0.00000
0.00000
0.00000
0.00000
0.00000
0.00000
0.00000
0.00000
0.00000
0.00000
0.00000
0.00000
0.00000
0.00000
0.00000
0.00000
0.00000
0.00000
0.00000
0.00000
0.00000
0.00000
0.00000
0.00000
0.00000
0.00000
0.00000
0.00000
0.00000
0.00000
0.00000
0.00000
0.00000
0.00000
0.00000
0.00000
0.00000
0.00000
0.00000
0.00000
0.00000
0.00000
0.00000
0.00000
0.00000
0.00000
0.00000
0.00000
0.00000
0.00000
0.00000
0.00000
0.00000
0.00000
0.00000
0.00000
0.00000
0.00000
0.00000
0.00000
0.00000
0.00000
0.00000
0.00000
0.00000
0.00000
0.00000
0.00000
0.00000
0.00000
0.00000
0.00000
0.00000
0.00000
0.00000
0.00000
0.00000
0.00000
0.00000
0.00000
0.00000
0.00000
0.00000
0.00000
0.00000
0.00000
0.00000
0.00000
0.00000
0.00000
0.00000
0.00000
0.00000
0.00000
0.00000
0.00000
0.00000
0.00000
0.00000
0.00000
0.00000
0.00000
0.00000
0.00000
0.00000
0.00000
0.00000
0.00000
0.00000
0.00000
0.00000
0.00000
0.00000
0.00000
0.00000
0.00000
0.00000
0.00000
0.00000
0.00000
0.00000
0.00000
0.00000
0.00000
0.00000
0.00000
0.00000
0.00000
0.00000
0.00000
0.00000
0.00000
0.00000
0.00000
0.00000
0.00000
0.00000
0.00000
0.00000
0.00000
0.00000
0.00000
0.00000
0.00000
0.00000
0.00000
0.00000
0.00000
0.00000
0.00000
0.00000
0.00000
0.00000
0.00000
0.00000
0.00000
0.00000
0.00000
0.00000
0.00000
0.00000
0.00000
0.00000
0.00000
0.00000
0.00000
0.00000
0.00000
0.00000
0.00000
0.00000
0.00000
0.00000
0.00000
0.00000
0.00000
0.00000
0.00000
0.00000
0.00000
0.00000
0.00000
0.00000
0.00000
0.00000
0.00000
0.00000
0.00000
0.00000
0.00000
0.00000
0.00000
0.00000
0.00000
0.00000
0.00000
0.00000
0.00000
0.00000
0.00000
0.00000
0.00000
0.00000
0.00000
0.00000
0.00000
0.00000
0.00000
0.00000
0.00000
0.00000
0.00000
0.00000
0.00000
0.00000
0.00000
0.00000
0.00000
0.00000
0.00000
0.00000
0.00000
0.00000
0.00000
0.00000
0.00000
0.00000
0.00000
0.00000
0.00000
0.00000
0.00000
0.00000
0.00000
0.00000
0.00000
0.00000
0.00000
0.00000
0.00000
0.00000
0.00000
0.00000
0.00000
0.00000
0.00000
0.00000
0.00000
0.00000
0.00000
0.00000
0.00000
0.00000
0.00000
0.00000
0.00000
0.00000
0.00000
0.00000
0.00000
0.00000
0.00000
0.00000
0.00000
0.00000
0.00000
0.00000
0.00000
0.00000
0.00000
0.00000
0.00000
0.00000
0.00000
0.00000
0.00000
0.00000
0.00000
0.00000
0.00000
0.00000
0.00000
0.00000
0.00000
0.00000
0.00000
0.00000
0.00000
0.00000
0.00000
0.00000
0.00000
0.00000
0.00000
0.00000
0.00000
0.00000
0.00000
0.00000
0.00000
0.00000
0.00000
0.00000
0.00000
0.00000
0.00000
0.00000
0.00000
0.00000
0.00000
0.00000
0.00000
0.00000
0.00000
0.00000
0.00000
0.00000
0.00000
0.00000
0.00000
0.00000
0.00000
0.00000
0.00000
0.00000
0.00000
0.00000
0.00000
0.00000
0.00000
0.00000
0.00000
0.00000
0.00000
0.00000
0.00000
0.00000
0.00000
0.00000
0.00000
0.00000
0.00000
0.00000
0.00000
0.00000
0.00000
0.00000
0.00000
0.00000
0.00000
0.00000
0.00000
0.00000
0.00000
0.00000
0.00000
0.00000
0.00000
0.00000
0.00000
0.00000
0.00000
0.00000
0.00000
0.00000
0.00000
0.00000
0.00000
0.00000
0.00000
0.00000
0.00000
0.00000
0.00000
0.00000
0.00000
0.00000
0.00000
0.00000
0.00000
0.00000
0.00000
0.00000
0.00000
0.00000
0.00000
0.00000
0.00000
0.00000
0.00000
0.00000
0.00000
0.00000
0.00000
0.00000
0.00000
0.00000
0.00000
0.00000
0.00000
0.00000
0.00000
0.00000
0.00000
0.00000
0.00000
0.00000
0.00000
0.00000
0.00000
0.00000
0.00000
0.00000
0.00000
0.00000
0.00000
0.00000
0.00000
0.00000
0.00000
0.00000
0.00000
0.00000
0.00000
0.00000
0.00000
0.00000
0.00000
0.00000
0.00000
0.00000
0.00000
0.00000
0.00000
0.00000
0.00000
0.00000
0.00000
0.00000
0.00000
0.00000
0.00000
0.00000
0.00000
0.00000
0.00000
0.00000
0.00000
0.00000
0.00000
0.00000
0.00000
0.00000
0.00000
0.00000
0.00000
0.00000
0.00000
0.00000
0.00000
0.00000
0.00000
0.00000
0.00000
0.00000
0.00000
0.00000
0.00000
0.00000
0.00000
0.00000
0.00000
0.00000
0.00000
0.00000
0.00000
0.00000
0.00000
0.00000
0.00000
0.00000
0.00000
0.00000
0.00000
0.00000
0.00000
0.00000
0.00000
0.00000
0.00000
0.00000
0.00000
0.00000
0.00000
0.00000
0.00000
0.00000
0.00000
0.00000
0.00000
0.00000
0.00000
0.00000
0.00000
0.00000
0.00000
0.00000
0.00000
0.00000
0.00000
0.00000
0.00000
0.00000
0.00000
0.00000
0.00000
0.00000
0.00000
0.00000
0.00000
0.00000
0.00000
0.00000
0.00000
0.00000
0.00000
0.00000
0.00000
0.00000
0.00000
0.00000
0.00000
0.00000
0.00000
0.00000
0.00000
0.00000
0.00000
0.00000
0.00000
0.00000
0.00000
0.00000
0.00000
0.00000
0.00000
0.00000
0.00000
0.00000
0.00000
0.00000
0.00000
0.00000
0.00000
0.00000
0.00000
0.00000
0.00000
0.00000
0.00000
0.00000
0.00000
0.00000
0.00000
0.00000
0.00000
0.00000
0.00000
0.00000
0.00000
0.00000
0.00000
0.00000
0.00000
0.00000
0.00000
0.00000
0.00000
0.00000
0.00000
0.00000
0.00000
0.00000
0.00000
0.00000
0.00000
0.00000
0.00000
0.00000
0.00000
0.00000
0.00000
0.00000
0.00000
0.00000
0.00000
0.00000
0.00000
0.00000
0.00000
0.00000
0.00000
0.00000
0.00000
0.00000
0.00000
0.00000
0.00000
0.00000
0.00000
0.00000
0.00000
0.00000
0.00000
0.00000
0.00000
0.00000
0.00000
0.00000
0.00000
0.00000
0.00000
0.00000
0.00000
0.00000
0.00000
0.00000
0.00000
0.00000
0.00000
0.00000
0.00000
0.00000
0.00000
0.00000
0.00000
0.00000
0.00000
0.00000
0.00000
0.00000
0.00000
0.00000
0.00000
0.00000
0.00000
0.00000
0.00000
0.00000
0.00000
0.00000
0.00000
0.00000
0.00000
0.00000
0.00000
0.00000
0.00000
0.00000
0.00000
0.00000
0.00000
0.00000
0.00000
0.00000
0.00000
0.00000
0.00000
0.00000
0.00000
0.00000
0.00000
0.00000
0.00000
0.00000
0.00000
0.00000
0.00000
0.00000
0.00000
0.00000
0.00000
0.00000
0.00000
0.00000
0.00000
0.00000
0.00000
0.00000
0.00000
0.00000
0.00000
0.00000
0.00000
0.00000
0.00000
0.00000
0.00000
0.00000
0.00000
0.00000
0.00000
0.00000
0.00000
0.00000
0.00000
0.00000
0.00000
0.00000
0.00000
0.00000
0.00000
0.00000
0.00000
0.00000
0.00000
0.00000
0.00000
0.00000
0.00000
0.00000
0.00000
0.00000
0.00000
0.00000
0.00000
0.00000
0.00000
0.00000
0.00000
0.00000
0.00000
0.00000
0.00000
0.00000
0.00000
0.00000
0.00000
0.00000
0.00000
0.00000
0.00000
0.00000
0.00000
0.00000
0.00000
0.00000
0.00000
0.00000
0.00000
0.00000
0.00000
0.00000
0.00000
0.00000
0.00000
0.00000
0.00000
0.00000
0.00000
0.00000
0.00000
0.00000
0.00000
0.00000
0.00000
0.00000
0.00000
0.00000
0.00000
0.00000
0.00000
0.00000
0.00000
0.00000
0.00000
0.00000
0.00000
0.00000
0.00000
0.00000
0.00000
0.00000
0.00000
0.00000
0.00000
0.00000
0.00000
0.00000
0.00000
0.00000
0.00000
0.00000
0.00000
0.00000
0.00000
0.00000
0.00000
0.00000
0.00000
0.00000
0.00000
0.00000
0.00000
0.00000
0.00000
0.00000
0.00000
0.00000
0.00000
0.00000
0.00000
0.00000
0.00000
0.00000
0.00000
0.00000
0.00000
0.00000
0.00000
0.00000
0.00000
0.00000
0.00000
0.00000
0.00000
0.00000
0.00000
0.00000
0.00000
0.00000
0.00000
0.00000
0.00000
0.00000
0.00000
0.00000
0.00000
0.00000
0.00000
0.00000
0.00000
0.00000
0.00000
0.00000
0.00000
0.00000
0.00000
0.00000
0.00000
0.00000
0.00000
0.00000
0.00000
0.00000
0.00000
0.00000
0.00000
0.00000
0.00000
0.00000
0.00000
0.00000
0.00000
0.00000
0.00000
0.00000
0.00000
0.00000
0.00000
0.00000
0.00000
0.00000
0.00000
0.00000
0.00000
0.00000
0.00000
0.00000
0.00000
0.00000
0.00000
0.00000
0.00000
0.00000
0.00000
0.00000
0.00000
0.00000
0.00000
0.00000
0.00000
0.00000
0.00000
0.00000
0.00000
0.00000
0.00000
0.00000
0.00000
0.00000
0.00000
0.00000
0.00000
0.00000
0.00000
0.00000
0.00000
0.00000
0.00000
0.00000
0.00000
0.00000
0.00000
0.00000
0.00000
0.00000
0.00000
0.00000
0.00000
0.00000
0.00000
0.00000
0.00000
0.00000
0.00000
0.00000
0.00000
0.00000
0.00000
0.00000
0.00000
0.00000
0.00000
0.00000
0.00000
0.00000
0.00000
0.00000
0.00000
0.00000
0.00000
0.00000
0.00000
0.00000
0.00000
0.00000
0.00000
0.00000
0.00000
0.00000
0.00000
0.00000
0.00000
0.00000
0.00000
0.00000
0.00000
0.00000
0.00000
0.00000
0.00000
0.00000
0.00000
0.00000
0.00000
0.00000
0.00000
0.00000
0.00000
0.00000
0.00000
0.00000
0.00000
0.00000
0.00000
0.00000
0.00000
0.00000
0.00000
0.00000
0.00000
0.00000
0.00000
0.00000
0.00000
0.00000
0.00000
0.00000
0.00000
0.00000
0.00000
0.00000
0.00000
0.00000
0.00000
0.00000
0.00000
0.00000
0.00000
0.00000
0.00000
0.00000
0.00000
0.00000
0.00000
0.00000
0.00000
0.00000
0.00000
0.00000
0.00000
0.00000
0.00000
0.00000
0.00000
0.00000
0.00000
0.00000
0.00000
0.00000
0.00000
0.00000
0.00000
0.00000
0.00000
0.00000
0.00000
0.00000
0.00000
0.00000
0.00000
0.00000
0.00000
0.00000
0.00000
0.00000
0.00000
0.00000
0.00000
0.00000
0.00000
0.00000
0.00000
0.00000
0.00000
0.00000
0.00000
0.00000
0.00000
0.00000
0.00000
0.00000
0.00000
0.00000
0.00000
0.00000
0.00000
0.00000
0.00000
0.00000
0.00000
0.00000
0.00000
0.00000
0.00000
0.00000
0.00000
0.00000
0.00000
0.00000
0.00000
0.00000
0.00000
0.00000
0.00000
0.00000
0.00000
0.00000
0.00000
0.00000
0.00000
0.00000
0.00000
0.00000
0.00000
0.00000
0.00000
0.00000
0.00000
0.00000
0.00000
0.00000
0.00000
0.00000
0.00000
0.00000
0.00000
0.00000
0.00000
0.00000
0.00000
0.00000
0.00000
0.00000
0.00000
0.00000
0.00000
0.00000
0.00000
0.00000
0.00000
0.00000
0.00000
0.00000
0.00000
0.00000
0.00000
0.00000
0.00000
0.00000
0.00000
0.00000
0.00000
0.00000
0.00000
0.00000
0.00000
0.00000
0.00000
0.00000
0.00000
0.00000
0.00000
0.00000
0.00000
0.00000
0.00000
0.00000
0.00000
0.00000
0.00000
0.00000
0.00000
0.00000
0.00000
0.00000
0.00000
0.00000
0.00000
0.00000
0.00000
0.00000
0.00000
0.00000
0.00000
0.00000
0.00000
0.00000
0.00000
0.00000
0.00000
0.00000
0.00000
0.00000
0.00000
0.00000
0.00000
0.00000
0.00000
0.00000
0.00000
0.00000
0.00000
0.00000
0.00000
0.00000
0.00000
0.00000
0.00000
0.00000
0.00000
0.00000
0.00000
0.00000
0.00000
0.00000
0.00000
0.00000
0.00000
0.00000
0.00000
0.00000
0.00000
0.00000
0.00000
0.00000
0.00000
0.00000
0.00000
0.00000
0.00000
0.00000
0.00000
0.00000
0.00000
0.00000
0.00000
0.00000
0.00000
0.00000
0.00000
0.00000
0.00000
0.00000
0.00000
0.00000
0.00000
0.00000
0.00000
0.00000
0.00000
0.00000
0.00000
0.00000
0.00000
0.00000
0.00000
0.00000
0.00000
0.00000
0.00000
0.00000
0.00000
0.00000
0.00000
0.00000
0.00000
0.00000
0.00000
0.00000
0.00000
0.00000
0.00000
0.00000
0.00000
0.00000
0.00000
0.00000
0.00000
0.00000
0.00000
0.00000
0.00000
0.00000
0.00000
0.00000
0.00000
0.00000
0.00000
0.00000
0.00000
0.00000
0.00000
0.00000
0.00000
0.00000
0.00000
0.00000
0.00000
0.00000
0.00000
0.00000
0.00000
0.00000
0.00000
0.00000
0.00000
0.00000
0.00000
0.00000
0.00000
0.00000
0.00000
0.00000
0.00000
0.00000
0.00000
0.00000
0.00000
0.00000
0.00000
0.00000
0.00000
0.00000
0.00000
0.00000
0.00000
0.00000
0.00000
0.00000
0.00000
0.00000
0.00000
0.00000
0.00000
0.00000
0.00000
0.00000
0.00000
0.00000
0.00000
0.00000
0.00000
0.00000
0.00000
0.00000
0.00000
0.00000
0.00000
0.00000
0.00000
0.00000
0.00000
0.00000
0.00000
0.00000
0.00000
0.00000
0.00000
0.00000
0.00000
0.00000
0.00000
0.00000
0.00000
0.00000
0.00000
0.00000
0.00000
0.00000
0.00000
0.00000
0.00000
0.00000
0.00000
0.00000
0.00000
0.00000
0.00000
0.00000
0.00000
0.00000
0.00000
0.00000
0.00000
0.00000
0.00000
0.00000
0.00000
0.00000
0.00000
0.00000
0.00000
0.00000
0.00000
0.00000
0.00000
0.00000
0.00000
0.00000
0.00000
0.00000
0.00000
0.00000
0.00000
0.00000
0.00000
0.00000
0.00000
0.00000
0.00000
0.00000
0.00000
0.00000
0.00000
0.00000
0.00000
0.00000
0.00000
0.00000
0.00000
0.00000
0.00000
0.00000
0.00000
0.00000
0.00000
0.00000
0.00000
0.00000
0.00000
0.00000
0.00000
0.00000
0.00000
0.00000
0.00000
0.00000
0.00000
0.00000
0.00000
0.00000
0.00000
0.00000
0.00000
0.00000
0.00000
0.00000
0.00000
0.00000
0.00000
0.00000
0.00000
0.00000
0.00000
0.00000
0.00000
0.00000
0.00000
0.00000
0.00000
0.00000
0.00000
0.00000
0.00000
0.00000
0.00000
0.00000
0.00000
0.00000
0.00000
0.00000
0.00000
0.00000
0.00000
0.00000
0.00000
0.00000
0.00000
0.00000
0.00000
0.00000
0.00000
0.00000
0.00000
0.00000
0.00000
0.00000
0.00000
0.00000
0.00000
0.00000
0.00000
0.00000
0.00000
0.00000
0.00000
0.00000
0.00000
0.00000
0.00000
0.00000
0.00000
0.00000
0.00000
0.00000
0.00000
0.00000
0.00000
0.00000
0.00000
0.00000
0.00000
0.00000
0.00000
0.00000
0.00000
0.00000
0.00000
0.00000
0.00000
0.00000
0.00000
0.00000
0.00000
0.00000
0.00000
0.00000
0.00000
0.00000
0.00000
0.00000
0.00000
0.00000
0.00000
0.00000
0.00000
0.00000
0.00000
0.00000
0.00000
0.00000
0.00000
0.00000
0.00000
0.00000
0.00000
0.00000
0.00000
0.00000
0.00000
0.00000
0.00000
0.00000
0.00000
0.00000
0.00000
0.00000
0.00000
0.00000
0.00000
0.00000
0.00000
0.00000
0.00000
0.00000
0.00000
0.00000
0.00000
0.00000
0.00000
0.00000
0.00000
0.00000
0.00000
0.00000
0.00000
0.00000
0.00000
0.00000
0.00000
0.00000
0.00000
0.00000
0.00000
0.00000
0.00000
0.00000
0.00000
0.00000
0.00000
0.00000
0.00000
0.00000
0.00000
0.00000
0.00000
0.00000
0.00000
0.00000
0.00000
0.00000
0.00000
0.00000
0.00000
0.00000
0.00000
0.00000
0.00000
0.00000
0.00000
0.00000
0.00000
0.00000
0.00000
0.00000
0.00000
0.00000
0.00000
0.00000
0.00000
0.00000
0.00000
0.00000
0.00000
0.00000
0.00000
0.00000
0.00000
0.00000
0.00000
0.00000
0.00000
0.00000
0.00000
0.00000
0.00000
0.00000
0.00000
0.00000
0.00000
0.00000
0.00000
0.00000
0.00000
0.00000
0.00000
0.00000
0.00000
0.00000
0.01915
0.01915
0.11684
0.31606
0.61790
1.01990
1.50375
2.05368
2.66629
3.33860
4.06282
4.82754
5.62887
6.46171
7.32523
8.21146
9.11710
10.03715
10.97108
11.91328
12.85327
13.77354
14.68296
15.58436
16.48139
17.37380
18.26502
19.15860
20.04747
20.93450
21.82138
22.71121
23.59704
24.48885
25.38062
26.27400
27.16703
28.06002
28.95376
29.84851
30.74098
31.63529
32.52950
33.42427
34.31865
35.21366
36.10907
37.00577
37.89677
38.79216
39.68799
40.58353
41.47924
42.37512
43.27072
44.16738
45.06255
45.95897
46.85464
47.75165
48.64451
49.54180
50.43962
51.33703
52.23186
53.12769
54.02321
54.91905
55.81517
56.71118
57.60762
58.50505
59.39608
60.29128
61.18765
62.08403
62.98017
63.87553
64.77073
65.66780
66.55943
67.45438
68.35029
69.24703
70.14360
71.04110
71.93678
72.83500
73.72796
74.62439
75.52167
76.41838
77.31442
78.20979
79.10555
80.00324
80.89914
81.79502
82.69025
83.58635
84.48215
85.37232
86.25916
87.14682
88.03207
88.91773
89.80293
90.68845
91.57554
92.46199
93.34809
94.23602
95.12193
96.00576
96.89582
97.79015
98.68550
99.57780
100.45164
101.29321
101.29321
102.09789
102.86731
103.60162
104.26513
104.81421
105.23796
105.53104
105.70767
105.78197
105.72651
105.52575
105.20916
104.79274
104.31936
103.79686
103.23860
102.62474
101.96589
101.30045
100.64014
100.00236
99.39140
98.79460
98.22605
97.68472
97.21529
96.83421
96.52942
96.52942
96.28542
96.09915
95.97064
95.89870
95.88328
95.96783
96.17497
96.47531
96.85090
97.28542
97.76690
98.31792
98.91889
99.55692
100.21927
100.87877
101.51738
102.13740
102.74645
103.34986
103.94152
104.45926
104.87117
105.18104
105.39629
105.53548
105.60822
105.61611
105.55981
105.41068
105.14793
104.79401
104.37104
103.89366
103.34717
102.74303
102.09209
101.41744
100.73162
100.05596
99.40493
98.79115
98.18705
97.60160
97.08580
96.66089
96.32419
96.06669
95.88197
95.76412
95.71130
95.71937
95.78545
95.94173
96.21060
96.56862
96.99620
97.48014
98.00613
98.57694
99.17699
99.78035
100.37784
100.99439
101.62495
102.26305
102.90040
103.53064
104.14112
104.67919
105.10957
105.43501
105.66221
105.79899
105.85395
105.83398
105.71526
105.48651
105.16992
104.78350
104.32758
103.80376
103.22196
102.58529
101.90810
101.21645
100.52090
99.83940
99.18755
98.56860
97.97613
97.40420
96.90550
96.49575
96.17386
95.92899
95.74894
95.63092
95.57467
95.58006
95.64573
95.80337
96.07334
96.43225
96.86045
97.34024
97.87173
98.45537
99.08511
99.73695
100.39847
101.04935
101.67355
102.28036
102.88029
103.47458
104.04844
104.60339
105.07819
105.44694
105.71600
105.89359
105.98979
106.01246
105.96453
105.84747
105.64266
105.33936
104.96042
104.52264
104.02837
103.46185
102.84406
102.17517
101.49095
100.80139
100.12528
99.47576
98.85097
98.24119
97.65790
97.13941
96.71043
96.36909
96.10524
95.90513
95.76566
95.68666
95.66976
95.71418
95.85234
96.10447
96.44755
96.86146
97.32835
97.85126
98.42255
99.04412
99.68995
100.34844
100.99620
101.61929
102.22388
102.82300
103.41331
103.99172
104.55164
105.03417
105.40905
105.68301
105.86457
105.96331
105.98799
105.94260
105.82928
105.62741
105.32474
104.94537
104.50821
104.00935
103.45063
102.83927
102.18350
101.51071
100.83260
100.16741
99.52896
98.90904
98.30399
97.71462
97.19144
96.75913
96.41423
96.14731
95.94538
95.80401
95.72392
95.70432
95.74463
95.87904
96.12968
96.47140
96.88480
97.35489
97.87253
98.44430
99.06410
99.70854
100.36572
101.01955
101.64497
102.25005
102.84733
103.43810
104.01620
104.57144
105.04806
105.41886
105.68982
105.86933
105.96649
105.99075
105.94498
105.83133
105.62921
105.32225
104.93247
104.48184
103.97605
103.41464
102.79856
102.16054
101.51303
100.87486
100.25453
99.63307
99.01644
98.40321
97.78548
97.10824
97.10824
96.40138
95.67968
94.95148
94.21753
93.49156
92.76482
92.03972
91.31505
90.59043
89.86638
89.14199
88.41716
87.69426
86.97114
86.24835
85.52532
84.80274
84.08017
83.35767
82.63501
81.91301
81.18921
80.46309
79.73474
79.00517
78.27361
77.54084
76.80672
76.07345
75.33947
74.60533
73.87146
73.13597
72.40036
71.66444
70.92639
70.19366
69.45797
68.72281
67.98660
67.25099
66.51604
65.77989
65.04267
64.30697
63.57081
62.83508
62.09949
61.36443
60.62888
59.89354
59.15589
58.42030
57.68476
56.94915
56.21367
55.47786
54.74288
54.00766
53.27133
52.53847
51.80471
51.06932
50.33195
49.59268
48.85206
48.11054
47.36675
46.62357
45.87817
45.13193
44.38556
43.63185
42.88489
42.13776
41.38938
40.64633
39.89794
39.14989
38.40176
37.65794
36.91864
36.18144
35.44292
34.70766
33.97015
33.23551
32.47251
31.73758
31.00309
30.26859
29.52810
28.79520
28.06079
27.32621
26.59153
25.85676
25.12212
24.38742
23.65173
22.91900
22.18454
21.45019
20.71553
19.98115
19.24663
18.51471
17.78021
17.04820
16.31143
15.57348
14.83299
14.09117
13.34873
12.60516
11.85905
11.11476
10.36938
9.62329
8.87700
8.13068
7.38417
6.63858
5.88966
5.14669
4.39959
3.65746
2.91840
2.18212
1.44643
0.71094
-0.02569
-0.75943
-1.49400
-2.22899
-2.96371
-3.69812
-4.43309
-5.16766
-5.90424
-6.63562
-7.37033
-8.10493
-8.83927
-9.57406
-10.30855
-11.04327
-11.77894
-12.51298
-13.24829
-13.98318
-14.71524
-15.44821
-16.18271
-16.91923
-17.65783
-18.39779
-19.13741
-19.87973
-20.62356
-21.36856
-22.11358
-22.85905
-23.60598
-24.35148
-25.09792
-25.84508
-26.59216
-27.41249
-28.33922
-29.29614
-30.21290
-31.02580
-31.71046
-32.24566
-32.62540
-32.94621
-33.38556
-34.00478
-34.74989
-35.55580
-36.36085
-37.10076
-37.82574
-38.53633
-39.13143
-39.57529
-39.85918
-39.99257
-39.99478
-39.88389
-39.67934
-39.39945
-39.04895
-38.63624
-38.15518
-37.60518
-36.99211
-36.32446
-35.61194
-34.86136
-34.11120
-33.37145
-32.65218
-31.95923
-31.27130
-30.58979
-29.91766
-29.30996
-28.81101
-28.41907
-28.12507
-27.92187
-27.79944
-27.74774
-27.76404
-27.87869
-28.10845
-28.42773
-28.81623
-29.26693
-29.78307
-30.35679
-30.96793
-31.60432
-32.23816
-32.84990
-33.43954
-34.02127
-34.59395
-35.15262
-35.64055
-36.03573
-36.34255
-36.57197
-36.73580
-36.83639
-36.83355
-36.70602
-36.47869
-36.17419
-35.79913
-35.35190
-34.83453
-34.27589
-33.67724
-33.06562
-32.45664
-31.83174
-31.18834
-30.53172
-29.86840
-29.27175
-28.77064
-28.37174
-28.07104
-27.86124
-27.72812
-27.66577
-27.67199
-27.77600
-27.99361
-28.29964
-28.67190
-29.11388
-29.62061
-30.19007
-30.79786
-31.43163
-32.06468
-32.67655
-33.27354
-33.86250
-34.44604
-35.01965
-35.52493
-35.93424
-36.25541
-36.49655
-36.67168
-36.78246
-36.78812
-36.66795
-36.44675
-36.14812
-35.77600
-35.33365
-34.82298
-34.26656
-33.67136
-33.06233
-32.45418
-31.82988
-31.18702
-30.53047
-29.86835
-29.26934
-28.76970
-28.37087
-28.06960
-27.86054
-27.72740
-27.66514
-27.67131
-27.77520
-27.99286
-28.29908
-28.67206
-29.11196
-29.62212
-30.19118
-30.79824
-31.43364
-32.06756
-32.68088
-33.27815
-33.86618
-34.44774
-35.01599
-35.51414
-35.91999
-36.23825
-36.47934
-36.65519
-36.76840
-36.77726
-36.65926
-36.44042
-36.14350
-35.77440
-35.33397
-34.82447
-34.27287
-33.67947
-33.07288
-32.46851
-31.84704
-31.20601
-30.55143
-29.89008
-29.29223
-28.79270
-28.39359
-28.09332
-27.88389
-27.75097
-27.68706
-27.69114
-27.79361
-28.01045
-28.31601
-28.68834
-29.12953
-29.63564
-30.20419
-30.81376
-31.44436
-32.07617
-32.68804
-33.28383
-33.87169
-34.45402
-35.02206
-35.52221
-35.92656
-36.24518
-36.48598
-36.66160
-36.77487
-36.83121
-36.95595
-37.26061
-37.71264
-38.27117
-38.88756
-39.51102
-40.09309
-40.59940
-41.01398
-41.33787
-41.58759
-41.78451
-41.93299
-42.03422
-42.09216
-42.11252
-42.10183
-42.06806
-42.02050
-41.96747
-41.91791
-41.87822
-41.85321
-41.84628
-41.86153
-41.90081
-41.96488
-42.05745
-42.17965
-42.32932
-42.50387
-42.70062
-42.91735
-43.15187
-43.39904
-43.65923
-43.92912
-44.21732
-44.50685
-44.80323
-45.10653
-45.41488
-45.72501
-46.03947
-46.35653
-46.67553
-46.99647
-47.31884
-47.64229
-47.96920
-48.29294
-48.61866
-48.94483
-49.27144
-49.59816
-49.92531
-50.25263
-50.58106
-50.90400
-51.22486
-51.54328
-51.86131
-52.17629
-52.49023
-52.80314
-53.11582
-53.42743
-53.73877
-54.05018
-54.36098
-54.67158
-54.98199
-55.30057
-55.61128
-55.92110
-56.23130
-56.54117
-56.85127
-57.16112
-57.47104
-57.78255
-58.09291
-58.40265
-58.71249
-59.02242
-59.33225
-59.64472
-59.91837
-60.11914
-60.25190
-60.31910
-60.35864
-60.40424
-60.45608
-60.51492
-60.57939
-60.72187
-61.00598
-61.41080
-61.97641
-62.70091
-63.51983
-64.37973
-65.24000
-66.07302
-66.85901
-67.57758
-68.20364
-68.69817
-69.06124
-69.29891
-69.42285
-69.44607
-69.38138
-69.24002
-69.00684
-68.67783
-68.27828
-67.81949
-67.29808
-66.71262
-66.07051
-65.38749
-64.69125
-63.99205
-63.30850
-62.65346
-62.02897
-61.42306
-60.87981
-60.42618
-60.05952
-59.77052
-59.54374
-59.37574
-59.26709
-59.21828
-59.26993
-59.44542
-59.71947
-60.07085
-60.48222
-60.95862
-61.49498
-62.07621
-62.69401
-63.31806
-63.92933
-64.53207
-65.13861
-65.74820
-66.35409
-66.89112
-67.32984
-67.66939
-67.91852
-68.09004
-68.19161
-68.22598
-68.16011
-67.97648
-67.70088
-67.35634
-66.94044
-66.45395
-65.90174
-65.31055
-64.68773
-64.05904
-63.44030
-62.82618
-62.21051
-61.64443
-61.15410
-60.74379
-60.40470
-60.12016
-59.88539
-59.70357
-59.57687
-59.55373
-59.66210
-59.87822
-60.17955
-60.54774
-60.98381
-61.48039
-62.05168
-62.66314
-63.30897
-63.96284
-64.60305
-65.21560
-65.80748
-66.37965
-66.94187
-67.50271
-67.98869
-68.36606
-68.63534
-68.80991
-68.89962
-68.91030
-68.84730
-68.69188
-68.43830
-68.11260
-67.71486
-67.24559
-66.70866
-66.12715
-65.49630
-64.84152
-64.17435
-63.51691
-62.87854
-62.24675
-61.61992
-61.05559
-60.57529
-60.18258
-59.87304
-59.62688
-59.43159
-59.28920
-59.20023
-59.16752
-59.23347
-59.43048
-59.73810
-60.13138
-60.58858
-61.10445
-61.67412
-62.28222
-62.92059
-63.56222
-64.18757
-64.79693
-65.40501
-65.99695
-66.57238
-67.14285
-67.69913
-68.17674
-68.54541
-68.81044
-68.97954
-69.06269
-69.06849
-69.00080
-68.84061
-68.57853
-68.23790
-67.83179
-67.35750
-66.81739
-66.22019
-65.57255
-64.88508
-64.18634
-63.48561
-62.80267
-62.14916
-61.53270
-60.93820
-60.36688
-59.86517
-59.45527
-59.13460
-58.89216
-58.71484
-58.59967
-58.54605
-58.55519
-58.62636
-58.78874
-59.06251
-59.42434
-59.85359
-60.33323
-60.86764
-61.44968
-62.08074
-62.73299
-63.39567
-64.04662
-64.67156
-65.27884
-65.88051
-66.47059
-67.04520
-67.59848
-68.07353
-68.44274
-68.71189
-68.88947
-68.98580
-69.00852
-68.96072
-68.84410
-68.63985
-68.33586
-67.95537
-67.51777
-67.01940
-66.46160
-65.85076
-65.19155
-64.51517
-63.83221
-63.16292
-62.51949
-61.90182
-61.30541
-60.72377
-60.20942
-59.78398
-59.44425
-59.17694
-58.97439
-58.83299
-58.75272
-58.73314
-58.77347
-58.90663
-59.15501
-59.49588
-59.90743
-60.37425
-60.88969
-61.45916
-62.07622
-62.71866
-63.37432
-64.01953
-64.63979
-65.24390
-65.84074
-66.43067
-67.00888
-67.56388
-68.04046
-68.41120
-68.68191
-68.86139
-68.95907
-68.98335
-68.93766
-68.82443
-68.64464
-68.40894
-68.10561
-67.74203
-67.32208
-66.84171
-66.31216
-65.73181
-65.11069
-64.44996
-63.75774
-63.03927
-62.29881
-61.53822
-60.76625
-59.98370
-59.20657
-58.43862
-57.68052
-56.93127
-56.19304
-55.45877
-54.72981
-54.00259
-53.27695
-52.55655
-51.84018
-51.12447
-50.41356
-49.70053
-48.99028
-48.28014
-47.56763
-46.85663
-46.14557
-45.43327
-44.72602
-44.01492
-43.30346
-42.59181
-41.88038
-41.16929
-40.45853
-39.74581
-39.03904
-38.32842
-37.61808
-36.90714
-36.19656
-35.48586
-34.76985
-34.05823
-33.34860
-32.63745
-31.92680
-31.21566
-30.50487
-29.79367
-29.08229
-28.36998
-27.66237
-26.95150
-26.23998
-25.52824
-24.81678
-24.10549
-23.39403
-22.68126
-21.97312
-21.26206
-20.55151
-19.83416
-19.12330
-18.39119
-17.67978
-16.96619
-16.25827
-15.54742
-14.83705
-14.12547
-13.41409
-12.70312
-11.99214
-11.27930
-10.56969
-9.85879
-9.14816
-8.43661
-7.72595
-7.01508
-6.30395
-5.59138
-4.88121
-4.16996
-3.45865
-2.74703
-2.03558
-1.32446
-0.61357
0.09842
0.80875
1.52015
2.23065
2.94182
3.65279
4.36343
5.07394
5.78752
6.49553
7.20668
7.91794
8.62978
9.34036
10.05166
10.76304
11.47588
12.18606
12.89734
13.60804
14.31892
15.02989
15.74154
16.45298
17.16481
17.87551
18.58618
19.29719
20.00905
20.71489
21.41980
22.12031
22.82084
23.51912
24.21765
24.91561
25.62987
26.38268
27.16535
27.97004
28.79151
29.64614
30.52836
31.40335
32.24527
33.03564
33.74582
34.34180
34.81738
35.17284
35.41651
35.55734
35.60488
35.53372
35.32912
35.01955
34.62909
34.18198
33.67756
33.11480
32.50068
31.86296
31.21129
30.56573
29.92982
29.29367
28.64930
28.00420
27.42331
26.93913
26.55338
26.26101
26.05023
25.90753
25.82931
25.81579
25.90060
26.10168
26.39438
26.75712
27.18517
27.67860
28.23593
28.83498
29.46873
30.10607
30.72671
31.32211
31.91386
32.49284
33.01188
33.44599
33.79735
34.08336
34.31189
34.48100
34.59052
34.59510
34.47050
34.24204
33.93246
33.55373
33.10769
32.59465
32.03520
31.44149
30.83324
30.22654
29.60879
28.97551
28.33084
27.74186
27.24078
26.83420
26.51686
26.27774
26.10372
25.99233
25.94339
25.99459
26.16674
26.43320
26.77339
27.18269
27.66079
28.20046
28.78677
29.41090
30.04274
30.65707
31.24712
31.82867
32.40757
32.97557
33.47544
33.88444
34.20661
34.45521
34.63905
34.76672
34.83786
34.85120
34.76433
34.54984
34.23291
33.83770
33.38086
32.87648
32.32447
31.73737
31.14126
30.53727
29.91298
29.27507
28.62336
27.96918
27.32086
26.68955
26.13328
25.68665
25.34696
25.10934
24.96451
24.90277
24.91558
24.99928
25.15114
25.38845
25.72137
26.12337
26.58021
27.09457
27.66773
28.29623
28.96748
29.65188
30.33914
31.00033
31.62924
32.21973
32.78561
33.33180
33.85201
34.33957
34.75040
35.06515
35.29304
35.44541
35.52237
35.52604
35.46155
35.30705
35.04433
34.70021
34.29104
33.82044
33.29034
32.70621
32.07441
31.42189
30.75726
30.10213
29.46413
28.83076
28.19663
27.56445
26.94468
26.39641
25.95033
25.60821
25.35907
25.19446
25.10259
25.07935
25.12343
25.23372
25.43143
25.72962
26.10577
26.54098
27.03241
27.58337
28.18661
28.83898
29.51344
30.19514
30.86246
31.49975
32.09755
32.67273
33.22641
33.75432
34.25602
34.68088
35.01108
35.25266
35.41563
35.50973
35.53687
35.49737
35.36313
35.11836
34.78602
34.38721
33.92682
33.40663
32.83081
32.20166
31.55017
30.88841
30.23281
29.59182
28.95287
28.31247
27.67329
27.04627
26.48910
26.03504
25.68081
25.42098
25.24773
25.14728
25.11591
25.15194
25.25409
25.44439
25.73666
26.10771
26.54220
27.03341
27.57092
28.17396
28.82783
29.49977
30.18085
30.84763
31.48496
32.08319
32.65730
33.21538
33.75145
34.25618
34.68477
35.01775
35.26180
35.42627
35.51977
35.54584
35.50551
35.37008
35.12313
34.78941
34.38998
33.93143
33.40898
32.83108
32.20282
31.55419
30.89435
30.24205
29.60182
28.96313
28.32275
27.68891
27.06289
26.43921
25.91001
25.55265
25.38899
25.42298
25.62653
25.95308
26.36657
26.83479
27.36496
27.96653
28.63608
29.36647
30.14841
30.97769
31.85365
32.76110
33.70039
34.65643
35.60859
36.55232
37.47754
38.38636
39.28150
40.15967
41.01346
41.85404
42.68710
43.51415
44.34059
45.16239
45.98105
46.78704
47.58860
48.38198
49.16963
49.96612
50.76837
51.57756
52.39952
53.23244
54.07659
54.91347
55.74439
56.52477
57.26305
57.92807
58.47954
58.90772
59.21572
59.40919
59.49101
59.46754
59.32798
59.07067
58.72433
58.31468
57.84183
57.30116
56.69949
56.04482
55.34595
54.63821
53.93226
53.24796
52.59536
51.97070
51.36683
50.82775
50.37780
50.01576
49.73469
49.52155
49.36950
49.28072
49.29813
49.44404
49.69183
50.01814
50.41412
50.87351
51.40190
51.97043
52.57027
53.17739
53.78253
54.40296
55.03978
55.68481
56.33212
56.91316
57.39279
57.76732
58.04126
58.22250
58.32122
58.31161
58.18104
57.95614
57.65443
57.27448
56.81800
56.29030
55.69919
55.07688
54.42879
53.77977
53.14828
52.53023
51.91325
51.35094
50.86717
50.46695
50.14662
49.88680
49.68331
49.53931
49.50277
49.59760
49.79846
50.08089
50.43484
50.86247
51.35836
51.90067
52.48006
53.07158
53.67146
54.28687
54.92497
55.57148
56.22023
56.80512
57.28937
57.67132
57.95438
58.14447
58.25293
58.25375
58.13390
57.91876
57.62620
57.25453
56.80483
56.28417
55.69851
55.08077
54.43733
53.79248
53.16232
52.54070
51.92201
51.36131
50.87642
50.47470
50.14990
49.88696
49.68130
49.53552
49.49771
49.59217
49.79432
50.07913
50.43519
50.86546
51.36357
51.90686
52.48883
53.08079
53.67828
54.29212
54.92380
55.56823
56.21669
56.80050
57.28505
57.66450
57.94680
58.13784
58.24751
58.24930
58.13008
57.91495
57.62227
57.25076
56.80236
56.28229
55.69761
55.07930
54.43754
53.79323
53.16337
52.54386
51.92662
51.36396
50.88015
50.47917
50.15471
49.89172
49.68575
49.54013
49.50185
49.59486
49.79421
50.07550
50.42804
50.85485
51.35110
51.89147
52.46971
53.05959
53.65586
54.27267
54.90995
55.55639
56.20707
56.79086
57.27541
57.65726
57.93989
58.13109
58.24322
58.24726
58.12897
57.91411
57.62208
57.25151
56.80384
56.28426
55.70076
55.08393
54.44066
53.79728
53.16889
52.54865
51.93157
51.36845
50.88500
50.48415
50.15879
49.89711
49.69117
49.54522
49.50715
49.60057
49.79958
50.08115
50.43431
50.86106
51.35497
51.89608
52.47491
53.06532
53.66223
54.28000
54.91901
55.56416
56.21243
56.79678
57.28124
57.66304
57.94603
58.13799
58.24775
58.25009
58.13152
57.91829
57.62846
57.25916
56.80918
56.28668
55.70285
55.08935
54.44702
53.80260
53.17222
52.55147
51.93466
51.30366
50.67446
50.03457
49.39462
48.74923
48.08488
47.39635
46.68595
45.95695
45.21468
44.46696
43.70032
42.92423
42.13956
41.34234
40.53403
39.71293
38.88530
38.06290
37.24513
36.42663
35.60487
34.77886
33.94374
33.10233
32.25075
31.39244
30.52587
29.65305
28.77429
27.88983
27.00548
26.11808
25.22547
24.33241
23.43585
22.53633
21.63438
20.73040
19.82514
18.91816
18.00719
17.10274
16.19350
15.27893
14.36850
13.45755
12.54361
11.63347
10.70359
9.79612
8.88524
7.97372
7.06237
6.15102
5.23925
4.32802
3.41575
2.50513
1.59423
0.68336
-0.22760
-1.13916
-2.05081
-2.96153
-3.88656
-4.79363
-5.70511
-6.61673
-7.52804
-8.44004
-9.34640
-10.24946
-11.15356
-12.05276
-12.95393
-13.85597
-14.75836
-15.66032
-16.56290
-17.46504
-18.37033
-19.26933
-20.17218
-21.07414
-21.97731
-22.88064
-23.78422
-24.68288
-25.58332
-26.42631
-27.15877
-27.77263
-28.26144
-28.66174
-29.01380
-29.32089
-29.59174
-29.82724
-30.09403
-30.45055
-30.88233
-31.42541
-32.08713
-32.81736
-33.57955
-34.33794
-35.04589
-35.66709
-36.18591
-36.59891
-36.91084
-37.12816
-37.26226
-37.32320
-37.28059
-37.11879
-36.86356
-36.53607
-36.13486
-35.66152
-35.11870
-34.52476
-33.89286
-33.23394
-32.57629
-31.93647
-31.31688
-30.70193
-30.08915
-29.48509
-28.95219
-28.52193
-28.19230
-27.95526
-27.79940
-27.71617
-27.70190
-27.78660
-27.98595
-28.27495
-28.63252
-29.06118
-29.55870
-30.11819
-30.71601
-31.33827
-31.96690
-32.58267
-33.19673
-33.81748
-34.38639
-34.87820
-35.28981
-35.62678
-35.90958
-36.13933
-36.31675
-36.43752
-36.45367
-36.33898
-36.11793
-35.81538
-35.44653
-35.00898
-34.50751
-33.95349
-33.35509
-32.74385
-32.13960
-31.54443
-30.94248
-30.33431
-29.72607
-29.18601
-28.74363
-28.39756
-28.14183
-27.96427
-27.85389
-27.81088
-27.86921
-28.04472
-28.31228
-28.64830
-29.05922
-29.54084
-30.08576
-30.67104
-31.28863
-31.91355
-32.52832
-33.14080
-33.76293
-34.33089
-34.82676
-35.24233
-35.58398
-35.87000
-36.10586
-36.28877
-36.41703
-36.44022
-36.33123
-36.11486
-35.81375
-35.44527
-35.01004
-34.51164
-33.95909
-33.36568
-32.75611
-32.15491
-31.56232
-30.96142
-30.35398
-29.74675
-29.20640
-28.76485
-28.41942
-28.16403
-27.98563
-27.87535
-27.83078
-27.88646
-28.06019
-28.32665
-28.66400
-29.07405
-29.55205
-30.09578
-30.67984
-31.29614
-31.92010
-32.53262
-33.14488
-33.76507
-34.33556
-34.83064
-35.24581
-35.58712
-35.87295
-36.10829
-36.29124
-36.41893
-36.44187
-36.33239
-36.11579
-35.81465
-35.44682
-35.01303
-34.51308
-33.96054
-33.36363
-32.75405
-32.15261
-31.55926
-30.95645
-30.34926
-29.74139
-29.20143
-28.75889
-28.41336
-28.15795
-27.97971
-27.86927
-27.82650
-27.88497
-28.06048
-28.32726
-28.66483
-29.07549
-29.55713
-30.10255
-30.68708
-31.30502
-31.93147
-32.54711
-33.16211
-33.78474
-34.35606
-34.85169
-35.26539
-35.60621
-35.89120
-36.12327
-36.30360
-36.42869
-36.44931
-36.33756
-36.11928
-35.81674
-35.44887
-35.01235
-34.51183
-33.95878
-33.36101
-32.74873
-32.14961
-31.55412
-30.95161
-30.34326
-29.73479
-29.19407
-28.75147
-28.40486
-28.15024
-27.97199
-27.86184
-27.81903
-27.87749
-28.05324
-28.32039
-28.65953
-29.06892
-29.55131
-30.10959
-30.72442
-31.37395
-32.05180
-32.73000
-33.39072
-34.01827
-34.61466
-35.15100
-35.60293
-35.96986
-36.27325
-36.52303
-36.71114
-36.83676
-36.90125
-36.90867
-36.88933
-36.87040
-36.87040
-36.85189
-36.83380
-36.81610
-36.79894
-36.78212
-36.76789
-36.75823
-36.75498
-36.76180
-36.78008
-36.81111
-36.85756
-36.92024
-36.99964
-37.09613
-37.20985
-37.34046
-37.48762
-37.65100
-37.82909
-38.02113
-38.22458
-38.43798
-38.65958
-38.88665
-39.11675
-39.34893
-39.57825
-39.80439
-40.02394
-40.23520
-40.43583
-40.62383
-40.79761
-40.95600
-41.09742
-41.22161
-41.32809
-41.41698
-41.48976
-41.48976
-41.54805
-41.59185
-41.62121
-41.63605
-41.64345
-41.64714
-41.64899
-41.64992
-41.65038
-41.65061
-41.65073
-41.65078
-41.65081
-41.65083
-41.65084
-41.65084
-41.65084
-41.65084
-41.65084
-41.65084
-41.65084
-41.65084
-41.65084
-41.65084
-41.65084
-41.65084
-41.65084
-41.65084
-41.65084
-41.65084
-41.65084
-41.65084
-41.65084
-41.65084
-41.65084
-41.65084
-41.65084
-41.65084
-41.65084
-41.65084
-41.65084
-41.65084
-41.65084
-41.65084
-41.65084
-41.65084
-41.65084
-41.65084
-41.65084
-41.65084
-41.65084
-41.65084
-41.65084
-41.65084
-41.65084
-41.65084
-41.65084
-41.65084
-41.65084
-41.65084
-41.65084
-41.65084
-41.65084
-41.65084
-41.65084
-41.65084
-41.65084
-41.65084
-41.65084
-41.65084
-41.65084
-41.65084
-41.65084
-41.65084
-41.65084
-41.65084
-41.65084
-41.65084
-41.65084
-41.65084
-41.65084
-41.65084
0.00000
0.00000
0.00000
0.00000
0.00000
0.00000
0.00000
0.00000
0.00000
0.00000
0.00000
0.00000
0.00000
0.00000
0.00000
0.00000
0.00000
0.00000
0.00000
0.00000
0.00000
0.00000
0.00000
0.00000
0.00000
0.00000
0.00000
0.00000
0.00000
0.00000
0.00000
0.00000
0.00000
0.00000
0.00000
0.00000
0.00000
0.00000
0.00000
0.00000
0.00000
0.00000
0.00000
0.00000
0.00000
0.00000
0.00000
0.00000
0.00000
0.00000
0.00000
0.00000
0.00000
0.00000
0.00000
0.00000
0.00000
0.00000
0.00000
0.00000
0.00000
0.00000
0.00000
0.00000
0.00000
0.00000
0.00000
0.00000
0.00000
0.00000
0.00000
0.00000
0.00000
0.00000
0.00000
0.00000
0.00000
0.00000
0.00000
0.00000
0.00000
0.00000
0.00000
0.00000
0.00000
0.00000
0.00000
0.00000
0.00000
0.00000
0.00000
0.00000
0.00000
0.00000
0.00000
0.00000
0.00000
0.00000
0.00000
0.00000
0.00000
0.00000
0.00000
0.00000
0.00000
0.00000
0.00000
0.00000
0.00000
0.00000
0.00000
0.00000
0.00000
0.00000
0.00000
0.00000
0.00000
0.00000
0.00000
0.00000
0.00000
0.00000
0.00000
0.00000
0.00000
0.00000
0.00000
0.00000
0.00000
0.00000
0.00000
0.00000
0.00000
0.00000
0.00000
0.00000
0.00000
0.00000
0.00000
0.00000
0.00000
0.00000
0.00000
0.00000
0.00000
0.00000
0.00000
0.00000
0.00000
0.00000
0.00000
0.00000
0.00000
0.00000
0.00000
0.00000
0.00000
0.00000
0.00000
0.00000
0.00000
0.00000
0.00000
0.00000
0.00000
0.00000
0.00000
0.00000
0.00000
0.00000
0.00000
0.00000
0.00000
0.00000
0.00000
0.00000
0.00000
0.00000
0.00000
0.00000
0.00000
0.00000
0.00000
0.00000
0.00000
0.00000
0.00000
0.00000
0.00000
0.00000
0.00000
0.00000
0.00000
0.00000
0.00000
0.00000
0.00000
0.00000
0.00000
0.00000
0.00000
0.00000
0.00000
0.00000
0.00000
0.00000
0.00000
0.00000
0.00000
0.00000
0.00000
0.00000
0.00000
0.00000
0.00000
0.00000
0.00000
0.00000
0.00000
0.00000
0.00000
0.00000
0.00000
0.00000
0.00000
0.00000
0.00000
0.00000
0.00000
0.00000
0.00000
0.00000
0.00000
0.00000
0.00000
0.00000
0.00000
0.00000
0.00000
0.00000
0.00000
0.00000
0.00000
0.00000
0.00000
0.00000
0.00000
0.00000
0.00000
0.00000
0.00000
0.00000
0.00000
0.00000
0.00000
0.00000
0.00000
0.00000
0.00000
0.00000
0.00000
0.00000
0.00000
0.00000
0.00000
0.00000
0.00000
0.00000
0.00000
0.00000
0.00000
0.00000
0.00000
0.00000
0.00000
0.00000
0.00000
0.00000
0.00000
0.00000
0.00000
0.00000
0.00000
0.00000
0.00000
0.00000
0.00000
0.00000
0.00000
0.00000
0.00000
0.00000
0.00000
0.00000
0.00000
0.00000
0.00000
0.00000
0.00000
0.00000
0.00000
0.00000
0.00000
0.00000
0.00000
0.00000
0.00000
0.00000
0.00000
0.00000
0.00000
0.00000
0.00000
0.00000
0.00000
0.00000
0.00000
0.00000
0.00000
0.00000
0.00000
0.00000
0.00000
0.00000
0.00000
0.00000
0.00000
0.00000
0.00000
0.00000
0.00000
0.00000
0.00000
0.00000
0.00000
0.00000
0.00000
0.00000
0.00000
0.00000
0.00000
0.00000
0.00000
0.00000
0.00000
0.00000
0.00000
0.00000
0.00000
0.00000
0.00000
0.00000
0.00000
0.00000
0.00000
0.00000
0.00000
0.00000
0.00000
0.00000
0.00000
0.00000
0.00000
0.00000
0.00000
0.00000
0.00000
0.00000
0.00000
0.00000
0.00000
0.00000
0.00000
0.00000
0.00000
0.00000
0.00000
0.00000
0.00000
0.00000
0.00000
0.00000
0.00000
0.00000
0.00000
0.00000
0.00000
0.00000
0.00000
0.00000
0.00000
0.00000
0.00000
0.00000
0.00000
0.00000
0.00000
0.00000
0.00000
0.00000
0.00000
0.00000
0.00000
0.00000
0.00000
0.00000
0.00000
0.00000
0.00000
0.00000
0.00000
0.00000
0.00000
0.00000
0.00000
0.00000
0.00000
0.00000
0.00000
0.00000
0.00000
0.00000
0.00000
0.00000
0.00000
0.00000
0.00000
0.00000
0.00000
0.00000
0.00000
0.00000
0.00000
0.00000
0.00000
0.00000
0.00000
0.00000
0.00000
0.00000
0.00000
0.00000
0.00000
0.00000
0.00000
0.00000
0.00000
0.00000
0.00000
0.00000
0.00000
0.00000
0.00000
0.00000
0.00000
0.00000
0.00000
0.00000
0.00000
0.00000
0.00000
0.00000
0.00000
0.00000
0.00000
0.00000
0.00000
0.00000
0.00000
0.00000
0.00000
0.00000
0.00000
0.00000
0.00000
0.00000
0.00000
0.00000
0.00000
0.00000
0.00000
0.00000
0.00000
0.00000
0.00000
0.00000
0.00000
0.00000
0.00000
0.00000
0.00000
0.00000
0.00000
0.00000
0.00000
0.00000
0.00000
0.00000
0.00000
0.00000
0.00000
0.00000
0.00000
0.00000
0.00000
0.00000
0.00000
0.00000
0.00000
0.00000
0.00000
0.00000
0.00000
0.00000
0.00000
0.00000
0.00000
0.00000
0.00000
0.00000
0.00000
0.00000
0.00000
0.00000
0.00000
0.00000
0.00000
0.00000
0.00000
0.00000
0.00000
0.00000
0.00000
0.00000
0.00000
0.00000
0.00000
0.00000
0.00000
0.00000
0.00000
0.00000
0.00000
0.00000
0.00000
0.00000
0.00000
0.00000
0.00000
0.00000
0.00000
0.00000
0.00000
0.00000
0.00000
0.00000
0.00000
0.00000
0.00000
0.00000
0.00000
0.00000
0.00000
0.00000
0.00000
0.00000
0.00000
0.00000
0.00000
0.00000
0.00000
0.00000
0.00000
0.00000
0.00000
0.00000
0.00000
0.00000
0.00000
0.00000
0.00000
0.00000
0.00000
0.00000
0.00000
0.00000
0.00000
0.00000
0.00000
0.00000
0.00000
0.00000
0.00000
0.00000
0.00000
0.00000
0.00000
0.00000
0.00000
0.00000
0.00000
0.00000
0.00000
0.00000
0.00000
0.00000
0.00000
0.00000
0.00000
0.00000
0.00000
0.00000
0.00000
0.00000
0.00000
0.00000
0.00000
0.00000
0.00000
0.00000
0.00000
0.00000
0.00000
0.00000
0.00000
0.00000
0.00000
0.00000
0.00000
0.00000
0.00000
0.00000
0.00000
0.00000
0.00000
0.00000
0.00000
0.00000
0.00000
0.00000
0.00000
0.00000
0.00000
0.00000
0.00000
0.00000
0.00000
0.00000
0.00000
0.00000
0.00000
0.00000
0.00000
0.00000
0.00000
0.00000
0.00000
0.00000
0.00000
0.00000
0.00000
0.00000
0.00000
0.00000
0.00000
0.00000
0.00000
0.00000
0.00000
0.00000
0.00000
0.00000
0.00000
0.00000
0.00000
0.00000
0.00000
0.00000
0.00000
0.00000
0.00000
0.00000
0.00000
0.00000
0.00000
0.00000
0.00000
0.00000
0.00000
0.00000
0.00000
0.00000
0.00000
0.00000
0.00000
0.00000
0.00000
0.00000
0.00000
0.00000
0.00000
0.00000
0.00000
0.00000
0.00000
0.00000
0.00000
0.00000
0.00000
0.00000
0.00000
0.00000
0.00000
0.00000
0.00000
0.00000
0.00000
0.00000
0.00000
0.00000
0.00000
0.00000
0.00000
0.00000
0.00000
0.00000
0.00000
0.00000
0.00000
0.00000
0.00000
0.00000
0.00000
0.00000
0.00000
0.00000
0.00000
0.00000
0.00000
0.00000
0.00000
0.00000
0.00000
0.00000
0.00000
0.00000
0.00000
0.00000
0.00000
0.00000
0.00000
0.00000
0.00000
0.00000
0.00000
0.00000
0.00000
0.00000
0.00000
0.00000
0.00000
0.00000
0.00000
0.00000
0.00000
0.00000
0.00000
0.00000
0.00000
0.00000
0.00000
0.00000
0.00000
0.00000
0.00000
0.00000
0.00000
0.00000
0.00000
0.00000
0.00000
0.00000
0.00000
0.00000
0.00000
0.00000
0.00000
0.00000
0.00000
0.00000
0.00000
0.00000
0.00000
0.00000
0.00000
0.00000
0.00000
0.00000
0.00000
0.00000
0.00000
0.00000
0.00000
0.00000
0.00000
0.00000
0.00000
0.00000
0.00000
0.00000
0.00000
0.00000
0.00000
0.00000
0.00000
0.00000
0.00000
0.00000
0.00000
0.00000
0.00000
0.00000
0.00000
0.00000
0.00000
0.00000
0.00000
0.00000
0.00000
0.00000
0.00000
0.00000
0.00000
0.00000
0.00000
0.00000
0.00000
0.00000
0.00000
0.00000
0.00000
0.00000
0.00000
0.00000
0.00000
0.00000
0.00000
0.00000
0.00000
0.00000
0.00000
0.00000
0.00000
0.00000
0.00000
0.00000
0.00000
0.00000
0.00000
0.00000
0.00000
0.00000
0.00000
0.00000
0.00000
0.00000
0.00000
0.00000
0.00000
0.00000
0.00000
0.00000
0.00000
0.00000
0.00000
0.00000
0.00000
0.00000
0.00000
0.00000
0.00000
0.00000
0.00000
0.00000
0.00000
0.00000
0.00000
0.00000
0.00000
0.00000
0.00000
0.00000
0.00000
0.00000
0.00000
0.00000
0.00000
0.00000
0.00000
0.00000
0.00000
0.00000
0.00000
0.00000
0.00000
0.00000
0.00000
0.00000
0.00000
0.00000
0.00000
0.00000
0.00000
0.00000
0.00000
0.00000
0.00000
0.00000
0.00000
0.00000
0.00000
0.00000
0.00000
0.00000
0.00000
0.00000
0.00000
0.00000
0.00000
0.00000
0.00000
0.00000
0.00000
0.00000
0.00000
0.00000
0.00000
0.00000
0.00000
0.00000
0.00000
0.00000
0.00000
0.00000
0.00000
0.00000
0.00000
0.00000
0.00000
0.00000
0.00000
0.00000
0.00000
0.00000
0.00000
0.00000
0.00000
0.00000
0.00000
0.00000
0.00000
0.00000
0.00000
0.00000
0.00000
0.00000
0.00000
0.00000
0.00000
0.00000
0.00000
0.00000
0.00000
0.00000
0.00000
0.00000
0.00000
0.00000
0.00000
0.00000
0.00000
0.00000
0.00000
0.00000
0.00000
0.00000
0.00000
0.00000
0.00000
0.00000
0.00000
0.00000
0.00000
0.00000
0.00000
0.00000
0.00000
0.00000
0.00000
0.00000
0.00000
0.00000
0.00000
0.00000
0.00000
0.00000
0.00000
0.00000
0.00000
0.00000
0.00000
0.00000
0.00000
0.00000
0.00000
0.00000
0.00000
0.00000
0.00000
0.00000
0.00000
0.00000
0.00000
0.00000
0.00000
0.00000
0.00000
0.00000
0.00000
0.00000
0.00000
0.00000
0.00000
0.00000
0.00000
0.00000
0.00000
0.00000
0.00000
0.00000
0.00000
0.00000
0.00000
0.00000
0.00000
0.00000
0.00000
0.00000
0.00000
0.00000
0.00000
0.00000
0.00000
0.00000
0.00000
0.00000
0.00000
0.00000
0.00000
0.00000
0.00000
0.00000
0.00000
0.00000
0.00000
0.00000
0.00000
0.00000
0.00000
0.00000
0.00000
0.00000
0.00000
0.00000
0.00000
0.00000
0.00000
0.00000
0.00000
0.00000
0.00000
0.00000
0.00000
0.00000
0.01054
0.05674
0.05674
0.14189
0.27024
0.50040
0.84722
1.28238
1.78966
2.35662
2.95021
3.56265
4.18773
4.81850
5.45466
6.09227
6.73008
7.36652
8.00597
8.65103
9.30473
9.96911
10.63248
11.29791
11.96512
12.63639
13.31601
14.00781
14.71059
15.42439
16.15000
16.88562
17.62994
18.37927
19.13403
19.89531
20.66403
21.43488
22.21068
22.98803
23.77015
24.55437
25.34074
26.12982
26.92050
27.70582
28.49521
29.28593
30.07693
30.86877
31.66117
32.45299
33.24684
34.03542
34.82833
35.62102
36.41400
37.20757
38.00060
38.79326
39.58796
40.38007
41.17326
41.96651
42.75942
43.55257
44.34537
45.13869
45.93400
46.72290
47.51552
48.30784
49.10122
49.89458
50.68761
51.47993
52.27452
53.06351
53.85628
54.64894
55.44137
56.23407
57.02599
57.81871
58.61380
59.40292
60.19554
60.98840
61.78151
62.57408
63.36630
64.15897
64.95273
65.74516
66.53861
67.32620
68.11094
68.89396
69.67540
70.45661
71.23910
72.01670
72.80762
73.62454
74.46279
75.31285
76.18786
77.08505
77.08505
77.97868
78.84220
79.67129
80.42956
81.07792
81.60595
82.01711
82.31793
82.51654
82.62422
82.64312
82.54079
82.30565
81.96772
81.55278
81.08201
80.55666
79.98317
79.37655
78.75113
78.13054
77.52161
76.90834
76.28341
75.65378
75.02863
74.41107
73.86834
73.43413
73.10554
72.87598
72.87598
72.73586
72.67335
72.67743
72.78266
73.01076
73.33490
73.73129
74.18538
74.69853
75.27299
75.87721
76.50299
77.12595
77.73121
78.34053
78.95048
79.56026
80.11070
80.56667
80.93677
81.22710
81.45457
81.62276
81.73155
81.78065
81.72820
81.54904
81.26809
80.90816
80.48752
80.00592
79.46532
78.88215
78.26532
77.64647
77.04230
76.44099
75.83300
75.22083
74.61254
74.07466
73.63702
73.29918
73.05273
72.88645
72.78982
72.75987
72.82971
73.01691
73.29622
73.64259
74.06056
74.54819
75.10100
75.69318
76.31739
76.94738
77.56729
78.18426
78.80372
79.37281
79.86485
80.27668
80.61574
80.89991
81.13133
81.30980
81.43181
81.44930
81.33618
81.11749
80.81541
80.44752
80.01009
79.50920
78.95513
78.35678
77.74592
77.14346
76.54841
75.94703
75.33834
74.73106
74.19045
73.74836
73.40239
73.14668
72.96843
72.85836
72.81562
72.87396
73.04949
73.31629
73.65376
74.06431
74.54633
75.09123
75.67794
76.29607
76.92227
77.53719
78.15025
78.77117
79.41342
79.99766
80.49458
80.89937
81.21727
81.46258
81.64540
81.76538
81.82284
81.77720
81.60526
81.33439
80.98689
80.57461
80.09750
79.55647
78.97364
78.35800
77.73738
77.13371
76.53056
75.92225
75.31047
74.70278
74.16441
73.72503
73.38278
73.12661
72.95464
72.85089
72.81426
72.87878
73.06184
73.33700
73.68303
74.09755
74.58362
75.13728
75.72836
76.35100
76.98052
77.59831
78.21610
78.83498
79.40304
79.89771
80.30845
80.64751
80.93111
81.16187
81.33832
81.45780
81.47349
81.35930
81.13988
80.83768
80.46962
80.03197
79.52900
78.97556
78.37808
77.76722
77.16479
76.56473
75.95613
75.34603
74.73615
74.19571
73.75222
73.40568
73.14963
72.97085
72.85986
72.81616
72.87287
73.04605
73.31106
73.64725
74.05688
74.53780
75.08131
75.66527
76.28298
76.90691
77.52106
78.13603
78.75595
79.33163
79.82648
80.24625
80.58691
80.87071
81.10563
81.28922
81.41604
81.43753
81.32623
81.10648
80.80315
80.43366
79.99690
79.49584
78.94147
78.34249
77.73119
77.12837
76.53090
75.92826
75.31950
74.71110
74.09592
73.46041
72.77946
72.77946
72.09614
71.43589
70.82191
70.25394
69.70463
69.16462
68.62888
68.09837
67.57370
67.05156
66.53766
66.02269
65.50193
64.97298
64.43743
63.90018
63.35871
62.81188
62.25951
61.69759
61.12297
60.53274
59.92763
59.30553
58.66496
58.01342
57.35399
56.68386
56.00454
55.31728
54.62357
53.92367
53.21876
52.50885
51.80041
51.08584
50.37062
49.65369
48.93566
48.21645
47.49634
46.77442
46.05326
45.33122
44.60932
43.88729
43.16436
42.44139
41.71812
40.99410
40.27129
39.54770
38.82413
38.10041
37.37645
36.65249
35.92922
35.20349
34.48271
33.75906
33.03596
32.31129
31.58774
30.86433
30.14104
29.41693
28.69329
27.97007
27.24702
26.52378
25.80061
25.07726
24.35440
23.63038
22.90728
22.18366
21.46030
20.73842
20.01513
19.29111
18.56723
17.84282
17.11820
16.39791
15.67486
14.95157
14.22880
13.50488
12.78084
12.05671
11.33428
10.61145
9.88810
9.16510
8.44266
7.71964
6.99693
6.27459
5.55202
4.82932
4.10644
3.38338
2.65990
1.93704
1.21403
0.48927
-0.23133
-0.95430
-1.67781
-2.40051
-3.12348
-3.84619
-4.56947
-5.29370
-6.01641
-6.73998
-7.46323
-8.18694
-8.91117
-9.63534
-10.35894
-11.08328
-11.80335
-12.52637
-13.24939
-13.97230
-14.69541
-15.41855
-16.14226
-16.86211
-17.57431
-18.28779
-19.00065
-19.71221
-20.42375
-21.13546
-21.84601
-22.55813
-23.26849
-23.97950
-24.69055
-25.40148
-26.11165
-26.82183
-27.46668
-27.99102
-28.39560
-28.69336
-28.88847
-29.03458
-29.18087
-29.32651
-29.47117
-29.68730
-30.03687
-30.49317
-31.03389
-31.69028
-32.47037
-33.32023
-34.18719
-35.03305
-35.82574
-36.55111
-37.18408
-37.69524
-38.08511
-38.35464
-38.50861
-38.55973
-38.52102
-38.40508
-38.21765
-37.96671
-37.63655
-37.21545
-36.72953
-36.19680
-35.62492
-35.00294
-34.33945
-33.62432
-32.90641
-32.19691
-31.51227
-30.86214
-30.25577
-29.67756
-29.10442
-28.54600
-28.06874
-27.70431
-27.44599
-27.28350
-27.20733
-27.20526
-27.27202
-27.40267
-27.61969
-27.94329
-28.35162
-28.82172
-29.33524
-29.89935
-30.51678
-31.15341
-31.79955
-32.43516
-33.05903
-33.66498
-34.25687
-34.79235
-35.24590
-35.61675
-35.92335
-36.17509
-36.38014
-36.53539
-36.63900
-36.69038
-36.63713
-36.44445
-36.13962
-35.74770
-35.28891
-34.77953
-34.21584
-33.60942
-32.99023
-32.38023
-31.78040
-31.17541
-30.56553
-29.95695
-29.34298
-28.73566
-28.20331
-27.78594
-27.48496
-27.29130
-27.19540
-27.18693
-27.28434
-27.49401
-27.78656
-28.14811
-28.57394
-29.06829
-29.62834
-30.24743
-30.88753
-31.54672
-32.19971
-32.83836
-33.47992
-34.10491
-34.66823
-35.15846
-35.55291
-35.87374
-36.13596
-36.35136
-36.51526
-36.62718
-36.68444
-36.63465
-36.44738
-36.14866
-35.76324
-35.31192
-34.81189
-34.24918
-33.64739
-33.01511
-32.38440
-31.76662
-31.16086
-30.57003
-29.98490
-29.41157
-28.84205
-28.28466
-27.80777
-27.43407
-27.17410
-27.01030
-26.93397
-26.93940
-27.04891
-27.26954
-27.57273
-27.94667
-28.40193
-28.92819
-29.51795
-30.16063
-30.83039
-31.52027
-32.20502
-32.87016
-33.50517
-34.14542
-34.78070
-35.35408
-35.83734
-36.22739
-36.52441
-36.74349
-36.89580
-36.98433
-37.01000
-36.97667
-36.85017
-36.60452
-36.26606
-35.85435
-35.38738
-34.87687
-34.31737
-33.72317
-33.12397
-32.52468
-31.91343
-31.28837
-30.65658
-30.02659
-29.40551
-28.80055
-28.27047
-27.84834
-27.53184
-27.31317
-27.18426
-27.13510
-27.16007
-27.28209
-27.51184
-27.82592
-28.20391
-28.65208
-29.16832
-29.74444
-30.37459
-31.04737
-31.73448
-32.42719
-33.10382
-33.75228
-34.36736
-34.96387
-35.53649
-36.03873
-36.45069
-36.77583
-37.02518
-37.21161
-37.33714
-37.40012
-37.40050
-37.33958
-37.18170
-36.90282
-36.53330
-36.09197
-35.59955
-35.05825
-34.46792
-33.84930
-33.21454
-32.58568
-31.98415
-31.37635
-30.76495
-30.15505
-29.55419
-28.96909
-28.46118
-28.06412
-27.77497
-27.58277
-27.47869
-27.45240
-27.52846
-27.71922
-27.99855
-28.34946
-28.77128
-29.26431
-29.82306
-30.43947
-31.08569
-31.75332
-32.41851
-33.06738
-33.68935
-34.30300
-34.85911
-35.33245
-35.72137
-36.03368
-36.28742
-36.48526
-36.62488
-36.70593
-36.73223
-36.66286
-36.47246
-36.18476
-35.82010
-35.39246
-34.90359
-34.34338
-33.72178
-33.04410
-32.31704
-31.54837
-30.74133
-29.90427
-29.04226
-28.15727
-27.25621
-26.35326
-25.45506
-24.56880
-23.69888
-22.83777
-21.99308
-21.14868
-20.31010
-19.47358
-18.63779
-17.80104
-16.96333
-16.12301
-15.28955
-14.45819
-13.62739
-12.79696
-11.96649
-11.13550
-10.30565
-9.47197
-8.64305
-7.80926
-6.97622
-6.14092
-5.30873
-4.47512
-3.64180
-2.80687
-1.97393
-1.13837
-0.30421
0.52983
1.36359
2.19715
3.03157
3.86847
4.69964
5.53426
6.36837
7.20214
8.03519
8.86817
9.70165
10.53733
11.36693
12.20075
13.03418
13.86804
14.70098
15.53374
16.36652
17.20115
18.03258
18.86634
19.70076
20.53492
21.36847
22.20161
23.03426
23.86546
24.69532
25.52751
26.36196
27.19736
28.03401
28.87186
29.71042
30.55115
31.39196
32.23432
33.07601
33.91901
34.76235
35.60541
36.44834
37.28781
38.12244
38.97017
39.80582
40.63890
41.47180
42.30368
43.13562
43.97167
44.80339
45.63561
46.46756
47.30007
48.13219
48.96475
49.79783
50.63213
51.46394
52.29662
53.13009
53.96306
54.79538
55.62827
56.46225
57.29743
58.12646
58.95931
59.79257
60.62556
61.45838
62.29148
63.12507
63.96092
64.78746
65.61789
66.44899
67.28259
68.11781
68.95428
69.79200
70.63202
71.47135
72.31122
73.15223
73.99376
74.83568
75.67753
76.52003
77.36927
78.20335
79.03773
79.87031
80.70253
81.53606
82.37000
83.20218
84.03600
84.86791
85.70122
86.53387
87.36618
88.19883
89.03105
89.86337
90.69831
91.52787
92.36054
93.19051
94.02050
94.85379
95.70208
96.56036
97.42247
98.27995
99.15598
100.03930
100.90972
101.75201
102.55647
103.31434
103.99672
104.56075
105.00476
105.33239
105.54428
105.65332
105.66838
105.56643
105.33503
105.00613
104.60224
104.14281
103.62317
103.04852
102.42029
101.74505
101.08540
100.43775
99.81797
99.20588
98.60350
98.06399
97.60984
97.24061
96.94406
96.70483
96.52100
96.39415
96.32529
96.35785
96.51722
96.77848
97.12049
97.52238
97.98817
98.51750
99.09431
99.71110
100.33681
100.95295
101.55598
102.15720
102.76387
103.36776
103.90215
104.33769
104.67595
104.92385
105.09537
105.19679
105.23168
105.16605
104.98274
104.70780
104.36382
103.94838
103.46093
102.91070
102.31957
101.69620
101.06671
100.44901
99.83316
99.21498
98.64610
98.15637
97.74482
97.40553
97.12124
96.88691
96.70545
96.57947
96.55825
96.66950
96.88802
97.19119
97.55975
97.99656
98.49798
99.05128
99.65008
100.26058
100.86235
101.45775
102.06051
102.66907
103.27803
103.81980
104.26276
104.60813
104.86351
105.04168
105.15151
105.19402
105.13518
104.95924
104.69084
104.35412
103.94355
103.46161
102.91700
102.33194
101.71413
101.08962
100.47328
99.86096
99.24075
98.67030
98.17573
97.76077
97.41929
97.13353
96.89736
96.71429
96.58377
96.56200
96.67229
96.88927
97.19053
97.55696
97.99347
98.49319
99.04961
99.64755
100.25741
100.85879
101.45402
102.05689
102.66643
103.27461
103.81538
104.25818
104.60408
104.85988
105.03800
105.14784
105.19047
105.13180
104.95497
104.68606
104.34666
103.93702
103.45665
102.90961
102.32137
101.70554
101.08029
100.46584
99.85307
99.23240
98.66175
98.16665
97.75095
97.40982
97.12418
96.88854
96.70549
96.57766
96.55461
96.66380
96.88048
97.18122
97.54754
97.98259
98.48186
99.03375
99.63016
100.23996
100.84215
101.43414
102.03496
102.64207
103.24918
103.78826
104.23060
104.57624
104.83231
105.01061
105.12100
105.16555
105.11009
104.93666
104.67047
104.33366
103.92393
103.44700
102.90411
102.32119
101.70508
101.08239
100.47029
99.85884
99.23807
98.66847
98.17335
97.75855
97.41730
97.13163
96.89567
96.71259
96.58461
96.56155
96.67040
96.88636
97.18692
97.55460
97.98862
98.48791
99.04003
99.63549
100.24422
100.84462
101.43788
102.03867
102.64572
103.25289
103.79325
104.23498
104.58077
104.83608
105.01445
105.12469
105.16918
105.11363
104.93983
104.67351
104.33667
103.92735
103.45016
102.90721
102.32425
101.70862
101.08466
100.47513
99.86390
99.24395
98.60260
97.97029
97.32067
96.64010
95.93063
95.19620
94.43513
93.65261
92.85344
92.03759
91.20736
90.35794
89.49566
88.62529
87.74252
86.84896
85.94394
85.04041
84.13883
83.23842
82.33613
81.43450
80.52668
79.61225
78.68993
77.76567
76.83732
75.90390
74.96429
74.02288
73.07650
72.12801
71.17691
70.22348
69.26839
68.31233
67.35303
66.39603
65.43743
64.47784
63.51726
62.55645
61.59636
60.63544
59.67244
58.71199
57.75006
56.78842
55.83137
54.87678
53.91939
52.96047
51.99972
51.03987
50.07831
49.11585
48.15203
47.18804
46.22403
45.25946
44.29196
43.32751
42.36206
41.39577
40.43602
39.47708
38.51917
37.56175
36.60162
35.64360
34.68553
33.72675
32.76775
31.80956
30.84943
29.88933
28.92570
27.97121
27.01043
26.04860
25.08822
24.12752
23.16578
22.20483
21.24366
20.28353
19.32167
18.36080
17.39974
16.43882
15.47792
14.51644
13.55390
12.59364
11.63281
10.67117
9.71095
8.75377
7.79613
6.83856
5.87898
4.91966
3.95854
2.99584
2.03140
1.06853
0.10485
-0.85935
-1.82360
-2.78754
-3.75325
-4.71891
-5.68512
-6.64427
-7.60141
-8.55820
-9.51745
-10.47053
-11.42870
-12.38772
-13.34696
-14.30642
-15.26621
-16.22629
-17.18778
-18.14766
-19.10895
-20.06956
-21.04027
-22.00066
-22.97398
-23.93775
-24.90811
-25.86084
-26.76735
-27.56351
-28.22774
-28.78144
-29.26328
-29.68059
-30.03715
-30.32885
-30.56257
-30.81018
-31.13758
-31.59470
-32.19412
-32.88267
-33.61600
-34.35668
-35.08135
-35.74579
-36.32332
-36.79740
-37.16791
-37.43925
-37.61543
-37.70837
-37.73224
-37.69025
-37.58305
-37.38607
-37.08463
-36.69923
-36.24756
-35.74733
-35.18955
-34.56936
-33.89634
-33.20559
-32.50990
-31.83585
-31.19529
-30.59078
-30.00488
-29.43600
-28.88579
-28.34533
-27.88315
-27.52877
-27.27493
-27.11861
-27.05234
-27.06628
-27.18005
-27.40314
-27.70700
-28.08370
-28.53376
-29.05060
-29.61882
-30.23984
-30.88812
-31.55451
-32.21744
-32.86246
-33.50480
-34.14360
-34.77476
-35.34538
-35.82712
-36.21516
-36.51433
-36.74790
-36.92046
-37.03213
-37.08366
-37.07423
-36.96658
-36.73864
-36.41034
-36.00206
-35.53291
-35.00797
-34.42808
-33.80026
-33.14987
-32.48946
-31.84113
-31.22037
-30.61085
-30.01429
-29.42734
-28.85534
-28.30809
-27.83991
-27.47937
-27.21900
-27.05538
-26.98256
-26.98509
-27.05625
-27.19405
-27.41838
-27.74149
-28.13915
-28.59227
-29.10107
-29.65362
-30.25756
-30.92332
-31.60114
-32.28125
-32.94576
-33.58327
-34.20074
-34.80675
-35.39480
-35.91057
-36.33168
-36.66348
-36.90380
-37.07404
-37.18485
-37.23886
-37.23542
-37.17394
-37.01403
-36.73571
-36.36805
-35.93064
-35.44193
-34.90526
-34.31949
-33.70114
-33.06017
-32.42231
-31.80566
-31.19425
-30.58483
-29.97741
-29.37763
-28.79365
-28.23562
-27.76232
-27.40695
-27.16672
-27.02564
-26.96797
-26.98485
-27.07294
-27.25158
-27.53505
-27.90138
-28.32850
-28.81667
-29.37817
-29.99976
-30.67169
-31.38079
-32.10118
-32.81883
-33.51489
-34.17215
-34.78311
-35.32696
-35.78319
-36.15553
-36.45611
-36.69730
-36.88163
-37.00801
-37.07133
-37.07104
-36.97172
-36.75621
-36.45212
-36.07861
-35.64445
-35.15094
-34.61030
-34.02500
-33.40784
-32.78695
-32.17534
-31.55418
-30.92140
-30.28869
-29.66054
-29.04566
-28.50710
-28.07977
-27.75634
-27.52483
-27.37690
-27.30249
-27.29809
-27.36244
-27.52079
-27.78705
-28.14084
-28.56158
-29.04851
-29.59699
-30.20017
-30.85327
-31.52374
-32.20232
-32.86597
-33.50006
-34.11679
-34.72463
-35.31847
-35.84357
-36.27894
-36.62360
-36.88733
-37.07762
-37.19933
-37.25455
-37.24889
-37.18490
-37.03051
-36.76342
-36.40693
-35.98174
-35.50088
-34.97892
-34.41172
-33.81357
-33.21195
-32.61102
-31.99559
-31.36596
-30.72816
-30.10779
-29.50252
-28.96979
-28.53507
-28.19246
-27.93977
-27.77441
-27.68203
-27.65952
-27.73623
-27.92687
-28.20319
-28.55045
-28.97083
-29.46113
-30.01708
-30.62187
-31.27341
-31.95243
-32.64874
-33.33684
-33.99763
-34.62326
-35.21714
-35.74561
-36.18815
-36.54445
-36.82556
-37.03727
-37.19153
-37.28783
-37.32465
-37.30171
-37.21934
-37.07927
-36.81459
-36.37413
-35.80369
-35.15381
-34.46929
-33.78267
-33.10968
-32.44503
-31.76871
-31.07253
-30.35210
-29.60864
-28.84323
-28.06588
-27.27011
-26.45797
-25.62951
-24.80620
-23.98180
-23.14713
-22.31027
-21.47626
-20.63606
-19.79588
-18.95099
-18.09574
-17.22476
-16.34150
-15.44236
-14.53051
-13.60584
-12.67036
-11.73071
-10.78490
-9.83294
-8.87452
-7.90931
-6.94801
-5.97771
-4.99033
-4.01511
-3.01603
-2.03690
-1.05787
-0.07557
0.91325
1.89480
2.88268
3.86534
4.84290
5.81780
6.79287
7.77066
8.74169
9.71945
10.69710
11.67533
12.65350
13.63170
14.61107
15.59143
16.56893
17.54781
18.52655
19.50518
20.48399
21.46208
22.44089
23.42334
24.39859
25.37753
26.35637
27.33591
28.31550
29.29473
30.27414
31.25535
32.23382
33.21350
34.19261
35.17175
36.15161
37.13035
38.10948
39.09155
40.06652
41.04538
42.02459
42.99840
43.97049
44.94187
45.91267
46.88579
47.85818
48.81796
49.76731
50.70629
51.63457
52.54411
53.42533
54.27740
55.09819
55.89486
56.63155
57.26382
57.77513
58.15379
58.36036
58.36733
58.20611
57.91301
57.52280
57.05795
56.53470
55.96712
55.35913
54.72431
54.09612
53.48296
52.86662
52.24358
51.62398
51.03191
50.50942
50.07982
49.73919
49.46917
49.26255
49.11892
49.03701
49.06343
49.22468
49.49015
49.82800
50.23200
50.70004
51.23042
51.81724
52.43313
53.06934
53.70621
54.33086
54.95749
55.59080
56.22819
56.85705
57.41683
57.87496
58.23232
58.49297
58.66565
58.76066
58.78250
58.73294
58.58920
58.34003
58.00919
57.61287
57.15084
56.62244
56.03263
55.39267
54.71274
54.02068
53.32722
52.65400
52.01184
51.40410
50.82286
50.26604
49.78093
49.38718
49.08125
48.85464
48.69657
48.60371
48.57651
48.65274
48.85226
49.14715
49.51407
49.94590
50.44557
51.00927
51.60595
52.22735
52.85173
53.47606
54.11660
54.77134
55.43841
56.10623
56.70935
57.20915
57.60382
57.89658
58.09465
58.20524
58.20503
58.07894
57.85448
57.55512
57.17866
56.72637
56.20172
55.61709
54.99852
54.35598
53.71320
53.08679
52.47230
51.85955
51.30130
50.82516
50.43189
50.11523
49.85787
49.65675
49.51554
49.48180
49.58105
49.78736
50.07651
50.43581
50.86843
51.36874
51.91431
52.49751
53.09301
53.68660
54.29839
54.92952
55.57361
56.22254
56.80680
57.29103
57.67318
57.95385
58.14371
58.25141
58.25049
58.12790
57.91005
57.61491
57.24029
56.79155
56.26903
55.68293
55.06409
54.41918
53.77362
53.14285
52.51988
51.90497
51.34101
50.85639
50.45460
50.13357
49.87314
49.66886
49.52423
49.48747
49.58186
49.78278
50.06681
50.42179
50.85070
51.34811
51.89186
52.47202
53.06393
53.66136
54.28485
54.92301
55.56974
56.21998
56.81028
57.29244
57.67406
57.95618
58.14597
58.25395
58.25429
58.13374
57.91699
57.62464
57.25235
56.80266
56.28153
55.69599
55.07754
54.43310
53.78635
53.15949
52.53869
51.92106
51.35754
50.87337
50.47219
50.14768
49.88430
49.67951
49.53367
49.49563
49.58908
49.78916
50.07246
50.42760
50.85686
51.35339
51.89598
52.47510
53.06744
53.66420
54.28325
54.92326
55.57226
56.21811
56.80264
57.28750
57.66946
57.95255
58.14311
58.25158
58.25192
58.13207
57.91728
57.62642
57.25644
56.80578
56.28332
55.70019
55.07865
54.43718
53.79197
53.16198
52.54175
51.92505
51.29449
50.73370
50.28362
49.94885
49.72192
49.59005
49.53469
49.55066
49.63171
49.77301
49.97037
50.21605
50.50434
50.82703
51.17629
51.54488
51.92663
52.31587
52.70798
53.08266
53.44663
53.79162
54.11438
54.41926
54.70808
54.98121
55.24121
55.49071
55.73250
55.96788
56.19813
56.42119
56.63762
56.84876
57.05644
57.26042
57.46194
57.66134
57.85918
58.05555
58.25092
58.44536
58.63937
58.83239
59.02510
59.21738
59.40937
59.60113
59.79271
59.98412
60.17566
60.36682
60.55798
60.74933
60.94043
61.13145
61.32245
61.51352
61.70492
61.89584
62.08684
62.27805
62.46957
62.66077
62.85190
63.04310
63.23458
63.42591
63.61737
63.80882
64.00038
64.19180
64.38334
64.57488
64.76746
64.96236
65.16008
65.36007
65.56177
65.76507
65.96960
66.17520
66.38206
66.58833
66.79606
67.00405
67.21250
67.42115
67.63006
67.83931
68.04901
68.25841
68.46786
68.67471
68.87799
69.07862
69.27713
69.47416
69.67021
69.86490
70.05904
70.25248
70.44538
70.63813
70.83026
71.02216
71.21425
71.40510
71.59662
71.78801
71.97950
72.17059
72.36160
72.55255
72.74414
72.93601
73.13056
73.32779
73.52723
73.72859
73.93161
74.13600
74.40751
74.80324
75.30607
75.95220
76.73933
77.60172
78.48772
79.35799
80.18558
80.94643
81.61201
82.15026
82.55901
82.84278
83.01168
83.07665
83.04755
82.90480
82.63975
82.27960
81.85064
81.36824
80.83218
80.24074
79.59503
78.93516
78.26398
77.60151
76.95229
76.30288
75.65059
75.00043
74.41407
73.92877
73.54059
73.24630
73.03570
72.89629
72.82343
72.81551
72.90631
73.11379
73.41324
73.78238
74.21735
74.71556
75.27516
75.87690
76.51140
77.14669
77.76472
78.35463
78.93756
79.51722
80.03241
80.46348
80.81218
81.09226
81.31370
81.47697
81.58166
81.58300
81.45614
81.22538
80.91361
80.53542
80.08714
79.57500
79.01609
78.41904
77.80981
77.20645
76.58889
75.95591
75.31052
74.72134
74.22110
73.81471
73.49903
73.26117
73.08825
72.97789
72.92990
72.98201
73.15500
73.42328
73.76524
74.17580
74.65299
75.19329
75.77976
76.40414
77.03481
77.65053
78.24491
78.83150
79.41571
79.93636
80.37334
80.72907
81.01761
81.24922
81.42401
81.54081
81.55310
81.43494
81.21085
80.90483
80.53174
80.09166
79.58380
79.03013
78.43659
77.83258
77.23335
76.61914
75.98681
75.34209
74.75375
74.25438
73.84682
73.53128
73.29202
73.11779
73.00638
72.95751
73.00879
73.18065
73.44790
73.78527
74.19304
74.66956
75.20848
75.79330
76.41628
77.04627
77.66356
78.25484
78.84077
79.42451
79.94543
80.38207
80.73588
81.02361
81.25472
81.42802
81.54428
81.55579
81.43611
81.21085
80.90211
80.52317
80.07841
79.56766
79.01066
78.41489
77.80748
77.20527
76.58921
75.95505
75.30757
74.72119
74.22099
73.81439
73.49811
73.25987
73.08676
72.97643
72.92863
72.98103
73.15414
73.42292
73.76474
74.17544
74.65513
75.19581
75.78444
76.40677
77.03867
77.65594
78.25098
78.83762
79.42087
79.94199
80.37999
80.73276
81.02092
81.25149
81.42556
81.54159
81.55333
81.43441
81.20878
80.90267
80.52929
80.08884
79.58087
79.02670
78.43395
77.82929
77.22926
76.61538
75.98340
75.33737
74.75076
74.25103
73.84431
73.52698
73.28736
73.11395
73.00233
72.95330
73.00444
73.17597
73.44237
73.78115
74.18997
74.66462
75.20342
75.78851
76.41174
77.04171
77.65751
78.25155
78.83887
79.42168
79.94235
80.37988
80.73400
81.02165
81.25219
81.42601
81.54213
81.55376
81.43498
81.21038
80.90265
80.52723
80.08548
79.57490
79.01819
78.42224
77.81603
77.20794
76.59090
75.95742
75.31193
74.64707
74.00701
73.38267
72.77176
72.17398
72.17398
71.59322
71.02537
70.47188
69.93371
69.41074
68.90565
68.41838
67.95114
67.50363
67.07688
66.67165
66.28882
65.92769
65.59284
65.28228
64.99768
64.73909
64.50556
64.30082
64.12349
63.97202
63.84740
63.74782
63.67228
63.61910
63.58720
63.57526
63.58089
63.60175
63.63494
63.67819
63.72881
63.78418
63.84165
63.89880
63.95326
64.00279
64.00279
64.04350
64.07335
64.09232
64.10181
64.10656
64.10892
64.11011
64.11070
64.11099
64.11114
64.11122
64.11125
64.11127
64.11128
64.11129
64.11129
64.11129
64.11129
64.11129
64.11129
64.11129
64.11129
64.11129
64.11129
64.11129
64.11129
64.11129
64.11129
64.11129
64.11129
64.11129
64.11129
64.11129
64.11129
64.11129
64.11129
64.11129
64.11129
64.11129
64.11129
64.11129
64.11129
64.11129
64.11129
64.11129
64.11129
64.11129
64.11129
64.11129
64.11129
64.11129
64.11129
64.11129
64.11129
64.11129
64.11129
64.11129
64.11129
64.11129
64.11129
64.11129
64.11129
64.11129
64.11129
64.11129
64.11129
64.11129
64.11129
64.11129
64.11129
64.11129
64.11129
64.11129
64.11129
64.11129
64.11129
64.11129
64.11129
64.11129
64.11129
64.11129
64.11129
64.11129
0.00000
0.00000
0.00000
0.00000
0.00000
0.00000
0.00000
0.00000
0.00000
0.00000
0.00000
0.00000
0.00000
0.00000
0.00000
0.00000
0.00000
0.00000
0.00000
0.00000
0.00000
0.00000
0.00000
0.00000
0.00000
0.00000
0.00000
0.00000
0.00000
0.00000
0.00000
0.00000
0.00000
0.00000
0.00000
0.00000
0.00000
0.00000
0.00000
0.00000
0.00000
0.00000
0.00000
0.00000
0.00000
0.00000
0.00000
0.00000
0.00000
0.00000
0.00000
0.00000
0.00000
0.00000
0.00000
0.00000
0.00000
0.00000
0.00000
0.00000
0.00000
0.00000
0.00000
0.00000
0.00000
0.00000
0.00000
0.00000
0.00000
0.00000
0.00000
0.00000
0.00000
0.00000
0.00000
0.00000
0.00000
0.00000
0.00000
0.00000
0.00000
0.00000
0.00000
0.00000
0.00000
0.00000
0.00000
0.00000
0.00000
0.00000
0.00000
0.00000
0.00000
0.00000
0.00000
0.00000
0.00000
0.00000
0.00000
0.00000
0.00000
0.00000
0.00000
0.00000
0.00000
0.00000
0.00000
0.00000
0.00000
0.00000
0.00000
0.00000
0.00000
0.00000
0.00000
0.00000
0.00000
0.00000
0.00000
0.00000
0.00000
0.00000
0.00000
0.00000
0.00000
0.00000
0.00000
0.00000
0.00000
0.00000
0.00000
0.00000
0.00000
0.00000
0.00000
0.00000
0.00000
0.00000
0.00000
0.00000
0.00000
0.00000
0.00000
0.00000
0.00000
0.00000
0.00000
0.00000
0.00000
0.00000
0.00000
0.00000
0.00000
0.00000
0.00000
0.00000
0.00000
0.00000
0.00000
0.00000
0.00000
0.00000
0.00000
0.00000
0.00000
0.00000
0.00000
0.00000
0.00000
0.00000
0.00000
0.00000
0.00000
0.00000
0.00000
0.00000
0.00000
0.00000
0.00000
0.00000
0.00000
0.00000
0.00000
0.00000
0.00000
0.00000
0.00000
0.00000
0.00000
0.00000
0.00000
0.00000
0.00000
0.00000
0.00000
0.00000
0.00000
0.00000
0.00000
0.00000
0.00000
0.00000
0.00000
0.00000
0.00000
0.00000
0.00000
0.00000
0.00000
0.00000
0.00000
0.00000
0.00000
0.00000
0.00000
0.00000
0.00000
0.00000
0.00000
0.00000
0.00000
0.00000
0.00000
0.00000
0.00000
0.00000
0.00000
0.00000
0.00000
0.00000
0.00000
0.00000
0.00000
0.00000
0.00000
0.00000
0.00000
0.00000
0.00000
0.00000
0.00000
0.00000
0.00000
0.00000
0.00000
0.00000
0.00000
0.00000
0.00000
0.00000
0.00000
0.00000
0.00000
0.00000
0.00000
0.00000
0.00000
0.00000
0.00000
0.00000
0.00000
0.00000
0.00000
0.00000
0.00000
0.00000
0.00000
0.00000
0.00000
0.00000
0.00000
0.00000
0.00000
0.00000
0.00000
0.00000
0.00000
0.00000
0.00000
0.00000
0.00000
0.00000
0.00000
0.00000
0.00000
0.00000
0.00000
0.00000
0.00000
0.00000
0.00000
0.00000
0.00000
0.00000
0.00000
0.00000
0.00000
0.00000
0.00000
0.00000
0.00000
0.00000
0.00000
0.00000
0.00000
0.00000
0.00000
0.00000
0.00000
0.00000
0.00000
0.00000
0.00000
0.00000
0.00000
0.00000
0.00000
0.00000
0.00000
0.00000
0.00000
0.00000
0.00000
0.00000
0.00000
0.00000
0.00000
0.00000
0.00000
0.00000
0.00000
0.00000
0.00000
0.00000
0.00000
0.00000
0.00000
0.00000
0.00000
0.00000
0.00000
0.00000
0.00000
0.00000
0.00000
0.00000
0.00000
0.00000
0.00000
0.00000
0.00000
0.00000
0.00000
0.00000
0.00000
0.00000
0.00000
0.00000
0.00000
0.00000
0.00000
0.00000
0.00000
0.00000
0.00000
0.00000
0.00000
0.00000
0.00000
0.00000
0.00000
0.00000
0.00000
0.00000
0.00000
0.00000
0.00000
0.00000
0.00000
0.00000
0.00000
0.00000
0.00000
0.00000
0.00000
0.00000
0.00000
0.00000
0.00000
0.00000
0.00000
0.00000
0.00000
0.00000
0.00000
0.00000
0.00000
0.00000
0.00000
0.00000
0.00000
0.00000
0.00000
0.00000
0.00000
0.00000
0.00000
0.00000
0.00000
0.00000
0.00000
0.00000
0.00000
0.00000
0.00000
0.00000
0.00000
0.00000
0.00000
0.00000
0.00000
0.00000
0.00000
0.00000
0.00000
0.00000
0.00000
0.00000
0.00000
0.00000
0.00000
0.00000
0.00000
0.00000
0.00000
0.00000
0.00000
0.00000
0.00000
0.00000
0.00000
0.00000
0.00000
0.00000
0.00000
0.00000
0.00000
0.00000
0.00000
0.00000
0.00000
0.00000
0.00000
0.00000
0.00000
0.00000
0.00000
0.00000
0.00000
0.00000
0.00000
0.00000
0.00000
0.00000
0.00000
0.00000
0.00000
0.00000
0.00000
0.00000
0.00000
0.00000
0.00000
0.00000
0.00000
0.00000
0.00000
0.00000
0.00000
0.00000
0.00000
0.00000
0.00000
0.00000
0.00000
0.00000
0.00000
0.00000
0.00000
0.00000
0.00000
0.00000
0.00000
0.00000
0.00000
0.00000
0.00000
0.00000
0.00000
0.00000
0.00000
0.00000
0.00000
0.00000
0.00000
0.00000
0.00000
0.00000
0.00000
0.00000
0.00000
0.00000
0.00000
0.00000
0.00000
0.00000
0.00000
0.00000
0.00000
0.00000
0.00000
0.00000
0.00000
0.00000
0.00000
0.00000
0.00000
0.00000
0.00000
0.00000
0.00000
0.00000
0.00000
0.00000
0.00000
0.00000
0.00000
0.00000
0.00000
0.00000
0.00000
0.00000
0.00000
0.00000
0.00000
0.00000
0.00000
0.00000
0.00000
0.00000
0.00000
0.00000
0.00000
0.00000
0.00000
0.00000
0.00000
0.00000
0.00000
0.00000
0.00000
0.00000
0.00000
0.00000
0.00000
0.00000
0.00000
0.00000
0.00000
0.00000
0.00000
0.00000
0.00000
0.00000
0.00000
0.00000
0.00000
0.00000
0.00000
0.00000
0.00000
0.00000
0.00000
0.00000
0.00000
0.00000
0.00000
0.00000
0.00000
0.00000
0.00000
0.00000
0.00000
0.00000
0.00000
0.00000
0.00000
0.00000
0.00000
0.00000
0.00000
0.00000
0.00000
0.00000
0.00000
0.00000
0.00000
0.00000
0.00000
0.00000
0.00000
0.00000
0.00000
0.00000
0.00000
0.00000
0.00000
0.00000
0.00000
0.00000
0.00000
0.00000
0.00000
0.00000
0.00000
0.00000
0.00000
0.00000
0.00000
0.00000
0.00000
0.00000
0.00000
0.00000
0.00000
0.00000
0.00000
0.00000
0.00000
0.00000
0.00000
0.00000
0.00000
0.00000
0.00000
0.00000
0.00000
0.00000
0.00000
0.00000
0.00000
0.00000
0.00000
0.00000
0.00000
0.00000
0.00000
0.00000
0.00000
0.00000
0.00000
0.00000
0.00000
0.00000
0.00000
0.00000
0.00000
0.00000
0.00000
0.00000
0.00000
0.00000
0.00000
0.00000
0.00000
0.00000
0.00000
0.00000
0.00000
0.00000
0.00000
0.00000
0.00000
0.00000
0.00000
0.00000
0.00000
0.00000
0.00000
0.00000
0.00000
0.00000
0.00000
0.00000
0.00000
0.00000
0.00000
0.00000
0.00000
0.00000
0.00000
0.00000
0.00000
0.00000
0.00000
0.00000
0.00000
0.00000
0.00000
0.00000
0.00000
0.00000
0.00000
0.00000
0.00000
0.00000
0.00000
0.00000
0.00000
0.00000
0.00000
0.00000
0.00000
0.00000
0.00000
0.00000
0.00000
0.00000
0.00000
0.00000
0.00000
0.00000
0.00000
0.00000
0.00000
0.00000
0.00000
0.00000
0.00000
0.00000
0.00000
0.00000
0.00000
0.00000
0.00000
0.00000
0.00000
0.00000
0.00000
0.00000
0.00000
0.00000
0.00000
0.00000
0.00000
0.00000
0.00000
0.00000
0.00000
0.00000
0.00000
0.00000
0.00000
0.00000
0.00000
0.00000
0.00000
0.00000
0.00000
0.00000
0.00000
0.00000
0.00000
0.00000
0.00000
0.00000
0.00000
0.00000
0.00000
0.00000
0.00000
0.00000
0.00000
0.00000
0.00000
0.00000
0.00000
0.00000
0.00000
0.00000
0.00000
0.00000
0.00000
0.00000
0.00000
0.00000
0.00000
0.00000
0.00000
0.00000
0.00000
0.00000
0.00000
0.00000
0.00000
0.00000
0.00000
0.00000
0.00000
0.00000
0.00000
0.00000
0.00000
0.00000
0.00000
0.00000
0.00000
0.00000
0.00000
0.00000
0.00000
0.00000
0.00000
0.00000
0.00000
0.00000
0.00000
0.00000
0.00000
0.00000
0.00000
0.00000
0.00000
0.00000
0.00000
0.00000
0.00000
0.00000
0.00000
0.00000
0.00000
0.00000
0.00000
0.00000
0.00000
0.00000
0.00000
0.00000
0.00000
0.00000
0.00000
0.00000
0.00000
0.00000
0.00000
0.00000
0.00000
0.00000
0.00000
0.00000
0.00000
0.00000
0.00000
0.00000
0.00000
0.00000
0.00000
0.00000
0.00000
0.00000
0.00000
0.00000
0.00000
0.00000
0.00000
0.00000
0.00000
0.00000
0.00000
0.00000
0.00000
0.00000
0.00000
0.00000
0.00000
0.00000
0.00000
0.00000
0.00000
0.00000
0.00000
0.00000
0.00000
0.00000
0.00000
0.00000
0.00000
0.00000
0.00000
0.00000
0.00000
0.00000
0.00000
0.00000
0.00000
0.00000
0.00000
0.00000
0.00000
0.00000
0.00000
0.00000
0.00000
0.00000
0.00000
0.00000
0.00000
0.00000
0.00000
0.00000
0.00000
0.00000
0.00000
0.00000
0.00000
0.00000
0.00000
0.00000
0.00000
0.00000
0.00000
0.00000
0.00000
0.00000
0.00000
0.00000
0.00000
0.00000
0.00000
0.00000
0.00000
0.00000
0.00000
0.00000
0.00000
0.00000
0.00000
0.00000
0.00000
0.00000
0.00000
0.00000
0.00000
0.00000
0.00000
0.00000
0.00000
0.00000
0.00000
0.00000
0.00000
0.00000
0.00000
0.00000
0.00000
0.00000
0.00000
0.00000
0.00000
0.00000
0.00000
0.00000
0.00000
0.00000
0.00000
0.00000
0.00000
0.00000
0.00000
0.00000
0.00000
0.00000
0.00000
0.00000
0.00000
0.00000
0.00000
0.00000
0.00000
0.00000
0.00000
0.00000
0.00000
0.00000
0.00000
0.00000
0.00000
0.00000
0.00000
0.00000
0.00000
0.00000
0.00000
0.00000
0.00000
0.00000
0.00000
0.00000
0.00000
0.00000
0.00000
0.00000
0.00000
0.00000
0.00000
0.00000
0.00000
0.00000
0.00000
0.00000
0.00000
0.00000
0.00000
0.00000
0.00000
0.00000
0.00000
0.00000
0.00000
0.00000
0.00000
0.00000
0.00000
0.00000
0.00000
0.00000
0.00000
0.00000
0.00000
0.00000
0.00000
0.00000
0.00000
0.00000
0.00000
0.00000
0.00000
0.00000
0.00000
0.00000
0.00000
0.00000
0.00000
0.00000
0.00000
0.00000
0.00000
0.00000
0.00000
0.00000
0.00000
0.00000
0.00000
0.00000
0.00000
0.00000
0.00000
0.00000
0.00000
0.00000
0.00000
0.00000
0.00000
0.00000
0.00000
0.00000
0.00000
0.00000
0.00000
0.00000
0.00000
0.00000
0.00000
0.00000
0.00000
0.00000
0.00000
0.00000
0.00000
0.00000
0.00000
0.00000
0.00000
0.00000
0.00000
0.00000
0.00000
0.00000
0.00000
0.00000
0.00000
0.00000
0.00000
0.00000
0.00000
0.00000
0.00000
0.00000
0.00000
0.00000
0.00000
0.00000
0.00000
0.00000
0.00000
0.00000
0.00000
0.00000
0.00000
0.00000
0.00000
0.00000
0.00000
0.00000
0.00000
0.00000
0.00000
0.00000
0.00000
0.00000
0.00000
0.00000
0.00000
0.00000
0.00000
0.00000
0.00000
0.00000
0.00000
0.00000
0.00000
0.00000
0.00000
0.00000
0.00000
0.00000
0.00000
0.00000
0.00000
0.00000
0.00000
0.00000
0.00000
0.00000
0.00000
0.00000
0.00000
0.00000
0.00000
0.00000
0.00000
0.00000
0.00000
0.00000
0.00000
0.00000
0.00000
0.00000
0.00000
0.00000
0.00000
0.00000
0.00000
0.00000
0.00000
0.00000
0.00000
0.00000
0.00000
0.00000
0.00000
0.00000
0.00000
0.00000
0.00000
0.00000
0.00000
0.00000
0.00000
0.00000
0.00000
0.00000
0.00000
0.00000
0.00000
0.00000
0.00000
0.00000
0.00000
0.00000
0.00000
0.00000
0.00000
0.00000
0.00000
0.00000
0.00000
0.00000
0.00000
0.00000
0.00000
0.00000
0.00000
0.00000
0.00000
0.00000
0.00000
0.00000
0.00000
0.00000
0.00000
0.00000
0.00000
0.00000
0.00000
0.00000
0.00000
0.00000
0.00000
0.00000
0.00000
0.00000
0.00000
0.00000
0.00000
0.00000
0.00000
0.00000
0.00000
0.00000
0.00000
0.00000
0.00000
0.00000
0.00000
0.00000
0.00000
0.00000
0.00000
0.00000
0.00000
0.00000
0.00000
0.00000
0.00000
0.00000
0.00000
0.00000
0.00000
0.00000
0.00000
0.00000
0.00000
0.00000
0.00000
0.00000
0.00000
0.00000
0.00000
0.00000
0.00000
0.00000
0.00000
0.00000
0.00000
0.00000
0.00000
0.00000
0.00000
0.00000
0.00000
0.00000
0.00000
0.00000
0.00000
0.00000
0.00000
0.00000
0.00000
0.00000
0.00000
0.00000
0.00000
0.00000
0.00000
0.00000
0.00000
0.00000
0.00000
0.00000
0.00000
0.00000
0.00000
0.00000
0.00000
0.00000
0.00000
0.00000
0.00000
0.00000
0.00000
0.00000
0.00000
0.00000
0.00000
0.00000
0.00000
0.00000
0.00000
0.00000
0.00000
0.00000
0.00000
0.00000
0.00000
0.00000
0.00000
0.00000
0.00000
0.00000
0.00000
0.00000
0.00000
0.00000
0.00000
0.00000
0.00000
0.00000
0.00000
0.00000
0.00000
0.00000
0.00000
0.00000
0.00000
0.00000
0.00000
0.00000
0.00000
0.00000
0.00000
0.00000
0.00000
0.00000
0.00000
0.00000
0.00000
0.00000
0.00000
0.00000
0.00000
0.00000
0.00000
0.00000
0.00000
0.00000
0.00000
0.00000
0.00000
0.00000
0.00000
0.00000
0.00000
0.00000
0.00000
0.00000
0.00000
0.00000
0.00000
0.00000
0.00000
0.00000
0.00000
0.00000
0.00000
0.00000
0.00000
0.00000
0.00000
0.00000
0.00000
0.00000
0.00000
0.00000
0.00000
0.00000
0.00000
0.00000
0.00000
0.00000
0.00000
0.00000
0.00000
0.00000
0.00000
0.00000
0.00000
0.00000
0.00000
0.00000
0.00000
0.00000
0.00000
0.00000
0.00000
0.00000
0.00000
0.00000
0.00000
0.00000
0.00000
0.00000
0.00000
0.00000
0.00000
0.00000
0.00000
0.00000
0.00000
0.00000
0.00000
0.00000
0.00000
0.00000
0.00000
0.00000
0.00000
0.00000
0.00000
0.00000
0.00000
0.00000
0.00000
0.00000
0.00000
0.00000
0.00000
0.00000
0.00000
0.00000
0.00000
0.00000
0.00000
0.00000
0.00000
0.00000
0.00000
0.00000
0.00000
0.00000
0.00000
0.00000
0.00000
0.00000
0.00000
0.00000
0.00000
0.00000
0.00000
0.00000
0.00000
0.00000
0.00000
0.00000
0.00000
0.00000
0.00000
0.00000
0.00000
0.00000
0.00000
0.00000
0.00000
0.00000
0.00000
0.00000
0.00000
0.00000
0.00000
0.00000
0.00000
0.00000
0.00000
0.00000
0.00000
0.00000
0.00000
0.00000
0.00000
0.00000
0.00000
0.00000
0.00000
0.00000
0.00000
0.00000
0.00000
0.00000
0.00000
0.00000
0.00000
0.00000
0.00000
0.00000
0.00000
0.00000
0.00000
0.00000
0.00000
0.00000
0.00000
0.00000
0.00000
0.00000
0.00000
0.00000
0.00000
0.00000
0.00000
0.00000
0.00000
0.00000
0.00000
0.00000
0.00000
0.00000
0.00000
0.00000
0.00000
0.00000
0.00000
0.00000
0.00000
0.00000
0.00000
0.00000
0.00000
0.00000
0.00000
0.00000
0.00000
0.00000
0.00000
0.00000
0.00000
0.00000
0.00000
0.00000
0.00000
0.00000
0.00000
0.00000
0.00000
0.00000
0.00000
0.00000
0.00000
0.00000
0.00000
0.00000
0.00000
0.00000
0.00000
0.00000
0.00000
0.00000
0.00000
0.00000
0.00000
0.00000
0.00000
0.00000
0.00000
0.00000
0.00000
0.00000
0.00000
0.00000
0.00000
0.00000
0.00000
0.00000
0.00000
0.00000
0.00000
0.00000
0.00000
0.00000
0.00000
0.00000
0.00000
0.00000
0.00000
0.00000
0.00000
0.00000
0.00000
0.00000
0.00000
0.00000
0.00000
0.00000
0.00000
0.00000
0.00000
0.00000
0.00000
0.00000
0.00000
0.00000
0.00000
0.00000
0.00000
0.00000
0.00000
0.00000
0.00000
0.00000
0.00000
0.00000
0.00000
0.00000
0.00000
0.00000
0.00000
0.00000
0.00000
0.00000
0.00000
0.00000
0.00000
0.00000
0.00000
0.00000
0.00000
0.00000
0.00000
0.00000
0.00000
0.00000
0.00000
0.00000
0.00000
0.00000
0.00000
0.00000
0.00000
0.00000
0.00000
0.00000
0.00000
0.00000
0.00000
0.00000
0.00000
0.00000
0.00000
0.00000
0.00000
0.00000
0.00000
0.00000
0.00000
0.00000
0.00000
0.00000
0.00000
0.00000
0.00000
0.00000
0.00000
0.00000
0.00000
0.00000
0.00000
0.00000
0.00000
0.00000
0.00000
0.00000
0.00000
0.00000
0.00000
0.00000
0.00000
0.00000
0.00000
0.00000
0.00000
0.00000
0.00084
0.00444
0.01093
0.01991
0.01991
0.03080
0.04330
0.05701
0.07169
0.08713
0.10318
0.11973
0.13669
0.15392
0.17142
0.18913
0.20702
0.22503
0.24312
0.26128
0.27957
0.29773
0.31599
0.33427
0.35255
0.37079
0.38903
0.40724
0.42548
0.44355
0.46167
0.47976
0.49786
0.51591
0.53392
0.55190
0.56987
0.58772
0.60562
0.62343
0.64127
0.65910
0.67688
0.69465
0.71243
0.73008
0.74779
0.76549
0.78320
0.80086
0.81852
0.83619
0.85385
0.87142
0.88904
0.93478
1.03026
1.16594
1.33586
1.53752
1.76785
2.02650
2.25917
2.25917
2.41654
2.50970
2.54792
2.48337
2.27975
1.95916
1.54042
1.04079
0.48442
-0.11428
-0.76088
-1.44142
-2.12533
-2.78982
-3.41306
-3.98988
-4.54113
-5.06821
-5.52118
-5.88127
-6.15194
-6.34376
-6.46733
-6.53043
-6.53408
-6.47802
-6.36303
-6.15424
-5.82922
-5.82922
-5.41367
-4.93553
-4.40497
-3.82667
-3.20238
-2.54929
-1.88436
-1.22451
-0.58716
0.01491
0.60725
1.18987
1.77455
2.34775
2.89537
3.36177
3.71663
3.95787
4.09196
4.12923
4.08215
3.95961
3.75013
3.44366
3.06281
2.62248
2.13102
1.58041
0.97236
0.29937
-0.38423
-1.07153
-1.74527
-2.39004
-2.99874
-3.58601
-4.11044
-4.54847
-4.90433
-5.20090
-5.44750
-5.63230
-5.75720
-5.82188
-5.82695
-5.73209
-5.51767
-5.21156
-4.83243
-4.39802
-3.90893
-3.36663
-2.78030
-2.18126
-1.59099
-0.99732
-0.37518
0.26584
0.91341
1.53576
2.08480
2.52865
2.86900
3.11287
3.26915
3.35557
3.37656
3.33262
3.18790
2.92121
2.56038
2.13129
1.63482
1.10001
0.50770
-0.14912
-0.82038
-1.49637
-2.15599
-2.78475
-3.37626
-3.94232
-4.44452
-4.85763
-5.19163
-5.46556
-5.67883
-5.83233
-5.92617
-5.95952
-5.89425
-5.70775
-5.42878
-5.08076
-4.66607
-4.19664
-3.66816
-3.09585
-2.48202
-1.85820
-1.24501
-0.64476
-0.02483
0.60664
1.22574
1.82691
2.35649
2.77882
3.09740
3.31929
3.45360
3.51221
3.49849
3.38717
3.16616
2.86037
2.47893
2.03395
1.52214
0.94734
0.30406
-0.36123
-1.04509
-1.72441
-2.38283
-3.00920
-3.60160
-4.13316
-4.58389
-4.95259
-5.24983
-5.48710
-5.66929
-5.79435
-5.86561
-5.88351
-5.84700
-5.70945
-5.43694
-5.05752
-4.59734
-4.07773
-3.51562
-2.90565
-2.26675
-1.61789
-0.97551
-0.35850
0.22936
0.80610
1.37305
1.92608
2.45989
2.98002
3.42056
3.75004
3.96958
4.08419
4.10621
4.04734
3.89005
3.62910
3.28784
2.87329
2.38893
1.83948
1.23179
0.57373
-0.12806
-0.84040
-1.56377
-2.27110
-2.94938
-3.58769
-4.19084
-4.72908
-5.18061
-5.54232
-5.81906
-6.03256
-6.18753
-6.28297
-6.31835
-6.29391
-6.20996
-6.03384
-5.74278
-5.36155
-4.90668
-4.39758
-3.84396
-3.24900
-2.62408
-2.00009
-1.39262
-0.78030
-0.16019
0.46785
1.09386
1.70919
2.30727
2.82775
3.23994
3.54759
3.75765
3.87785
3.91702
3.88252
3.77676
3.57999
3.28130
2.90515
2.46948
1.97347
1.41602
0.80417
0.14688
-0.52246
-1.19608
-1.85238
-2.48130
-3.09333
-3.69311
-4.27640
-4.79261
-5.21836
-5.55820
-5.82387
-6.02482
-6.16419
-6.23765
-6.24508
-6.19087
-6.19087
-6.08177
-6.05204
-6.19972
-6.48651
-6.88281
-7.35871
-7.88843
-8.46166
-9.08878
-9.77555
-10.51419
-11.30509
-12.13796
-13.00946
-13.91447
-14.85303
-15.81289
-16.78390
-17.74968
-18.70935
-19.64997
-20.58245
-21.49868
-22.40224
-23.28698
-24.17326
-25.05624
-25.94093
-26.82372
-27.70826
-28.59454
-29.48875
-30.38084
-31.26911
-32.15709
-33.04521
-33.93408
-34.82432
-35.71474
-36.61065
-37.49706
-38.38204
-39.26641
-40.15050
-41.03470
-41.91932
-42.83813
-43.80013
-44.74100
-45.61299
-46.38171
-47.02625
-47.53482
-47.90216
-48.12614
-48.30505
-48.61673
-49.11758
-49.76202
-50.49549
-51.25538
-51.98426
-52.62351
-53.16587
-53.60802
-53.92403
-54.12175
-54.21250
-54.20930
-54.12392
-53.96135
-53.72403
-53.41421
-53.03117
-52.58631
-52.07745
-51.50669
-50.87928
-50.21586
-49.51619
-48.77113
-48.02798
-47.29744
-46.59388
-45.92644
-45.30186
-44.70804
-44.18192
-43.74934
-43.40332
-43.14081
-42.94741
-42.81810
-42.75807
-42.76382
-42.86539
-43.08272
-43.39228
-43.77193
-44.21177
-44.71271
-45.27847
-45.87534
-46.49740
-47.11898
-47.74597
-48.38317
-49.03148
-49.68584
-50.33955
-50.98520
-51.56033
-52.02842
-52.39024
-52.64995
-52.81449
-52.89145
-52.85587
-52.69399
-52.43639
-52.10753
-51.70519
-51.23010
-50.68762
-50.08367
-49.42739
-48.73368
-48.02269
-47.31350
-46.61755
-45.95076
-45.32280
-44.73011
-44.20301
-43.76449
-43.41330
-43.14445
-42.94070
-42.80050
-42.72369
-42.71140
-42.79709
-42.99972
-43.29625
-43.66165
-44.09045
-44.58507
-45.13947
-45.74683
-46.37901
-47.02690
-47.67292
-48.30502
-48.94076
-49.58023
-50.20119
-50.75766
-51.21888
-51.58336
-51.85682
-52.05073
-52.17524
-52.23277
-52.18898
-52.02611
-51.77309
-51.44073
-51.03762
-50.56322
-50.02125
-49.41096
-48.77821
-48.12046
-47.46246
-46.82019
-46.20389
-45.60364
-45.05867
-44.58149
-44.20371
-43.90337
-43.66319
-43.48374
-43.36475
-43.35156
-43.46718
-43.68518
-43.98225
-44.34992
-44.79074
-45.30219
-45.85852
-46.44957
-47.04891
-47.65353
-48.27734
-48.91948
-49.56817
-50.21858
-50.80534
-51.29058
-51.67319
-51.95628
-52.14688
-52.25511
-52.25434
-52.13169
-51.91335
-51.61837
-51.24468
-50.79368
-50.27080
-49.68489
-49.06542
-48.42061
-47.77317
-47.14380
-46.52304
-45.90537
-45.34212
-44.85807
-44.45668
-44.13557
-43.87437
-43.67103
-43.52635
-43.48924
-43.58340
-43.78341
-44.06602
-44.41960
-44.84815
-45.34173
-45.88334
-46.46272
-47.05359
-47.65124
-48.26902
-48.90680
-49.55888
-50.20947
-50.79606
-51.28292
-51.66659
-51.95081
-52.14230
-52.25129
-52.29141
-52.23022
-52.05165
-51.78173
-51.44102
-51.02393
-50.52784
-49.95776
-49.32062
-48.62415
-47.87547
-47.08295
-46.25342
-45.39116
-44.49945
-43.58436
-42.64709
-41.70651
-40.76288
-39.82440
-38.90429
-37.99675
-37.09912
-36.20876
-35.31758
-34.43756
-33.55511
-32.67145
-31.78605
-30.89953
-30.01130
-29.12060
-28.23371
-27.35108
-26.46779
-25.58485
-24.70126
-23.81739
-22.93314
-22.04830
-21.16184
-20.27815
-19.39203
-18.50491
-17.61847
-16.73188
-15.84539
-14.95903
-14.07020
-13.18760
-12.29994
-11.41259
-10.52536
-9.63749
-8.75001
-7.86330
-6.97528
-6.08832
-5.20155
-4.31432
-3.42733
-2.54026
-1.65253
-0.76500
0.12307
1.00602
1.88955
2.77407
3.66062
4.54897
5.43965
6.33174
7.22557
8.11396
9.00751
9.90043
10.79369
11.68817
12.58301
13.47874
14.37799
15.27289
16.16813
17.06324
17.95894
18.84940
19.73717
20.62395
21.51204
22.39352
23.27933
24.16527
25.05092
25.93739
26.82409
27.71148
28.59986
29.48714
30.37450
31.26184
32.14867
33.03576
33.92264
34.81042
35.69925
36.58390
37.47177
38.35993
39.24706
40.13327
41.01621
41.90013
42.78837
43.67131
44.55971
45.44919
46.33980
47.23178
48.12414
49.01840
49.91497
50.80550
51.70026
52.59655
53.49231
54.38849
55.28407
56.17999
57.07895
57.97126
58.86187
59.74982
60.63648
61.52221
62.40827
63.29490
64.18287
65.06944
65.95757
66.84483
67.73135
68.61667
69.50317
70.39115
71.28061
72.16761
73.05541
73.94361
74.83114
75.71829
76.60635
77.49343
78.38560
79.27210
80.15968
81.04284
81.92577
82.80955
83.69481
84.58195
85.47202
86.36185
87.25333
88.14655
89.03944
89.93318
90.82682
91.72156
92.61805
93.50917
94.40540
95.30207
96.19795
97.08853
97.97571
98.86174
99.74833
100.63309
101.51922
102.40559
103.28903
104.17783
105.06818
105.95771
106.84543
107.73798
108.62867
109.49328
110.31346
111.07878
111.76081
112.32712
112.77420
113.10379
113.32584
113.44638
113.43694
113.28073
113.00765
112.64415
112.21110
111.72874
111.19229
110.59900
109.97755
109.33690
108.69891
108.07014
107.43331
106.78942
106.14233
105.55768
105.06733
104.67372
104.37206
104.15043
103.99588
103.90537
103.87910
103.95258
104.14472
104.42947
104.78499
105.20732
105.69785
106.25081
106.84862
107.48298
108.12232
108.74590
109.34100
109.92309
110.50193
111.01678
111.44827
111.79767
112.08249
112.31078
112.48016
112.58995
112.59582
112.47314
112.24629
111.93851
111.56376
111.11860
110.60880
110.05234
109.45473
108.85005
108.22700
107.60966
106.97633
106.33107
105.74208
105.24236
104.83454
104.51805
104.27869
104.10480
103.99337
103.94452
103.99589
104.16778
104.43577
104.77490
105.18439
105.66283
106.20337
106.78983
107.41443
108.04579
108.66395
109.25635
109.84292
110.42579
110.94667
111.38386
111.73804
112.03596
112.27406
112.45267
112.57037
112.58306
112.46563
112.24316
111.93953
111.56810
111.12476
110.61871
110.06479
109.47214
108.86823
108.26488
107.64524
107.01233
106.36690
105.78081
105.27911
104.86910
104.54932
104.30210
104.12763
104.01568
103.96622
104.01687
104.18792
104.45298
104.79117
105.20162
105.68035
106.22360
106.81381
107.43905
108.07428
108.69480
109.29173
109.87848
110.46146
110.98242
111.42047
111.77433
112.06242
112.29307
112.46722
112.58142
112.58993
112.46855
112.24228
111.93617
111.55995
111.11603
110.60454
110.04757
109.45192
108.84556
108.23800
107.62305
106.98925
106.34402
105.75531
105.25547
104.84841
104.53091
104.29140
104.11757
104.00612
103.95720
104.00848
104.18024
104.44648
104.78520
105.19344
105.66984
106.20829
106.79365
107.41730
108.04760
108.66344
109.25719
109.84433
110.42715
110.94868
111.38551
111.73947
112.02713
112.25758
112.43156
112.54779
112.55934
112.44042
112.21533
111.90816
111.53456
111.09365
110.58540
110.03035
109.43771
108.83050
108.23041
107.61234
106.97989
106.33104
105.74229
105.24176
104.83539
104.51936
104.28047
104.10649
103.99533
103.94674
103.99831
104.17093
104.43862
104.77927
105.19637
105.68296
106.23010
106.82617
107.46706
108.11900
108.75511
109.36355
109.95105
110.52494
111.10195
111.67125
112.16387
112.55524
112.84704
113.04951
113.17192
113.22169
113.16755
112.99782
112.74026
112.41141
112.01320
111.54137
111.00483
110.40826
109.78333
109.14119
108.49971
107.87202
107.24496
106.61157
105.97578
105.32711
104.62206
103.85805
103.05569
102.22075
101.36611
100.49205
99.60353
98.70105
97.78603
96.85820
95.92295
94.97914
94.03034
93.07457
92.11056
91.14282
90.17316
89.20275
88.23252
87.26062
86.28950
85.31826
84.35321
83.38977
82.42724
81.46457
80.50233
79.53658
78.57560
77.61337
76.64857
75.68315
74.71575
73.74963
72.78892
71.82950
70.87314
69.91565
68.95826
68.00042
67.04175
66.08054
65.11981
64.15709
63.20082
62.23947
61.27978
60.31977
59.35867
58.39750
57.43671
56.47399
55.51775
54.55612
53.59552
52.63450
51.67358
50.71239
49.75175
48.78943
47.82924
46.86869
45.90821
44.94749
43.98647
43.02452
42.06344
41.10089
40.14056
39.17949
38.22283
37.26676
36.30958
35.35028
34.38965
33.42114
32.45961
31.48994
30.58561
29.69381
28.74419
27.80980
26.93658
26.07582
25.14695
24.27199
23.53886
22.99945
22.68890
22.62343
22.79913
23.19529
23.74953
24.40209
25.11432
25.85714
26.61046
27.35942
28.23434
29.17439
30.08651
30.98955
31.87776
32.69346
33.40849
34.03641
34.68794
35.46709
36.15387
36.64761
36.93767
37.01283
36.85229
36.47706
35.93920
35.29748
34.59918
33.87234
33.13776
32.40946
31.69940
30.98824
30.27047
29.48295
28.64418
27.85142
27.18816
26.69496
26.39114
26.27105
26.31102
26.48533
26.77950
27.17016
27.58312
27.86915
28.04156
28.32768
28.81460
29.44901
30.17986
30.97061
31.79054
32.62011
33.44619
34.25993
35.08975
35.94735
36.83052
37.74501
38.68430
39.64900
40.61919
41.58398
42.55030
43.51777
44.46944
45.40827
46.33679
47.26284
48.19471
49.12363
50.06077
51.00958
51.96315
52.92080
53.88321
54.84956
55.82442
56.79898
57.77684
58.75908
59.73643
60.71329
61.69172
62.67225
63.65450
64.63779
65.62255
66.61015
67.59547
68.58249
69.56949
70.55675
71.54426
72.51767
73.47823
74.43348
75.38434
76.31397
77.20885
78.06263
78.87169
79.63178
80.31447
80.88524
81.34651
81.70713
81.96965
82.13751
82.16358
82.01631
81.72941
81.33279
80.85576
80.32008
79.74539
79.13607
78.50794
77.88225
77.25460
76.61308
75.96271
75.30829
74.66200
74.02896
73.47099
73.02128
72.67210
72.41729
72.25054
72.15907
72.13734
72.18320
72.29565
72.49757
72.80130
73.18553
73.62574
74.12372
74.67701
75.28540
75.93933
76.61120
77.29597
77.95861
78.59137
79.18408
79.75724
80.30485
80.81370
81.24961
81.58510
81.83679
82.02486
82.14768
82.21023
82.21334
82.15658
82.00657
81.74016
81.38111
80.95139
80.46796
79.93626
79.35491
78.74085
78.10979
77.48120
76.86157
76.23870
75.60427
74.96658
74.33704
73.72067
73.17896
72.74317
72.41089
72.17722
72.03126
71.96104
71.96223
72.03240
72.16906
72.39212
72.71274
73.10679
73.55814
74.06451
74.62938
75.24493
75.88797
76.54606
77.19413
77.81411
78.41844
79.01585
79.60604
80.17955
80.72743
81.20212
81.58410
81.87531
82.08616
82.22644
82.30080
82.31011
82.22010
82.01162
81.70954
81.33646
80.90270
80.40760
79.85076
79.24101
78.60599
77.95219
77.30554
76.66985
76.03291
75.39786
74.76256
74.13280
73.57316
73.11401
72.75485
72.49124
72.31099
72.20195
72.16118
72.19101
72.31757
72.54782
72.85590
73.23379
73.68193
74.19854
74.77512
75.40150
76.07311
76.76969
77.48257
78.17923
78.85047
79.48035
80.06257
80.60881
81.12457
81.56518
81.91202
82.17033
82.35641
82.47732
82.53283
82.52341
82.44947
82.28275
82.00562
81.64558
81.21978
80.74049
80.20525
79.61679
78.98251
78.32876
77.66619
77.01905
76.38312
75.75140
75.11780
74.49387
73.88221
73.34307
72.90600
72.56988
72.32724
72.16991
72.08460
72.06700
72.11618
72.23114
72.43320
72.73439
73.11440
73.55355
74.04787
74.60059
75.20493
75.85947
76.53550
77.21596
77.88435
78.52135
79.12072
79.69708
80.25082
80.77892
81.27667
81.69566
82.02237
82.26131
82.42272
82.51555
82.54163
82.50124
82.36635
82.12086
81.78794
81.38811
80.92664
80.41835
79.85386
79.22238
78.57180
77.90870
77.25672
76.61532
75.97044
75.32590
74.68507
74.05200
73.48849
73.02907
72.67106
72.40811
72.23228
72.13251
72.10278
72.14114
72.24661
72.43948
72.73589
73.11177
73.54503
74.03538
74.58605
75.18949
75.84343
76.51637
77.19821
77.86536
78.50228
79.10100
79.67600
80.22950
80.75846
81.25506
81.67554
82.00160
82.24030
82.39528
82.48165
82.50278
82.45887
82.32169
82.07374
81.73921
81.32681
80.86525
80.34469
79.76878
79.14338
78.49922
77.84156
77.19171
76.55715
75.92181
75.28298
74.64958
74.02383
73.40219
72.74977
72.04336
71.33280
70.65268
70.02439
69.45532
68.94571
68.47055
68.01655
67.58078
67.16191
66.75930
66.36863
65.98568
65.60615
65.22482
64.83673
64.44349
64.04539
63.63686
63.21274
62.77010
62.31233
61.83896
61.34371
60.82641
60.28666
59.72593
59.14946
58.55640
57.94710
57.33004
56.70041
56.06259
55.41997
54.77081
54.11637
53.45540
52.78919
52.12031
51.44658
50.77146
50.09313
49.41397
48.73674
48.06156
47.38283
46.70988
46.03710
45.36402
44.69158
44.01923
43.34656
42.67404
42.00094
41.32928
40.65705
39.98507
39.31280
38.64046
37.96813
37.29517
36.62261
35.95160
35.27972
34.60691
33.93460
33.26382
32.59226
31.91858
31.24524
30.57385
29.90253
29.23093
28.56350
27.89948
27.23747
26.57597
25.91412
25.25420
24.59483
23.93702
23.27804
22.61839
21.95881
21.29984
20.63919
19.98289
19.32371
18.66561
18.00642
17.34755
16.69060
16.03308
15.37238
14.71090
14.16103
13.83526
13.71934
13.79115
14.02558
14.39726
14.88304
15.46048
16.04620
16.49933
16.73671
16.76036
16.57594
16.19294
15.64754
14.99119
14.27795
13.56638
12.84754
12.16855
11.54595
11.00238
10.56063
10.21901
9.97117
9.80611
9.71124
9.68442
9.75743
9.94535
10.22326
10.56964
10.98833
11.47709
12.03068
12.63858
13.27663
13.93735
14.59905
15.24426
15.88656
16.52776
17.16850
17.74484
18.22385
18.60227
18.88483
19.07807
19.19616
19.24300
19.18712
19.01370
18.74958
18.41228
18.00162
17.52135
16.97123
16.38443
15.77042
15.15308
14.54772
13.93555
13.31088
12.68780
12.12220
11.64199
11.24861
10.93968
10.69830
10.52037
10.45129
10.51420
10.68357
10.93579
11.26607
11.67162
12.14948
12.67715
13.24971
13.83393
14.42783
15.04468
15.68438
16.33979
17.00494
17.60940
18.11545
18.51854
18.82125
19.03100
19.15722
19.17366
19.06649
18.86208
18.57991
18.22084
17.77363
17.25283
16.67929
16.06714
15.42685
14.78412
14.15609
13.54350
12.91454
12.28391
11.71634
11.24013
10.85573
10.56032
10.34372
10.19696
10.15711
10.24304
10.42625
10.68811
11.02919
11.44575
11.93431
12.47291
13.05451
13.66959
14.29167
14.90525
15.52487
16.17175
16.83424
17.49800
18.09885
18.60100
19.00091
19.30079
19.50159
19.61376
19.65104
19.58688
19.40776
19.13832
18.79638
18.38378
17.89871
17.34484
16.73570
16.07840
15.40281
14.71788
14.04369
13.39615
12.77975
12.18078
11.59676
11.08368
10.66028
10.32509
10.07172
9.88529
9.76321
9.70684
9.71665
9.82406
10.04819
10.36351
10.74838
11.18652
11.68483
12.25653
12.88368
13.52714
14.18371
14.83188
15.46703
16.10433
16.74113
17.37384
17.99962
18.55296
19.00288
19.35001
19.59900
19.75815
19.83737
19.84296
19.77676
19.61800
19.35397
19.00966
18.60164
18.12809
17.58833
16.99405
16.34711
15.66137
14.96580
14.27178
13.59837
12.95774
12.35365
11.77292
11.21939
10.67784
10.16782
9.66881
9.18188
8.70667
8.70667
8.24229
7.79041
7.34982
6.92304
6.51023
6.11283
5.73353
5.37315
5.03278
4.71326
4.41477
4.13976
3.88768
3.65953
3.45603
3.27724
3.12353
2.99498
2.89139
2.81275
2.75716
2.72410
2.71258
2.72040
2.74531
2.78582
2.84029
2.90552
2.97943
3.05916
3.14203
3.22546
3.30743
3.38560
3.45780
3.52150
3.52150
3.57496
3.61564
3.64239
3.65567
3.66230
3.66562
3.66728
3.66811
3.66853
3.66874
3.66884
3.66889
3.66892
3.66893
3.66894
3.66894
3.66894
3.66894
3.66894
3.66894
3.66894
3.66894
3.66894
3.66894
3.66894
3.66894
3.66894
3.66894
3.66894
3.66894
3.66894
3.66894
3.66894
3.66894
3.66894
3.66894
3.66894
3.66894
3.66894
3.66894
3.66894
3.66894
3.66894
3.66894
3.66894
3.66894
3.66894
3.66894
3.66894
3.66894
3.66894
3.66894
3.66894
3.66894
3.66894
3.66894
3.66894
3.66894
3.66894
3.66894
3.66894
3.66894
3.66894
3.66894
3.66894
3.66894
3.66894
3.66894
3.66894
3.66894
3.66894
3.66894
3.66894
3.66894
3.66894
3.66894
3.66894
3.66894
3.66894
3.66894
3.66894
3.66894
3.66894
3.66894
3.66894
3.66894
3.66894
3.66894
3.66894
3.66894
3.66894
3.66894
3.66894
3.66894
3.66894
3.66894
3.66894
3.66894
3.66894
3.66894
3.66894
3.66894
3.66894
3.66894
3.66894
3.66894
3.66894
3.66894
3.66894
3.66894
3.66894
3.66894
3.66894
3.66894
3.66894
3.66894
3.66894
3.66894
3.66894
3.66894
3.66894
3.66894
3.66894
3.66894
3.66894
3.66894
3.66894
3.66894
3.66894
3.66894
3.66894
3.66894
3.66894
3.66894
3.66894
3.66894
3.66894
3.66894
3.66894
3.66894
3.66894
3.66894
3.66894
3.66894
3.66894
3.66894
3.66894
3.66894
3.66894
3.66894
3.66894
0.00000
0.00000
0.00000
0.00000
0.00000
0.00000
0.00000
0.00000
0.00000
0.00000
0.00000
0.00000
0.00000
0.00000
0.00000
0.00000
0.00000
0.00000
0.00000
0.00000
0.00000
0.00000
0.00000
0.00000
0.00000
0.00000
0.00000
0.00000
0.00000
0.00000
0.00000
0.00000
0.00000
0.00000
0.00000
0.00000
0.00000
0.00000
0.00000
0.00000
0.00000
0.00000
0.00000
0.00000
0.00000
0.00000
0.00000
0.00000
0.00000
0.00000
0.00000
0.00000
0.00000
0.00000
0.00000
0.00000
0.00000
0.00000
0.00000
0.00000
0.00000
0.00000
0.00000
0.00000
0.00000
0.00000
0.00000
0.00000
0.00000
0.00000
0.00000
0.00000
0.00000
0.00000
0.00000
0.00000
0.00000
0.00000
0.00000
0.00000
0.00000
0.00000
0.00000
0.00000
0.00000
0.00000
0.00000
0.00000
0.00000
0.00000
0.00000
0.00000
0.00000
0.00000
0.00000
0.00000
0.00000
0.00000
0.00000
0.00000
0.00000
0.00000
0.00000
0.00000
0.00000
0.00000
0.00000
0.00000
0.00000
0.00000
0.00000
0.00000
0.00000
0.00000
0.00000
0.00000
0.00000
0.00000
0.00000
0.00000
0.00000
0.00000
0.00000
0.00000
0.00000
0.00000
0.00000
0.00000
0.00000
0.00000
0.00000
0.00000
0.00000
0.00000
0.00000
0.00000
0.00000
0.00000
0.00000
0.00000
0.00000
0.00000
0.00000
0.00000
0.00000
0.00000
0.00000
0.00000
0.00000
0.00000
0.00000
0.00000
0.00000
0.00000
0.00000
0.00000
0.00000
0.00000
0.00000
0.00000
0.00000
0.00000
0.00000
0.00000
0.00000
0.00000
0.00000
0.00000
0.00000
0.00000
0.00000
0.00000
0.00000
0.00000
0.00000
0.00000
0.00000
0.00000
0.00000
0.00000
0.00000
0.00000
0.00000
0.00000
0.00000
0.00000
0.00000
0.00000
0.00000
0.00000
0.00000
0.00000
0.00000
0.00000
0.00000
0.00000
0.00000
0.00000
0.00000
0.00000
0.00000
0.00000
0.00000
0.00000
0.00000
0.00000
0.00000
0.00000
0.00000
0.00000
0.00000
0.00000
0.00000
0.00000
0.00000
0.00000
0.00000
0.00000
0.00000
0.00000
0.00000
0.00000
0.00000
0.00000
0.00000
0.00000
0.00000
0.00000
0.00000
0.00000
0.00000
0.00000
0.00000
0.00000
0.00000
0.00000
0.00000
0.00000
0.00000
0.00000
0.00000
0.00000
0.00000
0.00000
0.00000
0.00000
0.00000
0.00000
0.00000
0.00000
0.00000
0.00000
0.00000
0.00000
0.00000
0.00000
0.00000
0.00000
0.00000
0.00000
0.00000
0.00000
0.00000
0.00000
0.00000
0.00000
0.00000
0.00000
0.00000
0.00000
0.00000
0.00000
0.00000
0.00000
0.00000
0.00000
0.00000
0.00000
0.00000
0.00000
0.00000
0.00000
0.00000
0.00000
0.00000
0.00000
0.00000
0.00000
0.00000
0.00000
0.00000
0.00000
0.00000
0.00000
0.00000
0.00000
0.00000
0.00000
0.00000
0.00000
0.00000
0.00000
0.00000
0.00000
0.00000
0.00000
0.00000
0.00000
0.00000
0.00000
0.00000
0.00000
0.00000
0.00000
0.00000
0.00000
0.00000
0.00000
0.00000
0.00000
0.00000
0.00000
0.00000
0.00000
0.00000
0.00000
0.00000
0.00000
0.00000
0.00000
0.00000
0.00000
0.00000
0.00000
0.00000
0.00000
0.00000
0.00000
0.00000
0.00000
0.00000
0.00000
0.00000
0.00000
0.00000
0.00000
0.00000
0.00000
0.00000
0.00000
0.00000
0.00000
0.00000
0.00000
0.00000
0.00000
0.00000
0.00000
0.00000
0.00000
0.00000
0.00000
0.00000
0.00000
0.00000
0.00000
0.00000
0.00000
0.00000
0.00000
0.00000
0.00000
0.00000
0.00000
0.00000
0.00000
0.00000
0.00000
0.00000
0.00000
0.00000
0.00000
0.00000
0.00000
0.00000
0.00000
0.00000
0.00000
0.00000
0.00000
0.00000
0.00000
0.00000
0.00000
0.00000
0.00000
0.00000
0.00000
0.00000
0.00000
0.00000
0.00000
0.00000
0.00000
0.00000
0.00000
0.00000
0.00000
0.00000
0.00000
0.00000
0.00000
0.00000
0.00000
0.00000
0.00000
0.00000
0.00000
0.00000
0.00000
0.00000
0.00000
0.00000
0.00000
0.00000
0.00000
0.00000
0.00000
0.00000
0.00000
0.00000
0.00000
0.00000
0.00000
0.00000
0.00000
0.00000
0.00000
0.00000
0.00000
0.00000
0.00000
0.00000
0.00000
0.00000
0.00000
0.00000
0.00000
0.00000
0.00000
0.00000
0.00000
0.00000
0.00000
0.00000
0.00000
0.00000
0.00000
0.00000
0.00000
0.00000
0.00000
0.00000
0.00000
0.00000
0.00000
0.00000
0.00000
0.00000
0.00000
0.00000
0.00000
0.00000
0.00000
0.00000
0.00000
0.00000
0.00000
0.00000
0.00000
0.00000
0.00000
0.00000
0.00000
0.00000
0.00000
0.00000
0.00000
0.00000
0.00000
0.00000
0.00000
0.00000
0.00000
0.00000
0.00000
0.00000
0.00000
0.00000
0.00000
0.00000
0.00000
0.00000
0.00000
0.00000
0.00000
0.00000
0.00000
0.00000
0.00000
0.00000
0.00000
0.00000
0.00000
0.00000
0.00000
0.00000
0.00000
0.00000
0.00000
0.00000
0.00000
0.00000
0.00000
0.00000
0.00000
0.00000
0.00000
0.00000
0.00000
0.00000
0.00000
0.00000
0.00000
0.00000
0.00000
0.00000
0.00000
0.00000
0.00000
0.00000
0.00000
0.00000
0.00000
0.00000
0.00000
0.00000
0.00000
0.00000
0.00000
0.00000
0.00000
0.00000
0.00000
0.00000
0.00000
0.00000
0.00000
0.00000
0.00000
0.00000
0.00000
0.00000
0.00000
0.00000
0.00000
0.00000
0.00000
0.00000
0.00000
0.00000
0.00000
0.00000
0.00000
0.00000
0.00000
0.00000
0.00000
0.00000
0.00000
0.00000
0.00000
0.00000
0.00000
0.00000
0.00000
0.00000
0.00000
0.00000
0.00000
0.00000
0.00000
0.00000
0.00000
0.00000
0.00000
0.00000
0.00000
0.00000
0.00000
0.00000
0.00000
0.00000
0.00000
0.00000
0.00000
0.00000
0.00000
0.00000
0.00000
0.00000
0.00000
0.00000
0.00000
0.00000
0.00000
0.00000
0.00000
0.00000
0.00000
0.00000
0.00000
0.00000
0.00000
0.00000
0.00000
0.00000
0.00000
0.00000
0.00000
0.00000
0.00000
0.00000
0.00000
0.00000
0.00000
0.00000
0.00000
0.00000
0.00000
0.00000
0.00000
0.00000
0.00000
0.00000
0.00000
0.00000
0.00000
0.00000
0.00000
0.00000
0.00000
0.00000
0.00000
0.00000
0.00000
0.00000
0.00000
0.00000
0.00000
0.00000
0.00000
0.00000
0.00000
0.00000
0.00000
0.00000
0.00000
0.00000
0.00000
0.00000
0.00000
0.00000
0.00000
0.00000
0.00000
0.00000
0.00000
0.00000
0.00000
0.00000
0.00000
0.00000
0.00000
0.00000
0.00000
0.00000
0.00000
0.00000
0.00000
0.00000
0.00000
0.00000
0.00000
0.00000
0.00000
0.00000
0.00000
0.00000
0.00000
0.00000
0.00000
0.00000
0.00000
0.00000
0.00000
0.00000
0.00000
0.00000
0.00000
0.00000
0.00000
0.00000
0.00000
0.00000
0.00000
0.00000
0.00000
0.00000
0.00000
0.00000
0.00000
0.00000
0.00000
0.00000
0.00000
0.00000
0.00000
0.00000
0.00000
0.00000
0.00000
0.00000
0.00000
0.00000
0.00000
0.00000
0.00000
0.00000
0.00000
0.00000
0.00000
0.00000
0.00000
0.00000
0.00000
0.00000
0.00000
0.00000
0.00000
0.00000
0.00000
0.00000
0.00000
0.00000
0.00000
0.00000
0.00000
0.00000
0.00000
0.00000
0.00000
0.00000
0.00000
0.00000
0.00000
0.00000
0.00000
0.00000
0.00000
0.00000
0.00000
0.00000
0.00000
0.00000
0.00000
0.00000
0.00000
0.00000
0.00000
0.00000
0.00000
0.00000
0.00000
0.00000
0.00000
0.00000
0.00000
0.00000
0.00000
0.00000
0.00000
0.00000
0.00000
0.00000
0.00000
0.00000
0.00000
0.00000
0.00000
0.00000
0.00000
0.00000
0.00000
0.00000
0.00000
0.00000
0.00000
0.00000
0.00000
0.00000
0.00000
0.00000
0.00000
0.00000
0.00000
0.00000
0.00000
0.00000
0.00000
0.00000
0.00000
0.00000
0.00000
0.00000
0.00000
0.00000
0.00000
0.00000
0.00000
0.00000
0.00000
0.00000
0.00000
0.00000
0.00000
0.00000
0.00000
0.00000
0.00000
0.00000
0.00000
0.00000
0.00000
0.00000
0.00000
0.00000
0.00000
0.00000
0.00000
0.00000
0.00000
0.00000
0.00000
0.00000
0.00000
0.00000
0.00000
0.00000
0.00000
0.00000
0.00000
0.00000
0.00000
0.00000
0.00000
0.00000
0.00000
0.00000
0.00000
0.00000
0.00000
0.00000
0.00000
0.00000
0.00000
0.00000
0.00000
0.00000
0.00000
0.00000
0.00000
0.00000
0.00000
0.00000
0.00000
0.00000
0.00000
0.00000
0.00000
0.00000
0.00000
0.00000
0.00000
0.00000
0.00000
0.00000
0.00000
0.00000
0.00000
0.00000
0.00000
0.00000
0.00000
0.00000
0.00000
0.00000
0.00000
0.00000
0.00000
0.00000
0.00000
0.00000
0.00000
0.00000
0.00000
0.00000
0.00000
0.00000
0.00000
0.00000
0.00000
0.00000
0.00000
0.00000
0.00000
0.00000
0.00000
0.00000
0.00000
0.00000
0.00000
0.00000
0.00000
0.00000
0.00000
0.00000
0.00000
0.00000
0.00000
0.00000
0.00000
0.00000
0.00000
0.00000
0.00000
0.00000
0.00000
0.00000
0.00000
0.00000
0.00000
0.00000
0.00000
0.00000
0.00000
0.00000
0.00000
0.00000
0.00000
0.00000
0.00000
0.00000
0.00000
0.00000
0.00000
0.00000
0.00000
0.00000
0.00000
0.00000
0.00000
0.00000
0.00000
0.00000
0.00000
0.00000
0.00000
0.00000
0.00000
0.00000
0.00000
0.00000
0.00000
0.00000
0.00000
0.00000
0.00000
0.00000
0.00000
0.00000
0.00000
0.00000
0.00000
0.00000
0.00000
0.00000
0.00000
0.00000
0.00000
0.00000
0.00000
0.00000
0.00000
0.00000
0.00000
0.00000
0.00000
0.00000
0.00000
0.00000
0.00000
0.00000
0.00000
0.00000
0.00000
0.00000
0.00000
0.00000
0.00000
0.00000
0.00000
0.00000
0.00000
0.00000
0.00000
0.00000
0.00000
0.00000
0.00000
0.00000
0.00000
0.00000
0.00000
0.00000
0.00000
0.00000
0.00000
0.00000
0.00000
0.00000
0.00000
0.00000
0.00000
0.00000
0.00000
0.00000
0.00000
0.00000
0.00000
0.00000
0.00000
0.00000
0.00000
0.00000
0.00000
0.00000
0.00000
0.00000
0.00000
0.00000
0.00000
0.00000
0.00000
0.00000
0.00000
0.00000
0.00000
0.00000
0.00000
0.00000
0.00000
0.00000
0.00000
0.00000
0.00000
0.00000
0.00000
0.00000
0.00000
0.00000
0.00000
0.00000
0.00000
0.00000
0.00000
0.00000
0.00000
0.00000
0.00000
0.00000
0.00000
0.00000
0.00000
0.00000
0.00000
0.00000
0.00000
0.00000
0.00000
0.00000
0.00000
0.00000
0.00000
0.00000
0.00000
0.00000
0.00000
0.00000
0.00000
0.00000
0.00000
0.00000
0.00000
0.00000
0.00000
0.00000
0.00000
0.00000
0.00000
0.00000
0.00000
0.00000
0.00000
0.00000
0.00000
0.00000
0.00000
0.00000
0.00000
0.00000
0.00000
0.00000
0.00000
0.00000
0.00000
0.00000
0.00000
0.00000
0.00000
0.00000
0.00000
0.00000
0.00000
0.00000
0.00000
0.00000
0.00000
0.00000
0.00000
0.00000
0.00000
0.00000
0.00000
0.00000
0.00000
0.00000
0.00000
0.00000
0.00000
0.00000
0.00000
0.00000
0.00000
0.00000
0.00000
0.00000
0.00000
0.00000
0.00000
0.00000
0.00000
0.00000
0.00000
0.00000
0.00000
0.00000
0.00000
0.00000
0.00000
0.00000
0.00000
0.00000
0.00000
0.00000
0.00000
0.00000
0.00000
0.00000
0.00000
0.00000
0.00000
0.00000
0.00000
0.00000
0.00000
0.00000
0.00000
0.00000
0.00000
0.00000
0.00000
0.00000
0.00000
0.00000
0.00000
0.00000
0.00000
0.00000
0.00000
0.00000
0.00000
0.00000
0.00000
0.00000
0.00000
0.00000
0.00000
0.00000
0.00000
0.00000
0.00000
0.00000
0.00000
0.00000
0.00000
0.00000
0.00000
0.00000
0.00000
0.00000
0.00000
0.00000
0.00000
0.00000
0.00000
0.00000
0.00000
0.00000
0.00000
0.00000
0.00000
0.00000
0.00000
0.00000
0.00000
0.00000
0.00000
0.00000
0.00000
0.00000
0.00000
0.00000
0.00000
0.00000
0.00000
0.00000
0.00000
0.00000
0.00000
0.00000
0.00000
0.00000
0.00000
0.00000
0.00000
0.00000
0.00000
0.00000
0.00000
0.00000
0.00000
0.00000
0.00000
0.00000
0.00000
0.00000
0.00000
0.00000
0.00000
0.00000
0.00000
0.00000
0.00000
0.00000
0.00000
0.00000
0.00000
0.00000
0.00000
0.00000
0.00000
0.00000
0.00000
0.00000
0.00000
0.00000
0.00000
0.00000
0.00000
0.00000
0.00000
0.00000
0.00000
0.00000
0.00000
0.00000
0.00000
0.00000
0.00000
0.00000
0.00000
0.00000
0.00000
0.00000
0.00000
0.00000
0.00000
0.00000
0.00000
0.00000
0.00000
0.00000
0.00000
0.00000
0.00000
0.00000
0.00000
0.00000
0.00000
0.00000
0.00000
0.00000
0.00000
0.00000
0.00000
0.00000
0.00000
0.00000
0.00000
0.00000
0.00000
0.00000
0.00000
0.00000
0.00000
0.00000
0.00000
0.00000
0.00000
0.00000
0.00000
0.00000
0.00000
0.00000
0.00000
0.00000
0.00000
0.00000
0.00000
0.00000
0.00000
0.00000
0.00000
0.00000
0.00000
0.00000
0.00000
0.00000
0.00000
0.00000
0.00000
0.00000
0.00000
0.00000
0.00000
0.00000
0.00000
0.00000
0.00000
0.00000
0.00000
0.00000
0.00000
0.00000
0.00000
0.00000
0.00000
0.00000
0.00000
0.00000
0.00000
0.00000
0.00000
0.00000
0.00000
0.00000
0.00000
0.00000
0.00000
0.00000
0.00000
0.00000
0.00000
0.00000
0.00000
0.00000
0.00000
0.00000
0.00000
0.00000
0.00000
0.00000
0.00000
0.00000
0.00000
0.00000
0.00000
0.00000
0.00000
0.00000
0.00000
0.00000
0.00000
0.00000
0.00000
0.01791
0.11288
0.11288
0.31101
0.61711
1.01910
1.50558
2.06873
2.69748
3.38706
4.12776
4.91187
5.73383
6.59176
7.47740
8.38586
9.31151
10.25345
11.20976
12.16828
13.11644
14.05113
14.97631
15.89254
16.80828
17.72352
18.63998
19.55860
20.47446
21.39049
22.30849
23.22136
24.13941
25.05846
25.97978
26.90107
27.82342
28.74624
29.67184
30.59471
31.51864
32.44248
33.36650
34.29041
35.21472
36.13981
37.06697
37.98790
38.91317
39.83788
40.76322
41.68798
42.61272
43.53746
44.46467
45.38526
46.31086
47.23605
48.16152
49.08716
50.01202
50.93707
51.86345
52.78746
53.71203
54.63782
55.56300
56.48769
57.41367
58.33941
59.26645
60.19145
61.11801
62.04351
62.97012
63.89617
64.82248
65.74858
66.67531
67.60021
68.52513
69.45001
70.36945
71.28627
72.20240
73.11821
74.03580
74.95172
75.86826
76.78496
77.70179
78.61125
79.52192
80.42919
81.33172
82.22501
83.10127
83.94974
84.77724
85.58904
85.58904
86.38659
87.11998
87.74604
88.24938
88.63439
88.85338
88.87157
88.71744
88.42239
88.01805
87.52931
86.98127
86.37467
85.72633
85.06828
84.42287
83.80504
83.20487
82.61025
82.07892
81.63235
81.63235
81.26839
80.97499
80.74026
80.56301
80.44388
80.43061
80.54849
80.77238
81.07921
81.45446
81.89952
82.41117
82.96553
83.56207
84.16647
84.76765
85.38359
86.01647
86.66137
87.25100
87.75193
88.15963
88.47515
88.70676
88.86977
88.96630
88.95766
88.82570
88.59634
88.29210
87.91353
87.45853
86.93631
86.37196
85.77303
85.16605
84.56833
83.95947
83.34382
82.72100
82.15537
81.67318
81.27761
80.96525
80.71973
80.53638
80.46233
80.51733
80.67758
80.92022
81.24192
81.64228
82.11795
82.64467
83.21390
83.80096
84.39750
85.01761
85.66177
86.31731
86.97785
87.58110
88.08437
88.48879
88.79415
89.00646
89.13714
89.15794
89.05344
88.85031
88.56995
88.21146
87.77526
87.26619
86.69153
86.08233
85.44758
84.80993
84.18874
83.57234
82.95771
82.39723
81.91539
81.51587
81.19192
80.92565
80.71747
80.56762
80.52571
80.61690
80.81525
81.09763
81.45016
81.87703
82.37078
82.91038
83.48875
84.07895
84.67535
85.29298
85.92539
86.57029
87.21808
87.80179
88.28618
88.66690
88.94882
89.13968
89.24940
89.25125
89.13293
88.91951
88.62968
88.26088
87.81173
87.28989
86.70784
86.08859
85.44755
84.80224
84.17312
83.55331
82.93684
82.37449
81.89100
81.48951
81.16537
80.90246
80.69632
80.55032
80.51210
80.60541
80.80425
81.08616
81.43694
81.86303
82.35748
82.89786
83.47593
84.06668
84.66336
85.28160
85.91873
86.56973
87.22076
87.80739
88.29423
88.67812
88.96205
89.15356
89.26243
89.26359
89.14359
88.92812
88.63512
88.26334
87.81435
87.29276
86.70852
86.09075
85.44739
84.80278
84.17389
83.55353
82.93689
82.37239
81.89067
81.48931
81.16490
80.90201
80.69603
80.55029
80.51198
80.60573
80.80399
81.08539
81.43785
81.86488
82.37992
82.92290
83.50257
84.09508
84.69005
85.30283
85.93374
86.57687
87.22564
87.80987
88.29412
88.67655
88.95713
89.14680
89.25449
89.25338
89.13066
88.91289
88.61763
88.24163
87.79204
87.26933
86.68348
86.06368
85.41793
84.77081
84.14007
83.51748
82.90249
82.90249
82.27121
81.60794
80.92887
80.23963
79.54904
78.86234
78.18236
77.51270
76.85058
76.19503
75.54503
74.89880
74.25046
73.60090
72.94485
72.29032
71.63110
70.96997
70.30800
69.63769
68.96907
68.29761
67.62180
66.94676
66.26635
65.58548
64.90363
64.22137
63.54112
62.85903
62.17342
61.59093
61.23824
61.15017
61.06233
60.72564
60.17472
59.63370
59.31388
59.23343
59.38851
59.54062
59.46430
59.38947
59.53342
59.87621
60.38429
61.00565
61.69389
62.39028
63.04411
63.62138
64.11038
64.51361
64.84386
65.12199
65.35517
65.54492
65.69213
65.79853
65.86798
65.90367
65.90766
65.88223
65.82911
65.75140
65.65199
65.53199
65.39293
65.23721
65.00776
64.65871
64.20874
63.67434
63.02879
62.27601
61.47048
60.65185
59.84583
59.07587
58.35279
57.68631
57.10618
56.64655
56.30684
56.07868
55.95101
55.91274
55.95333
56.09085
56.33616
56.65801
57.04867
57.51271
58.04593
58.63889
59.28523
59.95513
60.64376
61.32330
61.97968
62.61355
63.23519
63.79663
64.27449
64.66676
64.98043
65.23349
65.42938
65.56754
65.64717
65.62468
65.47537
65.22443
64.89392
64.50047
64.03999
63.51673
62.94414
62.33720
61.71914
61.11274
60.51012
59.90079
59.25201
58.64582
58.10616
57.66867
57.32749
57.07714
56.90251
56.80047
56.76554
56.83115
57.01495
57.28843
57.63250
58.04746
58.53336
59.08561
59.67763
60.29907
60.92961
61.54424
62.16019
62.77816
63.34559
63.83703
64.24926
64.58823
64.87246
65.10620
65.28748
65.41367
65.43502
65.32392
65.10566
64.80281
64.43392
63.99681
63.49613
62.94294
62.34491
61.73430
61.13234
60.53948
59.93865
59.33516
58.72871
58.18944
57.74763
57.40206
57.14695
56.96702
56.85690
56.81275
56.86887
57.04413
57.31436
57.65315
58.06381
58.54875
59.09920
59.68883
60.30708
60.93235
61.54711
62.16047
62.78121
63.35188
63.84634
64.26032
64.60247
64.88769
65.11968
65.29960
65.42491
65.44586
65.33442
65.11642
64.81379
64.44591
64.00948
63.50830
62.95521
62.35725
61.74575
61.14373
60.54800
59.94411
59.33744
58.72854
58.11323
57.40210
56.63281
55.83843
55.02913
54.21329
53.39402
52.57275
51.75125
50.92912
50.10541
49.28310
48.45962
47.64185
46.82700
46.01304
45.19993
44.38708
43.57352
42.76065
41.94760
41.13485
40.32084
39.50766
38.79742
38.31244
37.94338
37.45842
36.77003
35.93844
35.03256
34.12524
33.28708
32.57391
31.99530
31.58338
31.39608
31.42953
31.65002
32.01432
32.48406
33.02857
33.62571
34.25132
34.91491
35.61488
36.36853
37.13581
37.93023
38.74151
39.53437
40.27219
40.89890
41.54559
42.25736
43.06413
43.90147
44.72283
45.48704
46.13217
46.61907
46.91343
47.00088
46.88326
46.57810
46.12509
45.57338
44.97135
44.34444
43.71659
43.07943
42.42049
41.73972
41.04329
40.34062
39.64321
38.94850
38.27797
37.63005
36.99550
36.37831
35.78132
35.20597
34.70954
34.32233
34.03864
33.84886
33.74418
33.71437
33.75199
33.89101
34.15170
34.50735
34.93572
35.41904
35.95347
36.53727
37.15855
37.80447
38.44499
39.06193
39.64660
40.21946
40.77897
41.27157
41.67783
42.00181
42.26038
42.46219
42.60593
42.69070
42.67292
42.52836
42.28226
41.95634
41.56445
41.10750
40.58518
40.01792
39.41330
38.79708
38.18728
37.56551
36.92959
36.28162
35.61517
34.97642
34.35182
33.73540
33.12715
32.53291
31.95892
31.40103
30.85666
30.31714
29.79083
29.26679
28.75274
28.23837
27.72213
27.19968
26.67443
26.14673
25.61582
25.03076
24.48784
23.93522
23.37994
22.81610
22.24748
21.67618
21.09966
20.51843
19.93273
19.34241
18.75068
18.15611
17.55952
16.96120
16.36139
15.76057
15.15871
14.55464
13.95426
13.35067
12.74662
12.14184
11.53740
10.93248
10.32645
9.71900
9.11614
8.51042
7.90516
7.29965
6.69436
6.08913
5.48388
4.87744
4.27237
3.66661
3.06068
2.45569
1.85056
1.24532
0.63996
0.03371
-0.57093
-1.17600
-1.78136
-2.38637
-2.99239
-3.59730
-4.20244
-4.80910
-5.41127
-6.01617
-6.63063
-7.23626
-7.84183
-8.44713
-9.05216
-9.65878
-10.26342
-10.86922
-11.47462
-12.08001
-12.68503
-13.29017
-13.89226
-14.49798
-15.10395
-15.71173
-16.32207
-16.93418
-17.54769
-18.16228
-18.77777
-19.39515
-20.01182
-20.62930
-21.24677
-21.86466
-22.48185
-23.09657
-23.70756
-24.31749
-24.92455
-25.53123
-26.13794
-26.74374
-27.34892
-28.04845
-28.89900
-29.82654
-30.76466
-31.67545
-32.53169
-33.31803
-34.01931
-34.63225
-35.22164
-35.90100
-36.66898
-37.46448
-38.22436
-38.96960
-39.71773
-40.41123
-41.18582
-41.99433
-42.82891
-43.62915
-44.33194
-44.88685
-45.25687
-45.42050
-45.37358
-45.12777
-44.72346
-44.21264
-43.63687
-43.02691
-42.39890
-41.73093
-41.01932
-40.26626
-39.48017
-38.66971
-37.84054
-36.99745
-36.14567
-35.28891
-34.42428
-33.55477
-32.69167
-31.82777
-30.96807
-30.16595
-29.47368
-28.90375
-28.50840
-28.33962
-28.38267
-28.60597
-28.97578
-29.46053
-30.03133
-30.68294
-31.39225
-32.12081
-32.83300
-33.51837
-34.16253
-34.75785
-35.31027
-35.79012
-36.17814
-36.48008
-36.71140
-36.88317
-36.99573
-37.04845
-37.04135
-36.93888
-36.71877
-36.40513
-36.01920
-35.57490
-35.07262
-34.51126
-33.90782
-33.27073
-32.62920
-32.00130
-31.38781
-30.77404
-30.15995
-29.55098
-29.01186
-28.57386
-28.23517
-27.98911
-27.82430
-27.73076
-27.70540
-27.78038
-27.97136
-28.25253
-28.60296
-29.02613
-29.51328
-30.06720
-30.65904
-31.28100
-31.90811
-32.52307
-33.13897
-33.76380
-34.33564
-34.83326
-35.25009
-35.59185
-35.87749
-36.11266
-36.29493
-36.42191
-36.44385
-36.33321
-36.11541
-35.81293
-35.44510
-35.00892
-34.50862
-33.95398
-33.35753
-32.74675
-32.12952
-31.53362
-30.93007
-30.32005
-29.71111
-29.16911
-28.72645
-28.38043
-28.12577
-27.94938
-27.84102
-27.79986
-27.86000
-28.03878
-28.30912
-28.64950
-29.06191
-29.54499
-30.09400
-30.68213
-31.30812
-31.93599
-32.55114
-33.16608
-33.78897
-34.36105
-34.85676
-35.27135
-35.61216
-35.89762
-36.12933
-36.30902
-36.43209
-36.45039
-36.33788
-36.11965
-35.81856
-35.45026
-35.01551
-34.51440
-33.96024
-33.36229
-32.75186
-32.15041
-31.55581
-30.95345
-30.34567
-29.73750
-29.19705
-28.75475
-28.40925
-28.15390
-27.97549
-27.85920
-27.80399
-27.85150
-28.02509
-28.29827
-28.64699
-29.05945
-29.54068
-30.09838
-30.71226
-31.35912
-32.03009
-32.70187
-33.35739
-33.98326
-34.59759
-35.15354
-35.62251
-36.00672
-36.32073
-36.57746
-36.77897
-36.92375
-37.01074
-37.03967
-37.00988
-36.92387
-36.92338
-37.13171
-37.52407
-38.06197
-38.69811
-39.38008
-40.05159
-40.67664
-41.23769
-41.72535
-42.14146
-42.51906
-42.86831
-43.19156
-43.48994
-43.77089
-44.03700
-44.29486
-44.54904
-44.80699
-45.07573
-45.35867
-45.65076
-45.95980
-46.28679
-46.63524
-47.00623
-47.40195
-47.82544
-48.27680
-48.75824
-49.26636
-49.80040
-50.35647
-50.93005
-51.52048
-52.12400
-52.74179
-53.37026
-54.00992
-54.65595
-55.31006
-55.97201
-56.64208
-57.31428
-57.99347
-58.67427
-59.30255
-59.82952
-60.25601
-60.58298
-60.84000
-61.05718
-61.23798
-61.38590
-61.50263
-61.65983
-61.92190
-62.27729
-62.76566
-63.39335
-64.10734
-64.86285
-65.62787
-66.37785
-67.09317
-67.76073
-68.35188
-68.83266
-69.20200
-69.46295
-69.62897
-69.71123
-69.71908
-69.65618
-69.52455
-69.32689
-69.06653
-68.73324
-68.31757
-67.84077
-67.31975
-66.75173
-66.13375
-65.46833
-64.76574
-64.05523
-63.34766
-62.66527
-62.02211
-61.42488
-60.86348
-60.33293
-59.83364
-59.41234
-59.08094
-58.83584
-58.66243
-58.55395
-58.51028
-58.53483
-58.62652
-58.80727
-59.09480
-59.46552
-59.90031
-60.38704
-60.92849
-61.52187
-62.16170
-62.81794
-63.48485
-64.13800
-64.77280
-65.40074
-66.02736
-66.64405
-67.24893
-67.77924
-68.20981
-68.53465
-68.76591
-68.91460
-68.99074
-68.99819
-68.93889
-68.81467
-68.60377
-68.29230
-67.90371
-67.45757
-66.95547
-66.39482
-65.78245
-65.12997
-64.45523
-63.77292
-63.10626
-62.46995
-61.87395
-61.29920
-60.74403
-60.21760
-59.72066
-59.30026
-58.97422
-58.73582
-58.57505
-58.48286
-58.45743
-58.49844
-58.63478
-58.88270
-59.21758
-59.61858
-60.07803
-60.60030
-61.17965
-61.80697
-62.45495
-63.11467
-63.76688
-64.40748
-65.04550
-65.68602
-66.32395
-66.94825
-67.50244
-67.95534
-68.30753
-68.56585
-68.73818
-68.83794
-68.87007
-68.83541
-68.73510
-68.54632
-68.25409
-67.88176
-67.43799
-66.94028
-66.38985
-65.78920
-65.13943
-64.46849
-63.78787
-63.12232
-62.48667
-61.88860
-61.31185
-60.75838
-60.23047
-59.73399
-59.31313
-58.98687
-58.74850
-58.58728
-58.49452
-58.46866
-58.50924
-58.64432
-58.89009
-59.22321
-59.62261
-60.08409
-60.60575
-61.18192
-61.81132
-62.46251
-63.12492
-63.78078
-64.42308
-65.06128
-65.70213
-66.33658
-66.96073
-67.51444
-67.96672
-68.31905
-68.57754
-68.74997
-68.85028
-68.88269
-68.84863
-68.74870
-68.56013
-68.26777
-67.89531
-67.46161
-66.96850
-66.42245
-65.81864
-65.16910
-64.49784
-63.81717
-63.15060
-62.51358
-61.91111
-61.33695
-60.76598
-60.23369
-59.73408
-59.31163
-58.98368
-58.74400
-58.58190
-58.48900
-58.46241
-58.50244
-58.63676
-58.88210
-59.21490
-59.61391
-60.07574
-60.59616
-61.17222
-61.80129
-62.45158
-63.11475
-63.77347
-64.40929
-65.04623
-65.68571
-66.32066
-66.94473
-67.49884
-67.95111
-68.30337
-68.56174
-68.73431
-68.83402
-68.86629
-68.83181
-68.73161
-68.54272
-68.25007
-67.87742
-67.44295
-66.95162
-66.40355
-65.80070
-65.15155
-64.48079
-63.80021
-63.13396
-62.49558
-61.90073
-61.32646
-60.77371
-60.24581
-59.74911
-59.32878
-59.00225
-58.76338
-58.60014
-58.50448
-58.47599
-58.51332
-58.65128
-58.89765
-59.23162
-59.63311
-60.09433
-60.61524
-61.19123
-61.82029
-62.47080
-63.13302
-63.78863
-64.42596
-65.06179
-65.70217
-66.33672
-66.96075
-67.51400
-67.96618
-68.31856
-68.57735
-68.74965
-68.84961
-68.88207
-68.84785
-68.74797
-68.58525
-68.30225
-67.84872
-67.27284
-66.61951
-65.94419
-65.28563
-64.66657
-64.09730
-63.56405
-63.04497
-62.53740
-62.03440
-61.53580
-61.03529
-60.53251
-60.02277
-59.50158
-58.97164
-58.44032
-57.90193
-57.35381
-56.79413
-56.22031
-55.62968
-55.02562
-54.39876
-53.75537
-53.08879
-52.39965
-51.69116
-50.96535
-50.22747
-49.47734
-48.71448
-47.94747
-47.16880
-46.38359
-45.59272
-44.79731
-43.99870
-43.19697
-42.39158
-41.58588
-40.77563
-39.96717
-39.15649
-38.34517
-37.53274
-36.72018
-35.90495
-35.09508
-34.28181
-33.46866
-32.65501
-31.84153
-31.02811
-30.21306
-29.39731
-28.58655
-27.77278
-26.95912
-26.14492
-25.33061
-24.51532
-23.70103
-22.88511
-22.07151
-21.25781
-20.44406
-19.63004
-18.81559
-18.00015
-17.18874
-16.37213
-15.56134
-14.74790
-13.93402
-13.11980
-12.30568
-11.49128
-10.67761
-9.86225
-9.05208
-8.23784
-7.42509
-6.61111
-5.79621
-4.98328
-4.17393
-3.36791
-2.56547
-1.76298
-0.96101
-0.15883
0.64382
1.44625
2.24774
3.05203
3.85051
4.65291
5.45544
6.25829
7.06072
7.86272
8.66485
9.47716
10.30999
11.15840
12.01640
12.88068
13.73423
14.56889
15.39237
16.21263
16.96431
17.60733
18.13217
18.53858
18.82977
18.96412
18.91014
18.69868
18.36301
17.92692
17.41531
16.84800
16.22313
15.55641
14.88288
14.22666
13.60900
13.02871
12.46813
11.92405
11.44928
11.06540
10.76552
10.53206
10.36033
10.24754
10.19492
10.24292
10.41479
10.68574
11.03362
11.44351
11.91611
12.45148
13.02844
13.63961
14.25871
14.87302
15.49481
16.13081
16.77233
17.35870
17.85507
18.25755
18.56889
18.79988
18.96449
19.06556
19.10320
19.04184
18.86247
18.58928
18.24455
17.83057
17.35093
16.80556
16.21650
15.58982
14.95712
14.33928
13.74372
13.15657
12.57280
12.05009
11.61325
11.25893
10.97105
10.74079
10.56699
10.45114
10.43972
10.55918
10.78477
11.09294
11.46942
11.91274
12.42329
12.97976
13.57457
14.18250
14.78260
15.39787
16.03096
16.67647
17.26576
17.76576
18.17266
18.49060
18.72853
18.90245
19.01356
19.06229
19.01082
18.83888
18.57216
18.23216
17.82433
17.34715
16.80824
16.22242
15.59841
14.96802
14.35201
13.75644
13.16724
12.58136
12.05817
11.61910
11.26306
10.97427
10.74309
10.56828
10.45248
10.44050
10.55926
10.78428
11.09207
11.46744
11.91050
12.42222
12.97592
13.57052
14.17856
14.77930
15.41645
16.05005
16.69625
17.28733
17.78561
18.19246
18.50824
18.74612
18.91878
19.02875
19.07469
19.02002
18.84647
18.57831
18.23813
17.82813
17.34867
16.80841
16.22118
15.59439
14.96318
14.34620
13.75119
13.16460
12.58062
12.05955
11.62151
11.26538
10.97663
10.74526
10.57066
10.45401
10.44196
10.56049
10.78513
11.09340
11.46779
11.91029
12.42023
12.97612
13.57053
14.17686
14.77760
15.39384
16.02644
16.67127
17.26060
17.76049
18.16748
18.48472
18.72349
18.89778
19.00870
19.05714
19.00543
18.83335
18.56680
18.22778
17.81990
17.34199
16.80538
16.22029
15.59714
14.96681
14.35144
13.75737
13.17115
12.58679
12.06792
11.62974
11.27394
10.98506
10.75333
10.57865
10.46180
10.44960
10.56736
10.79073
11.09680
11.46991
11.91007
12.41748
12.97086
13.56467
14.16830
14.76734
15.38171
16.01377
16.65813
17.24619
17.74543
18.15261
18.46920
18.70833
18.88241
18.99386
19.04275
18.99138
18.81951
18.55254
18.21530
17.80792
17.33096
16.79257
16.20700
15.58342
14.95323
14.33651
13.74482
13.15874
12.57575
11.98433
11.42262
10.87395
10.33823
9.81330
9.81330
9.30610
8.80920
8.32602
7.85605
7.39987
6.96037
6.53756
6.13251
5.74681
5.38119
5.03598
4.71190
4.40999
4.13071
3.87451
3.64133
3.43358
3.24927
3.08938
2.95279
2.83936
2.74865
2.67920
2.62925
2.59817
2.58445
2.58608
2.60085
2.62650
2.66064
2.70099
2.74525
2.79134
2.83737
2.88084
2.91945
2.95459
2.95459
2.98010
2.99448
3.00168
3.00528
3.00708
3.00798
3.00843
3.00865
3.00877
3.00882
3.00885
3.00886
3.00887
3.00887
3.00888
3.00888
3.00888
3.00888
3.00888
3.00888
3.00888
3.00888
3.00888
3.00888
3.00888
3.00888
3.00888
3.00888
3.00888
3.00888
3.00888
3.00888
3.00888
3.00888
3.00888
3.00888
3.00888
3.00888
3.00888
3.00888
3.00888
3.00888
3.00888
3.00888
3.00888
3.00888
3.00888
3.00888
3.00888
3.00888
3.00888
3.00888
3.00888
3.00888
3.00888
3.00888
3.00888
3.00888
3.00888
3.00888
3.00888
3.00888
3.00888
3.00888
3.00888
3.00888
3.00888
3.00888
3.00888
3.00888
3.00888
3.00888
3.00888
3.00888
3.00888
3.00888
3.00888
3.00888
3.00888
3.00888
3.00888
3.00888
3.00888
3.00888
3.00888
3.00888
3.00888
3.00888
3.00888
3.00888
3.00888
3.00888
